ID	Concept_ID	Class	English	French	MSA	Dialect	Example	En_lemma_POS	Fr_lemma_POS	MSA_lemma_POS	CODA	Tokenization	CAPHI	Release Status	Release Note
5	1	OpenClass	number	numéro	رَقْم	JED		number_NOUN	numéro_NOUN	raqom_NOUN , Eadad_NOUN	رقم	r a g a m	READY	
6	1	OpenClass	number	numéro	رَقْم	RIY		number_NOUN	numéro_NOUN	raqom_NOUN , Eadad_NOUN	رقم	r a g a m	READY	
40	1	OpenClass	number	numéro	عَدَد	JED		number_NOUN	numéro_NOUN	raqom_NOUN , Eadad_NOUN	عدد a d a d	READY	
45	1	OpenClass	number	numéro	عَدَد	RIY		number_NOUN	numéro_NOUN	raqom_NOUN , Eadad_NOUN	عدد a d a d	READY	
96	2	OpenClass	hotel	hôtel	فُنْدُق	JED		hotel_NOUN	hôtel_NOUN	funoduq_NOUN	فندق	فندق	f u n d u g	READY	
97	2	OpenClass	hotel	hôtel	فُنْدُق	RIY		hotel_NOUN	hôtel_NOUN	funoduq_NOUN	فندق	فندق	f u n d u g	READY	
140	3	OpenClass	train	train	قِطار	JED		train_NOUN	train_NOUN	qiTAr_NOUN	قطار	قطار	g i t. aa r	READY	
141	3	OpenClass	train	train	قِطار	RIY		train_NOUN	train_NOUN	qiTAr_NOUN	قطار	قطار	g i t. aa r	READY	
188	5	OpenClass	restaurant	restaurant	مَطْعَم	JED		restaurant_NOUN	restaurant_NOUN	maToEam_NOUN	مطعم	مطعم	m a t. 3 a m	READY	
193	5	OpenClass	restaurant	restaurant	مَطْعَم	RIY		restaurant_NOUN	restaurant_NOUN	maToEam_NOUN	مطعم	مطعم	m a t. 3 a m	READY	
223	7	OpenClass	name	nom	ٱِسْم	JED		name_NOUN	nom_NOUN	Lisom_NOUN	اسم	2 i s m	READY	
226	7	OpenClass	name	nom	ٱِسْم	RIY		name_NOUN	nom_NOUN	Lisom_NOUN	اسم	2 i s m	READY	
247	8	OpenClass	water	eau	ماء	JED		water_NOUN	eau_NOUN	mAC_NOUN	موية	موية	m. oo y a	READY	
249	8	OpenClass	water	eau	ماء	RIY		water_NOUN	eau_NOUN	mAC_NOUN	موية	موية	m. oo y a	READY	
323	11	OpenClass	week	semaine	أُسْبُوع	JED		week_NOUN	semaine_NOUN	OusobuwE_NOUN	اسبوع	اسبوع	2 u s b uu 3	READY	
326	11	OpenClass	week	semaine	أُسْبُوع	RIY		week_NOUN	semaine_NOUN	OusobuwE_NOUN	اسبوع	اسبوع	2 u s b uu 3	READY	
363	12	OpenClass	insurance	assurance	تَأْمِين	JED		insurance_NOUN	assurance_NOUN	taOomiyn_NOUN	تأمين	تأمين	t a 2 m ii n	READY	
368	12	OpenClass	insurance	assurance	تَأْمِين	RIY		insurance_NOUN	assurance_NOUN	taOomiyn_NOUN	تأمين	تأمين	t a 2 m ii n	READY	
389	12	OpenClass	insurance	assurance	ضمان	JED		insurance_NOUN	assurance_NOUN	taOomiyn_NOUN	ضمان	ضمان	d. a m aa n	READY	
393	12	OpenClass	insurance	assurance	ضمان	RIY		insurance_NOUN	assurance_NOUN	taOomiyn_NOUN	ضمان	ضمان	d. a m aa n	READY	
425	13	OpenClass	month	mois	شَهْر	JED		month_NOUN	mois_NOUN	cahor_NOUN	شهر	شهر	sh a h r	READY	
428	13	OpenClass	month	mois	شَهْر	RIY		month_NOUN	mois_NOUN	cahor_NOUN	شهر	شهر	sh a h r	READY	
446	14	OpenClass	red	rouge	أَحْمَر	JED		red_ADJ	rouge_ADJ	OaHomar_ADJ	احمر	احمر	2 a 7 m a r	READY	
451	14	OpenClass	red	rouge	أَحْمَر	RIY		red_ADJ	rouge_ADJ	OaHomar_ADJ	احمر	احمر	2 a 7 m a r	READY		
548	16	OpenClass	possible	possible	مُمْكِن	JED		possible_ADJ	possible_ADJ	mumokin_ADJ	ممكن	ممكن	m u m k i n	READY	
553	16	OpenClass	possible	possible	مُمْكِن	RIY		possible_ADJ	possible_ADJ	mumokin_ADJ	ممكن	ممكن	m u m k i n	READY	
574	16	OpenClass	possible	possible	مُمْكِن	JED		possible_ADJ	possible_ADJ	mumokin_ADJ	يمكن	يمكن	y i m k i n	READY	
576	16	OpenClass	possible	possible	مُمْكِن	RIY		possible_ADJ	possible_ADJ	mumokin_ADJ	يمكن	يمكن	y i m k i n	READY	
593	19	OpenClass	museum	musée	مَتْحَف	JED		museum_NOUN	musée_NOUN	matoHaf_NOUN	متحف	متحف	m a t 7 a f	READY	
597	19	OpenClass	museum	musée	مَتْحَف	RIY		museum_NOUN	musée_NOUN	matoHaf_NOUN	متحف	متحف	m a t 7 a f	READY	
623	20	OpenClass	door	porte	باب	JED		door_NOUN	porte_NOUN	bAb_NOUN	باب	باب	b aa b	READY	
629	20	OpenClass	door	porte	باب	RIY		door_NOUN	porte_NOUN	bAb_NOUN	باب	باب	b aa b	READY	
669	21	OpenClass	tea	thé	شاي	JED		tea_NOUN	thé_NOUN	cAy_NOUN	شاي	شاي	sh aa y	CHECK	Foreign
674	21	OpenClass	tea	thé	شاي	RIY		tea_NOUN	thé_NOUN	cAy_NOUN	شاي	شاي	sh aa y	CHECK	Foreign
686	22	OpenClass	white	blanc	أَبْيَض	JED		white_ADJ	blanc_ADJ	OaboyaD_ADJ	ابيض	ابيض	2 a b y a d.	READY	
698	22	OpenClass	white	blanc	أَبْيَض	RIY		white_ADJ	blanc_ADJ	OaboyaD_ADJ	ابيض	ابيض	2 a b y a dh.	READY	
744	23	OpenClass	stamp	timbre	طابِع	JED		stamp_NOUN	timbre_NOUN	TAbiE_NOUN	طابع	طابع	t. aa b i 3	READY	
747	23	OpenClass	stamp	timbre	طابِع	RIY		stamp_NOUN	timbre_NOUN	TAbiE_NOUN	طابع	طابع	t. aa b i 3	READY	
782	24	OpenClass	hospital	hôpital	مُسْتَشْفَى	JED		hospital_NOUN	hôpital_NOUN	musotacofaY_NOUN	مستشفى	مستشفى	m u s t a sh f a	READY	
785	24	OpenClass	hospital	hôpital	مُسْتَشْفَى	RIY		hospital_NOUN	hôpital_NOUN	musotacofaY_NOUN	مستشفى	مستشفى	m u s t a sh f a	READY	
804	26	OpenClass	watch	montre	ساعَة	JED		watch_NOUN	montre_NOUN	sAEap_NOUN	ساعة	ساعة	s aa 3 a	READY	
810	26	OpenClass	watch	montre	ساعَة	RIY		watch_NOUN	montre_NOUN	sAEap_NOUN	ساعة	ساعة	s aa 3 a	READY	
818	26	OpenClass	watch	montre	ساعَة	JED		watch_NOUN	montre_NOUN	sAEap_NOUN	ساعة ايد	ساعة ايد	s aa 3 a t # 2 ii d	READY	
819	26	OpenClass	watch	montre	ساعَة	RIY		watch_NOUN	montre_NOUN	sAEap_NOUN	ساعة ايد	ساعة ايد	s aa 3 a t # 2 ii d	READY	
820	26	OpenClass	watch	montre	ساعَة	JED		watch_NOUN	montre_NOUN	sAEap_NOUN	ساعة يد	ساعة يد	s aa 3 a t # y a d d	READY	
821	26	OpenClass	watch	montre	ساعَة	RIY		watch_NOUN	montre_NOUN	sAEap_NOUN	ساعة يد	ساعة يد	s aa 3 a t # y a d d	READY	
847	28	OpenClass	pain , hurt	douleur , mal	أَلَم	JED		pain_NOUN , hurt_NOUN	douleur_NOUN , mal_NOUN	Oalam_NOUN	الم	الم	2 a l a m	READY	
848	28	OpenClass	pain , hurt	douleur , mal	أَلَم	JED		pain_NOUN , hurt_NOUN	douleur_NOUN , mal_NOUN	Oalam_NOUN	الم	الم	2 a l a m	READY	
857	28	OpenClass	pain , hurt	douleur , mal	أَلَم	RIY		pain_NOUN , hurt_NOUN	douleur_NOUN , mal_NOUN	Oalam_NOUN	الم	الم	2 a l a m	READY	
858	28	OpenClass	pain , hurt	douleur , mal	أَلَم	RIY		pain_NOUN , hurt_NOUN	douleur_NOUN , mal_NOUN	Oalam_NOUN	الم	الم	2 a l a m	READY	
906	28	OpenClass	pain , hurt	douleur , mal	أَلَم	JED		pain_NOUN , hurt_NOUN	douleur_NOUN , mal_NOUN	Oalam_NOUN	وجع	وجع	w a j a 3	READY	
907	28	OpenClass	pain , hurt	douleur , mal	أَلَم	JED		pain_NOUN , hurt_NOUN	douleur_NOUN , mal_NOUN	Oalam_NOUN	وجع	وجع	w a j a 3	READY	
913	28	OpenClass	pain , hurt	douleur , mal	أَلَم	RIY		pain_NOUN , hurt_NOUN	douleur_NOUN , mal_NOUN	Oalam_NOUN	وجع	وجع	w a j a 3	READY	
914	28	OpenClass	pain , hurt	douleur , mal	أَلَم	RIY		pain_NOUN , hurt_NOUN	douleur_NOUN , mal_NOUN	Oalam_NOUN	وجع	وجع	w a j a 3	READY	
942	29	OpenClass	special	spécial	خاصّ	JED		special_ADJ	spécial_ADJ	xASX_ADJ	خاص	خاص	kh aa s. s.	READY	
945	29	OpenClass	special	spécial	خاصّ	RIY		special_ADJ	spécial_ADJ	xASX_ADJ	خاص	خاص	kh aa s. s.	READY	
966	29	OpenClass	special	spécial	خاصّ	JED		special_ADJ	spécial_ADJ	xASX_ADJ	متميز	متميز	m u t a m a y y i z	READY	
967	29	OpenClass	special	spécial	خاصّ	RIY		special_ADJ	spécial_ADJ	xASX_ADJ	متميز	متميز	m u t a m a y y i z	READY	
983	29	OpenClass	special	spécial	خاصّ	JED		special_ADJ	spécial_ADJ	xASX_ADJ	مميز	مميز	m u m a y y a z	READY	
985	29	OpenClass	special	spécial	خاصّ	RIY		special_ADJ	spécial_ADJ	xASX_ADJ	مميز	مميز	m u m a y y a z	READY	
994	31	OpenClass	personal	personnel	شَخْصِيّ	JED		personal_ADJ	personnel_ADJ	caxoSiyX_ADJ	خاص	خاص	kh aa s. s.	READY	
996	31	OpenClass	personal	personnel	شَخْصِيّ	RIY		personal_ADJ	personnel_ADJ	caxoSiyX_ADJ	خاص	خاص	kh aa s. s.	READY	
1005	31	OpenClass	personal	personnel	شَخْصِيّ	JED		personal_ADJ	personnel_ADJ	caxoSiyX_ADJ	خصوصي	خصوصي	kh u s. uu s. i	READY	
1006	31	OpenClass	personal	personnel	شَخْصِيّ	RIY		personal_ADJ	personnel_ADJ	caxoSiyX_ADJ	خصوصي	خصوصي	kh u s. uu s. i	READY	
1009	31	OpenClass	personal	personnel	شَخْصِيّ	JED		personal_ADJ	personnel_ADJ	caxoSiyX_ADJ	ذاتي	ذات +ي	dh aa t i	READY	
1010	31	OpenClass	personal	personnel	شَخْصِيّ	RIY		personal_ADJ	personnel_ADJ	caxoSiyX_ADJ	ذاتي	ذات +ي	dh aa t i	READY	
1014	31	OpenClass	personal	personnel	شَخْصِيّ	JED		personal_ADJ	personnel_ADJ	caxoSiyX_ADJ	ذاتي	ذات +ي	z aa t i	READY	
1028	31	OpenClass	personal	personnel	شَخْصِيّ	JED		personal_ADJ	personnel_ADJ	caxoSiyX_ADJ	شخصي	شخصي	sh a kh s. i	READY	
1033	31	OpenClass	personal	personnel	شَخْصِيّ	RIY		personal_ADJ	personnel_ADJ	caxoSiyX_ADJ	شخصي	شخصي	sh a kh s. i	READY	
1063	32	OpenClass	stay	séjour	إِقامَة	JED		stay_NOUN	séjour_NOUN	IiqAmap_NOUN	جلسة	جلسة	j a l s a	READY	
1064	32	OpenClass	stay	séjour	إِقامَة	RIY		stay_NOUN	séjour_NOUN	IiqAmap_NOUN	جلسة	جلسة	j a l s a	READY	
1078	32	OpenClass	stay	séjour	إِقامَة	JED		stay_NOUN	séjour_NOUN	IiqAmap_NOUN	قعدة	قعدة	g a 3 d a	READY	
1079	32	OpenClass	stay	séjour	إِقامَة	RIY		stay_NOUN	séjour_NOUN	IiqAmap_NOUN	قعدة	قعدة	g a 3 d a	READY	
1088	32	OpenClass	stay	séjour	إِقامَة	JED		stay_NOUN	séjour_NOUN	IiqAmap_NOUN	نزلة	نزلة	n a z l a	READY	
1089	32	OpenClass	stay	séjour	إِقامَة	RIY		stay_NOUN	séjour_NOUN	IiqAmap_NOUN	نزلة	نزلة	n a z l a	READY	
1106	33	OpenClass	fruit	fruit	فاكِهَة	JED		fruit_NOUN	fruit_NOUN	fAkihap_NOUN	فاكهة	فاكهة	f aa k h a	READY	
1108	33	OpenClass	fruit	fruit	فاكِهَة	RIY		fruit_NOUN	fruit_NOUN	fAkihap_NOUN	فاكهة	فاكهة	f aa k h a	READY	
1152	34	OpenClass	message	message	رِسالَة	JED		message_NOUN	message_NOUN	risAlap_NOUN	خطاب	خطاب	kh i t. aa b	READY	
1153	34	OpenClass	message	message	رِسالَة	RIY		message_NOUN	message_NOUN	risAlap_NOUN	خطاب	خطاب	kh i t. aa b	READY	
1161	34	OpenClass	message	message	رِسالَة	JED		message_NOUN	message_NOUN	risAlap_NOUN	رسالة	رسالة	r i s aa l a	READY	
1166	34	OpenClass	message	message	رِسالَة	RIY		message_NOUN	message_NOUN	risAlap_NOUN	رسالة	رسالة	r i s aa l a	READY	
1205	35	OpenClass	american	américain	أَمْرِيكِيّ	JED		american_ADJ	américain_ADJ	OamoriykiyX_ADJ	امريكي	امريكي	2 a m r ii k i	CHECK	Foreign
1208	35	OpenClass	american	américain	أَمْرِيكِيّ	RIY		american_ADJ	américain_ADJ	OamoriykiyX_ADJ	امريكي	امريكي	2 a m r ii k i	CHECK	Foreign
1247	36	OpenClass	leather	cuir	جِلْد	JED		leather_NOUN	cuir_NOUN	jilod_NOUN	جلد	جلد	j i l d	READY	
1251	36	OpenClass	leather	cuir	جِلْد	RIY		leather_NOUN	cuir_NOUN	jilod_NOUN	جلد	جلد	j i l d	READY	
1276	37	OpenClass	cold	froid	بارِد	JED		cold_ADJ	froid_ADJ	bArid_ADJ	بارد	بارد	b aa r i d	READY	
1281	37	OpenClass	cold	froid	بارِد	RIY		cold_ADJ	froid_ADJ	bArid_ADJ	بارد	بارد	b aa r i d	READY	
1289	37	OpenClass	cold	froid	بارِد	JED		cold_ADJ	froid_ADJ	bArid_ADJ	برد	برد	b a r d	READY	
1291	37	OpenClass	cold	froid	بارِد	RIY		cold_ADJ	froid_ADJ	bArid_ADJ	برد	برد	b a r d	READY	
1294	37	OpenClass	cold	froid	بارِد	JED		cold_ADJ	froid_ADJ	bArid_ADJ	ثلج	ثلج	t a l j	READY	
1320	38	OpenClass	music	musique	مُوسِيقَى	JED		music_NOUN	musique_NOUN	muwsiyqaY_NOUN	طرب	طرب	t. a r a b	READY	
1321	38	OpenClass	music	musique	مُوسِيقَى	RIY		music_NOUN	musique_NOUN	muwsiyqaY_NOUN	طرب	طرب	t. a r a b	READY	
1335	38	OpenClass	music	musique	مُوسِيقَى	JED		music_NOUN	musique_NOUN	muwsiyqaY_NOUN	موسيقى	موسيقى	m u s ii g a	READY	
1336	38	OpenClass	music	musique	مُوسِيقَى	RIY		music_NOUN	musique_NOUN	muwsiyqaY_NOUN	موسيقى	موسيقى	m u s ii g a	READY	
1347	38	OpenClass	music	musique	مُوسِيقَى	JED		music_NOUN	musique_NOUN	muwsiyqaY_NOUN	موسيقى	موسيقى	m uu s ii g a	READY	
1361	39	OpenClass	blanket	couverture	بَطّانِيَّة	JED		blanket_NOUN	couverture_NOUN	baTXAniyXap_NOUN	بطانية	بطانية	b a t. t. a n i y y a	READY	
1402	39	OpenClass	blanket	couverture	بَطّانِيَّة	RIY		blanket_NOUN	couverture_NOUN	baTXAniyXap_NOUN	غطا	غطا	gh a t. a	READY	
1410	39	OpenClass	blanket	couverture	بَطّانِيَّة	RIY		blanket_NOUN	couverture_NOUN	baTXAniyXap_NOUN	فراش	فراش	f i r aa sh	READY	
1427	39	OpenClass	blanket	couverture	بَطّانِيَّة	JED		blanket_NOUN	couverture_NOUN	baTXAniyXap_NOUN	لحاف	لحاف	l i 7 aa f	READY	
1429	39	OpenClass	blanket	couverture	بَطّانِيَّة	RIY		blanket_NOUN	couverture_NOUN	baTXAniyXap_NOUN	لحاف	لحاف	l i 7 aa f	READY	
1436	40	OpenClass	beach	plage	شاطِئ	JED		beach_NOUN	plage_NOUN	cATiQ_NOUN	بحر	بحر	b a 7 a r	READY	
1439	40	OpenClass	beach	plage	شاطِئ	RIY		beach_NOUN	plage_NOUN	cATiQ_NOUN	بحر	بحر	b a 7 a r	READY	
1456	40	OpenClass	beach	plage	شاطِئ	JED		beach_NOUN	plage_NOUN	cATiQ_NOUN	شاطئ	شاطئ	sh aa t. i 2	READY	
1459	40	OpenClass	beach	plage	شاطِئ	RIY		beach_NOUN	plage_NOUN	cATiQ_NOUN	شاطئ	شاطئ	sh aa t. i 2	READY	
1476	40	OpenClass	beach	plage	شاطِئ	JED		beach_NOUN	plage_NOUN	cATiQ_NOUN	كورنيش	كورنيش	k u r n ii sh	CHECK	Foreign
1505	41	OpenClass	driver	chauffeur	سائِق	JED		driver_NOUN	chauffeur_NOUN	sAQiq_NOUN	سواق	سواق	s a w w aa g	READY	
1507	41	OpenClass	driver	chauffeur	سائِق	RIY		driver_NOUN	chauffeur_NOUN	sAQiq_NOUN	سواق	سواق	s a w w aa g	READY	
1551	42	OpenClass	juice	jus	عَصِير	JED		juice_NOUN	jus_NOUN	EaSiyr_NOUN	عصير	عصير	3 a s. ii r	READY	
1556	42	OpenClass	juice	jus	عَصِير	RIY		juice_NOUN	jus_NOUN	EaSiyr_NOUN	عصير	عصير	3 a s. ii r	READY	
1565	44	OpenClass	market	marché	سُوق	JED		market_NOUN	marché_NOUN	suwq_NOUN	سوبر ماركت	سوبر ماركت	s uu b a r # m aa r k i t	CHECK	Foreign
1580	44	OpenClass	market	marché	سُوق	JED		market_NOUN	marché_NOUN	suwq_NOUN	سوق	سوق	s uu g	READY	
1583	44	OpenClass	market	marché	سُوق	RIY		market_NOUN	marché_NOUN	suwq_NOUN	سوق	سوق	s uu g	READY	
1599	44	OpenClass	market	marché	سُوق	JED		market_NOUN	marché_NOUN	suwq_NOUN	مول	مول	m oo l	CHECK	Foreign
1600	44	OpenClass	market	marché	سُوق	RIY		market_NOUN	marché_NOUN	suwq_NOUN	مول	مول	m oo l	CHECK	Foreign
1615	45	OpenClass	tennis	tennis	تِنِس	JED		tennis_NOUN	tennis_NOUN	tinis_NOUN	تنس	تنس	t i n i s	CHECK	Foreign
1619	45	OpenClass	tennis	tennis	تِنِس	RIY		tennis_NOUN	tennis_NOUN	tinis_NOUN	تنس	تنس	t i n i s	CHECK	Foreign
1640	46	OpenClass	meeting	réunion	ٱِجْتِماع	JED		meeting_NOUN	réunion_NOUN	LijotimAE_NOUN	اجتماع	اجتماع	2 i j t i m aa 3	READY	
1645	46	OpenClass	meeting	réunion	ٱِجْتِماع	RIY		meeting_NOUN	réunion_NOUN	LijotimAE_NOUN	اجتماع	اجتماع	2 i j t i m aa 3	READY	
1659	46	OpenClass	meeting	réunion	ٱِجْتِماع	JED		meeting_NOUN	réunion_NOUN	LijotimAE_NOUN	جلسة	جلسة	j a l s a	READY	
1660	46	OpenClass	meeting	réunion	ٱِجْتِماع	RIY		meeting_NOUN	réunion_NOUN	LijotimAE_NOUN	جلسة	جلسة	j a l s a	READY	
1671	46	OpenClass	meeting	réunion	ٱِجْتِماع	JED		meeting_NOUN	réunion_NOUN	LijotimAE_NOUN	جمعة	جمعة	j a m 3 a	READY	
1728	47	OpenClass	cheese	fromage	جُبْن	JED		cheese_NOUN	fromage_NOUN	jubon_NOUN	جبنة	جبنة	j u b n a	READY	
1729	47	OpenClass	cheese	fromage	جُبْن	RIY		cheese_NOUN	fromage_NOUN	jubon_NOUN	جبنة	جبنة	j u b n a	READY	
1747	48	OpenClass	green	vert	أَخْضَر	JED		green_ADJ	vert_ADJ	OaxoDar_ADJ	اخضر	اخضر	2 a kh d. a r	READY	
1754	48	OpenClass	green	vert	أَخْضَر	RIY		green_ADJ	vert_ADJ	OaxoDar_ADJ	اخضر	اخضر	2 a kh dh. a r	READY	
1781	49	OpenClass	french	français	فَرَنْسِيّ	JED		french_ADJ	français_ADJ	faranosiyX_ADJ	فرنساوي	فرنساوي	f a r a n s aa w i	CHECK	Foreign
1796	49	OpenClass	french	français	فَرَنْسِيّ	JED		french_ADJ	français_ADJ	faranosiyX_ADJ	فرنسي	فرنسي	f a r a n s i	CHECK	Foreign
1801	49	OpenClass	french	français	فَرَنْسِيّ	RIY		french_ADJ	français_ADJ	faranosiyX_ADJ	فرنسي	فرنسي	f a r a n s i	CHECK	Foreign
1835	50	MixedClass	ham	jambon	لَحْم ال+ خِنْزِير	JED		ham_NOUN	jambon_NOUN	laHom_NOUN Al+_DET xinoziyr_NOUN	لحم خنزير	لحم خنزير	l a 7 m # kh i n z ii r	READY	
1836	50	MixedClass	ham	jambon	لَحْم ال+ خِنْزِير	RIY		ham_NOUN	jambon_NOUN	laHom_NOUN Al+_DET xinoziyr_NOUN	لحم خنزير	لحم خنزير	l a 7 m # kh i n z ii r	READY	
1853	55	OpenClass	rice	riz	رُزّ	JED		rice_NOUN	riz_NOUN	ruzX_NOUN	رز	رز	r u z z	READY	
1856	55	OpenClass	rice	riz	رُزّ	RIY		rice_NOUN	riz_NOUN	ruzX_NOUN	رز	رز	r u z z	READY	
1881	57	OpenClass	opera	opéra	أُوبِرا	JED		opera_NOUN	opéra_NOUN	OuwbirA_NOUN	اوبرا	اوبرا	2 oo b r a	CHECK	Foreign
1883	57	OpenClass	opera	opéra	أُوبِرا	RIY		opera_NOUN	opéra_NOUN	OuwbirA_NOUN	اوبرا	اوبرا	2 oo b r a	CHECK	Foreign
1899	58	OpenClass	account	compte	حِساب	JED		account_NOUN	compte_NOUN	HisAb_NOUN	حساب	حساب	7 i s aa b	READY	
1903	58	OpenClass	account	compte	حِساب	RIY		account_NOUN	compte_NOUN	HisAb_NOUN	حساب	حساب	7 i s aa b	READY	
1944	59	OpenClass	direction	direction	ٱِتِّجاه	JED		direction_NOUN	direction_NOUN	LitXijAh_NOUN	اتجاه	اتجاه	2 i t t i j aa h	READY	
1947	59	OpenClass	direction	direction	ٱِتِّجاه	RIY		direction_NOUN	direction_NOUN	LitXijAh_NOUN	اتجاه	اتجاه	2 i t t i j aa h	READY	
1970	59	OpenClass	direction	direction	ٱِتِّجاه	JED		direction_NOUN	direction_NOUN	LitXijAh_NOUN	جهة	جهة	j i h a	READY	
1973	59	OpenClass	direction	direction	ٱِتِّجاه	RIY		direction_NOUN	direction_NOUN	LitXijAh_NOUN	جهة	جهة	j i h a	READY	
2008	59	OpenClass	direction	direction	ٱِتِّجاه	JED		direction_NOUN	direction_NOUN	LitXijAh_NOUN	وجهة	وجهة	w i j h a	READY	
2009	59	OpenClass	direction	direction	ٱِتِّجاه	RIY		direction_NOUN	direction_NOUN	LitXijAh_NOUN	وجهة	وجهة	w i j h a	READY	
2035	60	OpenClass	delicious	délicieux	لَذِيذ	RIY		delicious_ADJ	délicieux_ADJ	laViyV_ADJ	زين	زين	z ee n	READY	
2044	60	OpenClass	delicious	délicieux	لَذِيذ	JED		delicious_ADJ	délicieux_ADJ	laViyV_ADJ	طعم	طعم	t. i 3 m	READY	
2045	60	OpenClass	delicious	délicieux	لَذِيذ	RIY		delicious_ADJ	délicieux_ADJ	laViyV_ADJ	طعم	طعم	t. i 3 m	READY	
2053	60	OpenClass	delicious	délicieux	لَذِيذ	JED		delicious_ADJ	délicieux_ADJ	laViyV_ADJ	طيب	طيب	t. a y y i b	READY	
2057	60	OpenClass	delicious	délicieux	لَذِيذ	RIY		delicious_ADJ	délicieux_ADJ	laViyV_ADJ	طيب	طيب	t. a y y i b	READY	
2064	60	OpenClass	delicious	délicieux	لَذِيذ	RIY		delicious_ADJ	délicieux_ADJ	laViyV_ADJ	لذيذ	لذيذ	l a dh ii dh	READY	
2067	60	OpenClass	delicious	délicieux	لَذِيذ	JED		delicious_ADJ	délicieux_ADJ	laViyV_ADJ	لذيذ	لذيذ	l a z ii z	READY	
2092	62	OpenClass	main	principal	رَئِيسِيّ	JED		main_ADJ	principal_ADJ	raQiysiyX_ADJ	اساسي	اساسي	2 s aa s i	READY	
2093	62	OpenClass	main	principal	رَئِيسِيّ	RIY		main_ADJ	principal_ADJ	raQiysiyX_ADJ	اساسي	اساسي	2 s aa s i	READY	
2108	62	OpenClass	main	principal	رَئِيسِيّ	JED		main_ADJ	principal_ADJ	raQiysiyX_ADJ	رئيسي	رئيسي	r a 2 ii s i	READY	
2114	62	OpenClass	main	principal	رَئِيسِيّ	RIY		main_ADJ	principal_ADJ	raQiysiyX_ADJ	رئيسي	رئيسي	r a 2 ii s i	READY	
2146	63	OpenClass	magazine	magazine	مَجَلَّة	JED		magazine_NOUN	magazine_NOUN	majalXap_NOUN	مجلة	مجلة	m a j a l l a	READY	
2149	63	OpenClass	magazine	magazine	مَجَلَّة	RIY		magazine_NOUN	magazine_NOUN	majalXap_NOUN	مجلة	مجلة	m a j a l l a	READY	
2166	64	OpenClass	inch	pouce	بُوصَة	JED		inch_NOUN	pouce_NOUN	buwSap_NOUN	انش	انش	2 i n t sh	CHECK	Foreign
2167	64	OpenClass	inch	pouce	بُوصَة	RIY		inch_NOUN	pouce_NOUN	buwSap_NOUN	انش	انش	2 i n t sh	CHECK	Foreign
2173	64	OpenClass	inch	pouce	بُوصَة	JED		inch_NOUN	pouce_NOUN	buwSap_NOUN	انش	انش	2 i n sh	CHECK	Foreign
2176	64	OpenClass	inch	pouce	بُوصَة	RIY		inch_NOUN	pouce_NOUN	buwSap_NOUN	انش	انش	2 i n sh	CHECK	Foreign
2193	64	OpenClass	inch	pouce	بُوصَة	JED		inch_NOUN	pouce_NOUN	buwSap_NOUN	بوصة	بوصة	b uu s. a	CHECK	Foreign
2197	64	OpenClass	inch	pouce	بُوصَة	RIY		inch_NOUN	pouce_NOUN	buwSap_NOUN	بوصة	بوصة	b uu s. a	CHECK	Foreign
2206	65	OpenClass	tip	pourboire	بَقْشِيش	RIY		tip_NOUN	pourboire_NOUN	baqociyc_NOUN	اكرامية	اكرامية	2 i k r aa m i y y a	READY	
2220	65	OpenClass	tip	pourboire	بَقْشِيش	JED		tip_NOUN	pourboire_NOUN	baqociyc_NOUN	بخشيش	بخشيش	b a kh sh ii sh	CHECK	Foreign
2223	65	OpenClass	tip	pourboire	بَقْشِيش	RIY		tip_NOUN	pourboire_NOUN	baqociyc_NOUN	بخشيش	بخشيش	b a kh sh ii sh	CHECK	Foreign
2261	66	OpenClass	pair	paire	زَوْج	JED		pair_NOUN	paire_NOUN	zawoj_NOUN	اثنيناتهم	اثنينات +هم	2 i t n ee n aa t a h u m	READY	
2264	66	OpenClass	pair	paire	زَوْج	JED		pair_NOUN	paire_NOUN	zawoj_NOUN	الاثنين	ال+ اثنين	2 a l i t n ee n	READY	
2265	66	OpenClass	pair	paire	زَوْج	RIY		pair_NOUN	paire_NOUN	zawoj_NOUN	الاثنين	ال+ اثنين	2 a l i th n ee n	READY	
2284	66	OpenClass	pair	paire	زَوْج	JED		pair_NOUN	paire_NOUN	zawoj_NOUN	زوج	زوج	z a w j	READY	
2286	66	OpenClass	pair	paire	زَوْج	RIY		pair_NOUN	paire_NOUN	zawoj_NOUN	زوج	زوج	z a w j	READY	
2309	67	OpenClass	fork	fourchette	شَوْكَة	JED		fork_NOUN	fourchette_NOUN	cawokap_NOUN	شوكة	شوكة	sh oo k a	READY	
2312	67	OpenClass	fork	fourchette	شَوْكَة	RIY		fork_NOUN	fourchette_NOUN	cawokap_NOUN	شوكة	شوكة	sh oo k a	READY	
2358	68	MixedClass	weekend	week-end	نِهايَة ال+ أُسْبُوع	JED		weekend_NOUN	week-end_NOUN	nihAyap_NOUN Al+_DET OusobuwE_NOUN	نهاية الاسبوع	نهاية ال+ اسبوع	n i h aa y a t # a l 2 u s b uu 3	READY	
2359	68	MixedClass	weekend	week-end	نِهايَة ال+ أُسْبُوع	RIY		weekend_NOUN	week-end_NOUN	nihAyap_NOUN Al+_DET OusobuwE_NOUN	نهاية الاسبوع	نهاية ال+ اسبوع	n i h aa y a t # a l 2 u s b uu 3	READY	
2370	68	MixedClass	weekend	week-end	نِهايَة ال+ أُسْبُوع	JED		weekend_NOUN	week-end_NOUN	nihAyap_NOUN Al+_DET OusobuwE_NOUN	ويكيند	ويكيند	w ii k i n d	CHECK	Foreign
2371	68	MixedClass	weekend	week-end	نِهايَة ال+ أُسْبُوع	RIY		weekend_NOUN	week-end_NOUN	nihAyap_NOUN Al+_DET OusobuwE_NOUN	ويكيند	ويكيند	w ii k i n d	CHECK	Foreign
2398	69	OpenClass	art	art	فَنّ	JED		art_NOUN	art_NOUN	fanX_NOUN	فن	فن	f a n n	READY	
2404	69	OpenClass	art	art	فَنّ	RIY		art_NOUN	art_NOUN	fanX_NOUN	فن	فن	f a n n	READY	
2447	70	OpenClass	perfume	parfum	عِطْر	JED		perfume_NOUN	parfum_NOUN	EiTor_NOUN	عطر	عطر	3 i t. r	READY	
2448	70	OpenClass	perfume	parfum	عِطْر	RIY		perfume_NOUN	parfum_NOUN	EiTor_NOUN	عطر	عطر	3 i t. r	READY	
2458	70	OpenClass	perfume	parfum	عِطْر	JED		perfume_NOUN	parfum_NOUN	EiTor_NOUN	كولونية	كولونية	k u l oo n y a	CHECK	Foreign
2459	70	OpenClass	perfume	parfum	عِطْر	RIY		perfume_NOUN	parfum_NOUN	EiTor_NOUN	كولونية	كولونية	k u l oo n y a	CHECK	Foreign
2477	71	OpenClass	pepper	poivre	فِلْفِل	JED		pepper_NOUN	poivre_NOUN	filofil_NOUN	فلفل	فلفل	f i l f i l	READY	
2482	71	OpenClass	pepper	poivre	فِلْفِل	RIY		pepper_NOUN	poivre_NOUN	filofil_NOUN	فلفل	فلفل	f i l f i l	READY	
2490	71	OpenClass	pepper	poivre	فِلْفِل	JED		pepper_NOUN	poivre_NOUN	filofil_NOUN	فلفل اسود	فلفل اسود	f i l f i l # 2 a s w a d	READY	
2491	71	OpenClass	pepper	poivre	فِلْفِل	RIY		pepper_NOUN	poivre_NOUN	filofil_NOUN	فلفل اسود	فلفل اسود	f i l f i l # 2 a s w a d	READY	
2507	72	OpenClass	prefer	préférer	فَضَّل	JED		prefer_VERB	préférer_VERB	faDXal_VERB	عجبه اكثر	عجب +ه اكثر	3 a j a b u # 2 a k t a r	READY	
2517	72	OpenClass	prefer	préférer	فَضَّل	JED		prefer_VERB	préférer_VERB	faDXal_VERB	فضل	فضل	f a d. d. a l	READY	
2520	72	OpenClass	prefer	préférer	فَضَّل	RIY		prefer_VERB	préférer_VERB	faDXal_VERB	فضل	فضل	f a d. d. a l	READY	
2547	73	OpenClass	centimeter	centimètre	سَنْتِمِتر	JED		centimeter_NOUN	centimètre_NOUN	sanotimitr_NOUN	سنتمتر	سنتمتر	s a n t i m i t i r	CHECK	Foreign
2549	73	OpenClass	centimeter	centimètre	سَنْتِمِتر	RIY		centimeter_NOUN	centimètre_NOUN	sanotimitr_NOUN	سنتمتر	سنتمتر	s a n t i m i t i r	CHECK	Foreign
2564	73	OpenClass	centimeter	centimètre	سَنْتِمِتر	JED		centimeter_NOUN	centimètre_NOUN	sanotimitr_NOUN	سنتي	سنتي	s a n t i	CHECK	Foreign
2565	73	OpenClass	centimeter	centimètre	سَنْتِمِتر	RIY		centimeter_NOUN	centimètre_NOUN	sanotimitr_NOUN	سنتي	سنتي	s a n t i	CHECK	Foreign
2593	74	OpenClass	ocean	océan	مُحِيط	JED		ocean_NOUN	océan_NOUN	muHiyT_NOUN	محيط	محيط	m u 7 ii t.	READY	
2599	74	OpenClass	ocean	océan	مُحِيط	RIY		ocean_NOUN	océan_NOUN	muHiyT_NOUN	محيط	محيط	m u 7 ii t.	READY	
2619	75	OpenClass	ambulance	ambulance	إِسْعاف	JED		ambulance_NOUN	ambulance_NOUN	IisoEAf_NOUN	اسعاف	اسعاف	2 i s 3 aa f	READY	
2625	75	OpenClass	ambulance	ambulance	إِسْعاف	RIY		ambulance_NOUN	ambulance_NOUN	IisoEAf_NOUN	اسعاف	اسعاف	2 i s 3 aa f	READY	
2655	76	OpenClass	pen	stylo	قَلَم	JED		pen_NOUN	stylo_NOUN	qalam_NOUN	قلم	قلم	g a l a m	READY	
2656	76	OpenClass	pen	stylo	قَلَم	RIY		pen_NOUN	stylo_NOUN	qalam_NOUN	قلم	قلم	g a l a m	READY	
2678	78	OpenClass	wake	réveiller	أَيْقَظ	JED		wake_VERB	réveiller_VERB	OayoqaZ_VERB	صحى	صحى	s. a 7 7 a	READY	
2682	78	OpenClass	wake	réveiller	أَيْقَظ	RIY		wake_VERB	réveiller_VERB	OayoqaZ_VERB	صحى	صحى	s. a 7 7 a	READY	
2733	79	OpenClass	express	express	سَرِيع	JED		express_ADJ	express_ADJ	sariyE_ADJ	سريع	سريع	s a r ii 3	READY	
2738	79	OpenClass	express	express	سَرِيع	RIY		express_ADJ	express_ADJ	sariyE_ADJ	سريع	سريع	s a r ii 3	READY	
2763	80	OpenClass	souvenir	souvenir	تَذْكار	RIY		souvenir_NOUN	souvenir_NOUN	taVokAr_NOUN	تذكار	تذكار	t i dh k aa r	READY	
2772	80	OpenClass	souvenir	souvenir	تَذْكار	JED		souvenir_NOUN	souvenir_NOUN	taVokAr_NOUN	تذكار	تذكار	t i z k aa r	READY	
2794	82	OpenClass	fax	fax	فاكِس	JED		fax_NOUN	fax_NOUN	fAkis_NOUN	فاكس	فاكس	f a k s	CHECK	Foreign
2795	82	OpenClass	fax	fax	فاكِس	RIY		fax_NOUN	fax_NOUN	fAkis_NOUN	فاكس	فاكس	f a k s	CHECK	Foreign
2838	83	OpenClass	apple	pomme	تُفّاح	JED		apple_NOUN	pomme_NOUN	tufXAH_NOUN	تفاح	تفاح	t u f f aa 7	READY	
2843	83	OpenClass	apple	pomme	تُفّاح	RIY		apple_NOUN	pomme_NOUN	tufXAH_NOUN	تفاح	تفاح	t u f f aa 7	READY	
2859	84	OpenClass	necessary	nécessaire	ضَرُورِيّ	JED		necessary_ADJ	nécessaire_ADJ	DaruwriyX_ADJ	ضروري	ضروري	d. a r uu r i	READY	
2869	84	OpenClass	necessary	nécessaire	ضَرُورِيّ	RIY		necessary_ADJ	nécessaire_ADJ	DaruwriyX_ADJ	ضروري	ضروري	dh. a r uu r i	READY	
2880	84	OpenClass	necessary	nécessaire	ضَرُورِيّ	JED		necessary_ADJ	nécessaire_ADJ	DaruwriyX_ADJ	لازم	لازم	l aa z i m	READY	
2884	84	OpenClass	necessary	nécessaire	ضَرُورِيّ	RIY		necessary_ADJ	nécessaire_ADJ	DaruwriyX_ADJ	لازم	لازم	l aa z i m	READY	
2926	85	OpenClass	fresh	frais	طازِج	JED		fresh_ADJ	frais_ADJ	TAzij_ADJ	طازه	طازه	t. aa z a	CHECK	Foreign
2927	85	OpenClass	fresh	frais	طازِج	RIY		fresh_ADJ	frais_ADJ	TAzij_ADJ	طازه	طازه	t. aa z a	CHECK	Foreign
2934	85	OpenClass	fresh	frais	طازِج	JED		fresh_ADJ	frais_ADJ	TAzij_ADJ	طازج	طازج	t. aa z i j	CHECK	Foreign
2935	85	OpenClass	fresh	frais	طازِج	RIY		fresh_ADJ	frais_ADJ	TAzij_ADJ	طازج	طازج	t. aa z i j	CHECK	Foreign
2979	86	MixedClass	zoo	zoo	حَدِيقَة ال+ حَيَوانات	JED		zoo_NOUN	zoo_NOUN	Hadiyqap_NOUN Al+_DET HayawAn_NOUN	حديقة حيوان	حديقة حيوان	7 a d ii g a t # 7 a y a w aa n	READY	
2980	86	MixedClass	zoo	zoo	حَدِيقَة ال+ حَيَوانات	RIY		zoo_NOUN	zoo_NOUN	Hadiyqap_NOUN Al+_DET HayawAn_NOUN	حديقة حيوان	حديقة حيوان	7 a d ii g a t # 7 a y a w aa n	READY	
2981	86	MixedClass	zoo	zoo	حَدِيقَة ال+ حَيَوانات	JED		zoo_NOUN	zoo_NOUN	Hadiyqap_NOUN Al+_DET HayawAn_NOUN	حديقة حيوانات	حديقة حيوانات	7 a d ii g a t # 7 a y a w aa n aa t	READY	
2982	86	MixedClass	zoo	zoo	حَدِيقَة ال+ حَيَوانات	RIY		zoo_NOUN	zoo_NOUN	Hadiyqap_NOUN Al+_DET HayawAn_NOUN	حديقة حيوانات	حديقة حيوانات	7 a d ii g a t # 7 a y a w aa n aa t	READY	
3007	88	OpenClass	italian	italien	إِيطالِيّ	JED		italian_ADJ	italien_ADJ	IiyTAliyX_ADJ	ايطالي	ايطالي	2 ii t. aa l i	CHECK	Foreign
3010	88	OpenClass	italian	italien	إِيطالِيّ	RIY		italian_ADJ	italien_ADJ	IiyTAliyX_ADJ	ايطالي	ايطالي	2 ii t. aa l i	CHECK	Foreign
3042	89	OpenClass	language	langue	لُغَة	JED		language_NOUN	langue_NOUN	lugap_NOUN	لغة	لغة	l u gh a	READY	
3047	89	OpenClass	language	langue	لُغَة	RIY		language_NOUN	langue_NOUN	lugap_NOUN	لغة	لغة	l u gh a	READY	
3071	90	OpenClass	summer	été	صَيْف	JED		summer_NOUN	été_NOUN	Sayof_NOUN	صيف	صيف	s. ee f	READY	
3076	90	OpenClass	summer	été	صَيْف	RIY		summer_NOUN	été_NOUN	Sayof_NOUN	صيف	صيف	s. ee f	READY	
3086	90	OpenClass	summer	été	صَيْف	JED		summer_NOUN	été_NOUN	Sayof_NOUN	صيفية	صيفية	s. ee f i y y a	READY	
3087	90	OpenClass	summer	été	صَيْف	RIY		summer_NOUN	été_NOUN	Sayof_NOUN	صيفية	صيفية	s. ee f i y y a	READY	
3109	92	OpenClass	chinese	chinois	صِينِيّ	JED		chinese_ADJ	chinois_ADJ	SiyniyX_ADJ	صيني	صيني	s. ii n i	CHECK	Foreign
3114	92	OpenClass	chinese	chinois	صِينِيّ	RIY		chinese_ADJ	chinois_ADJ	SiyniyX_ADJ	صيني	صيني	s. ii n i	CHECK	Foreign
3135	93	OpenClass	tomato	tomate	طَماطِم	JED		tomato_NOUN	tomate_NOUN	TamATim_NOUN	طماطم	طماطم	t. a m aa t. i m	READY	
3136	93	OpenClass	tomato	tomate	طَماطِم	RIY		tomato_NOUN	tomate_NOUN	TamATim_NOUN	طماطم	طماطم	t. a m aa t. i m	READY	
3148	93	OpenClass	tomato	tomate	طَماطِم	JED		tomato_NOUN	tomate_NOUN	TamATim_NOUN	قوطة	قوطة	g uu t. a	READY	
3165	94	OpenClass	blouse	chemisier	بلُوزة	JED		blouse_NOUN	chemisier_NOUN	bluwz_NOUN	بلوزة	بلوزة	b l uu z a	READY	
3166	94	OpenClass	blouse	chemisier	بلُوزة	RIY		blouse_NOUN	chemisier_NOUN	bluwz_NOUN	بلوزة	بلوزة	b l uu z a	READY	
3177	94	OpenClass	blouse	chemisier	بلُوزة	JED		blouse_NOUN	chemisier_NOUN	bluwz_NOUN	بلوزة	بلوزة	b u l uu z a	READY	
3196	95	OpenClass	tomorrow	demain , lendemain	غَد	RIY		tomorrow_NOUN	demain_NOUN , lendemain_NOUN	gad_NOUN	باكر	باكر	b aa tsh i r	CHECK	
3207	95	OpenClass	tomorrow	demain , lendemain	غَد	JED		tomorrow_NOUN	demain_NOUN , lendemain_NOUN	gad_NOUN	بكرة	بكرة	b u k r a	READY	
3212	95	OpenClass	tomorrow	demain , lendemain	غَد	RIY		tomorrow_NOUN	demain_NOUN , lendemain_NOUN	gad_NOUN	بكرة	بكرة	b u k r a	READY	
3234	97	OpenClass	garden	jardin	حَدِيقَة	JED		garden_NOUN	jardin_NOUN	Hadiyqap_NOUN	بستان	بستان	b u s t aa n	READY	
3250	97	OpenClass	garden	jardin	حَدِيقَة	JED		garden_NOUN	jardin_NOUN	Hadiyqap_NOUN	جنينة	جنينة	j i n ee n a	READY	
3265	97	OpenClass	garden	jardin	حَدِيقَة	JED		garden_NOUN	jardin_NOUN	Hadiyqap_NOUN	حديقة	حديقة	7 a d ii g a	READY	
3266	97	OpenClass	garden	jardin	حَدِيقَة	RIY		garden_NOUN	jardin_NOUN	Hadiyqap_NOUN	حديقة	حديقة	7 a d ii g a	READY	
3287	97	OpenClass	garden	jardin	حَدِيقَة	RIY		garden_NOUN	jardin_NOUN	Hadiyqap_NOUN	روضة	روضة	r a w dh. a	READY	
3314	99	OpenClass	immigration	immigration	هِجْرَة	JED		immigration_NOUN	immigration_NOUN	hijorap_NOUN	هجرة	هجرة	h i j r a	READY	
3318	99	OpenClass	immigration	immigration	هِجْرَة	RIY		immigration_NOUN	immigration_NOUN	hijorap_NOUN	هجرة	هجرة	h i j r a	READY	
3336	100	OpenClass	temperature	température	حَرارَة	JED		temperature_NOUN	température_NOUN	HarArap_NOUN	حرارة	حرارة	7 a r aa r a	READY	
3341	100	OpenClass	temperature	température	حَرارَة	RIY		temperature_NOUN	température_NOUN	HarArap_NOUN	حرارة	حرارة	7 a r aa r a	READY	
3346	100	OpenClass	temperature	température	حَرارَة	JED		temperature_NOUN	température_NOUN	HarArap_NOUN	درجة الحرارة	درجة ال+ حرارة	d a r a j a t # 2 a l 7 a r. aa r. a	READY	
3347	100	OpenClass	temperature	température	حَرارَة	RIY		temperature_NOUN	température_NOUN	HarArap_NOUN	درجة الحرارة	درجة ال+ حرارة	d a r a j a t # 2 a l 7 a r. aa r. a	READY	
3357	101	OpenClass	sick	malade	مَرِيض	JED		sick_ADJ	malade_ADJ	mariyD_ADJ	تعبان	تعبان	t a 3 b aa n	READY	
3395	101	OpenClass	sick	malade	مَرِيض	JED		sick_ADJ	malade_ADJ	mariyD_ADJ	مريض	مريض	m a r ii d.	READY	
3403	101	OpenClass	sick	malade	مَرِيض	RIY		sick_ADJ	malade_ADJ	mariyD_ADJ	مريض	مريض	m a r ii dh.	READY	
3430	102	OpenClass	meter	mètre	مِتْر	JED		meter_NOUN	mètre_NOUN	mitor_NOUN	متر	متر	m i t r	CHECK	Foreign
3432	102	OpenClass	meter	mètre	مِتْر	RIY		meter_NOUN	mètre_NOUN	mitor_NOUN	متر	متر	m i t r	CHECK	Foreign
3476	106	OpenClass	passport	passeport	جَواز سَفَر	JED		passport_NOUN	passeport_NOUN	jawAz_NOUN safar_NOUN	جواز	جواز	j a w aa z	READY	
3481	106	OpenClass	passport	passeport	جَواز سَفَر	RIY		passport_NOUN	passeport_NOUN	jawAz_NOUN safar_NOUN	جواز	جواز	j a w aa z	READY	
3489	106	OpenClass	passport	passeport	جَواز سَفَر	JED		passport_NOUN	passeport_NOUN	jawAz_NOUN safar_NOUN	جواز سفر	جواز سفر	j a w aa z # s a f a r	READY	
3491	106	OpenClass	passport	passeport	جَواز سَفَر	RIY		passport_NOUN	passeport_NOUN	jawAz_NOUN safar_NOUN	جواز سفر	جواز سفر	j a w aa z # s a f a r	READY	
3514	107	OpenClass	airport	aéroport	مَطار	JED		airport_NOUN	aéroport_NOUN	maTAr_NOUN	مطار	مطار	m a t. aa r	READY	
3519	107	OpenClass	airport	aéroport	مَطار	RIY		airport_NOUN	aéroport_NOUN	maTAr_NOUN	مطار	مطار	m a t. aa r	READY	
3548	108	OpenClass	color	couleur	لَوْن	JED		color_NOUN	couleur_NOUN	lawon_NOUN	لون	لون	l oo n	READY	
3554	108	OpenClass	color	couleur	لَوْن	RIY		color_NOUN	couleur_NOUN	lawon_NOUN	لون	لون	l oo n	READY	
3587	109	OpenClass	why	pourquoi	لِماذا	JED		why_ADV	pourquoi_ADV	limAVA_ADV	ليش	ليش	l ee sh	READY	
3590	109	OpenClass	why	pourquoi	لِماذا	RIY		why_ADV	pourquoi_ADV	limAVA_ADV	ليش	ليش	l ee sh	READY	
3599	109	OpenClass	why	pourquoi	لِماذا	JED		why_ADV	pourquoi_ADV	limAVA_ADV	ليه	ليه	l a y h	READY	
3607	109	OpenClass	why	pourquoi	لِماذا	RIY		why_ADV	pourquoi_ADV	limAVA_ADV	وراه	وراه	w a r aa h	READY	
3617	110	OpenClass	tax	taxe	ضَرِيبَة	JED		tax_NOUN	taxe_NOUN	Dariybap_NOUN	جمارك	جمارك	j a m aa r i k	READY	
3618	110	OpenClass	tax	taxe	ضَرِيبَة	RIY		tax_NOUN	taxe_NOUN	Dariybap_NOUN	جمارك	جمارك	j a m aa r i k	READY	
3622	110	OpenClass	tax	taxe	ضَرِيبَة	JED		tax_NOUN	taxe_NOUN	Dariybap_NOUN	رسم	رسم	r a s m	READY	
3624	110	OpenClass	tax	taxe	ضَرِيبَة	RIY		tax_NOUN	taxe_NOUN	Dariybap_NOUN	رسم	رسم	r a s m	READY	
3632	110	OpenClass	tax	taxe	ضَرِيبَة	JED		tax_NOUN	taxe_NOUN	Dariybap_NOUN	ضريبة	ضريبة	d. a r ii b a	READY	
3645	110	OpenClass	tax	taxe	ضَرِيبَة	RIY		tax_NOUN	taxe_NOUN	Dariybap_NOUN	ضريبة	ضريبة	dh. a r ii b a	READY	
3673	111	OpenClass	right	droite	يَمِين	JED		right_NOUN	droite_NOUN	yamiyn_NOUN	يمين	يمين	y a m ii n	READY	
3677	111	OpenClass	right	droite	يَمِين	RIY		right_NOUN	droite_NOUN	yamiyn_NOUN	يمين	يمين	y a m ii n	READY	
3710	112	OpenClass	gate	porte	بَوّابَة	JED		gate_NOUN	porte_NOUN	bawXAbap_NOUN	بوابة	بوابة	b a w w aa b a	READY	
3713	112	OpenClass	gate	porte	بَوّابَة	RIY		gate_NOUN	porte_NOUN	bawXAbap_NOUN	بوابة	بوابة	b a w w aa b a	READY	
3742	113	OpenClass	dollar	dollar	دُولار	JED		dollar_NOUN	dollar_NOUN	duwlAr_NOUN	دولار	دولار	d oo l aa r	READY	
3744	113	OpenClass	dollar	dollar	دُولار	RIY		dollar_NOUN	dollar_NOUN	duwlAr_NOUN	دولار	دولار	d oo l aa r	READY	
3777	114	OpenClass	reservation	réservation	حَجْز	JED		reservation_NOUN	réservation_NOUN	Hajoz_NOUN	حجز	حجز	7 a j z	READY	
3780	114	OpenClass	reservation	réservation	حَجْز	RIY		reservation_NOUN	réservation_NOUN	Hajoz_NOUN	حجز	حجز	7 a j z	READY	
3811	116	OpenClass	coffee	café	قَهْوَة	JED		coffee_NOUN	café_NOUN	qahowap_NOUN	قهوة	قهوة	g a h w a	READY	
3813	116	OpenClass	coffee	café	قَهْوَة	RIY		coffee_NOUN	café_NOUN	qahowap_NOUN	قهوة	قهوة	g a h w a	READY	
3818	116	OpenClass	coffee	café	قَهْوَة	RIY		coffee_NOUN	café_NOUN	qahowap_NOUN	قهوة	قهوة	g h a w a	READY	
3888	117	OpenClass	card	carte	بِطاقَة	JED		card_NOUN	carte_NOUN	biTAqap_NOUN	كرت	كرت	k a r t	CHECK	Foreign
3891	117	OpenClass	card	carte	بِطاقَة	RIY		card_NOUN	carte_NOUN	biTAqap_NOUN	كرت	كرت	k a r t	CHECK	Foreign
3913	118	OpenClass	help	aider	ساعَد	JED		help_VERB	aider_VERB	sAEad_VERB	ساعد	ساعد	s aa 3 a d	READY	
3918	118	OpenClass	help	aider	ساعَد	RIY		help_VERB	aider_VERB	sAEad_VERB	ساعد	ساعد	s aa 3 a d	READY	
3980	119	OpenClass	shoe	chaussure	حِذاء	JED		shoe_NOUN	chaussure_NOUN	HiVAC_NOUN	جزمة	جزمة	j a z m a	READY	
3981	119	OpenClass	shoe	chaussure	حِذاء	RIY		shoe_NOUN	chaussure_NOUN	HiVAC_NOUN	جزمة	جزمة	j a z m a	READY	
4069	121	OpenClass	accept	accepter	قَبِل	RIY		accept_VERB	accepter_VERB	qabil_VERB	قبل	قبل	g a b a l	READY	
4072	121	OpenClass	accept	accepter	قَبِل	JED		accept_VERB	accepter_VERB	qabil_VERB	قبل	قبل	g i b i l	READY	
4116	122	OpenClass	credit	crédit	ٱِئْتِمان	JED		credit_NOUN	crédit_NOUN	LiQotimAn_NOUN	ائتمان	ائتمان	2 i 2 t i m aa n	READY	
4121	122	OpenClass	credit	crédit	ٱِئْتِمان	RIY		credit_NOUN	crédit_NOUN	LiQotimAn_NOUN	ائتمان	ائتمان	2 i 2 t i m aa n	READY	
4158	124	OpenClass	thanks	merci	شُكْراً	JED		thanks_NOUN	merci_NOUN	cukor_NOUN	تسلم	تسلم	t i s l a m	READY	
4171	124	OpenClass	thanks	merci	شُكْراً	JED		thanks_NOUN	merci_NOUN	cukor_NOUN	شكرا	شكرا	sh u k r a n	READY	
4176	124	OpenClass	thanks	merci	شُكْراً	RIY		thanks_NOUN	merci_NOUN	cukor_NOUN	شكرا	شكرا	sh u k r a n	READY	
4185	124	OpenClass	thanks	merci	شُكْراً	JED		thanks_NOUN	merci_NOUN	cukor_NOUN	ما قصرت	ما قصرت	m aa # g a s. s. a r t	READY	
4198	124	OpenClass	thanks	merci	شُكْراً	JED		thanks_NOUN	merci_NOUN	cukor_NOUN	مشكور	مشكور	m a sh k uu r	READY	
4200	124	OpenClass	thanks	merci	شُكْراً	RIY		thanks_NOUN	merci_NOUN	cukor_NOUN	مشكور	مشكور	m a sh k uu r	READY	
4212	124	OpenClass	thanks	merci	شُكْراً	JED		thanks_NOUN	merci_NOUN	cukor_NOUN	يعطيك العافية	يعطيك ال+ عافية	y i 3 t. ii k # a l 3 aa f y a	READY	
4226	125	OpenClass	service	service	خِدْمَة	JED		service_NOUN	service_NOUN	xidomap_NOUN	خدمة	خدمة	kh i d m a	READY	
4230	125	OpenClass	service	service	خِدْمَة	RIY		service_NOUN	service_NOUN	xidomap_NOUN	خدمة	خدمة	kh i d m a	READY	
4287	127	OpenClass	cigarette	cigarette	سِيجارَة	JED		cigarette_NOUN	cigarette_NOUN	siyjArap_NOUN	سيجارة	سيجارة	s i j aa r a	CHECK	Foreign
4288	127	OpenClass	cigarette	cigarette	سِيجارَة	RIY		cigarette_NOUN	cigarette_NOUN	siyjArap_NOUN	سيجارة	سيجارة	s i j aa r a	CHECK	Foreign
4291	127	OpenClass	cigarette	cigarette	سِيجارَة	JED		cigarette_NOUN	cigarette_NOUN	siyjArap_NOUN	سيجارة	سيجارة	s i g aa r a	CHECK	Foreign
4292	127	OpenClass	cigarette	cigarette	سِيجارَة	RIY		cigarette_NOUN	cigarette_NOUN	siyjArap_NOUN	سيجارة	سيجارة	s i g aa r a	CHECK	Foreign
4313	128	OpenClass	here	ici	هُنا	JED		here_ADV	ici_ADV	hunA_ADV	هنا	هنا	h i n a	READY	
4315	128	OpenClass	here	ici	هُنا	RIY		here_ADV	ici_ADV	hunA_ADV	هنا	هنا	h i n a	READY	
4376	130	OpenClass	tie	cravate	رَبْطَة عُنْق	JED		tie_NOUN	cravate_NOUN	raboTap_NOUN Eunoq_NOUN	كرفتة	كرفتة	k a r a f i t t a	CHECK	Foreign
4378	130	OpenClass	tie	cravate	رَبْطَة عُنْق	RIY		tie_NOUN	cravate_NOUN	raboTap_NOUN Eunoq_NOUN	كرفتة	كرفتة	k a r a f i t t a	CHECK	Foreign
4382	130	OpenClass	tie	cravate	رَبْطَة عُنْق	JED		tie_NOUN	cravate_NOUN	raboTap_NOUN Eunoq_NOUN	كرفتة	كرفتة	k a r a v i t t a	CHECK	Foreign
4383	130	OpenClass	tie	cravate	رَبْطَة عُنْق	RIY		tie_NOUN	cravate_NOUN	raboTap_NOUN Eunoq_NOUN	كرفتة	كرفتة	k a r a v i t t a	CHECK	Foreign
4391	131	OpenClass	camera	appareil photo	كامِرا	JED		camera_NOUN	appareil_NOUN photo_NOUN	kAmirA_NOUN	كامرة	كامرة	k a m r a	CHECK	Foreign
4392	131	OpenClass	camera	appareil photo	كامِرا	RIY		camera_NOUN	appareil_NOUN photo_NOUN	kAmirA_NOUN	كامرة	كامرة	k a m r a	CHECK	Foreign
4426	132	OpenClass	minute	minute	دَقِيقَة	JED		minute_NOUN	minute_NOUN	daqiyqap_NOUN	دقيقة	دقيقة	d a g ii g a	READY	
4428	132	OpenClass	minute	minute	دَقِيقَة	RIY		minute_NOUN	minute_NOUN	daqiyqap_NOUN	دقيقة	دقيقة	d a g ii g a	READY	
4437	132	OpenClass	minute	minute	دَقِيقَة	RIY		minute_NOUN	minute_NOUN	daqiyqap_NOUN	دقيقة	دقيقة	d g ii g a	READY	
4454	133	OpenClass	question	question	سُؤال	JED		question_NOUN	question_NOUN	suWAl_NOUN	استفسار	استفسار	2 i s t i f s aa r	READY	
4457	133	OpenClass	question	question	سُؤال	RIY		question_NOUN	question_NOUN	suWAl_NOUN	استفسار	استفسار	2 i s t i f s aa r	READY	
4477	133	OpenClass	question	question	سُؤال	JED		question_NOUN	question_NOUN	suWAl_NOUN	سؤال	سؤال	s u 2 aa l	READY	
4482	133	OpenClass	question	question	سُؤال	RIY		question_NOUN	question_NOUN	suWAl_NOUN	سؤال	سؤال	s u 2 aa l	READY	
4510	134	MixedClass	headache	mal de tête	صُداع	JED		headache_NOUN	mal_ADJ de_ADP tête_NOUN	SudAE_NOUN	صداع	صداع	s. u d aa 3	READY	
4512	134	MixedClass	headache	mal de tête	صُداع	RIY		headache_NOUN	mal_ADJ de_ADP tête_NOUN	SudAE_NOUN	صداع	صداع	s. u d aa 3	READY	
4522	134	MixedClass	headache	mal de tête	مصدع	JED		headache_NOUN	mal_ADJ de_ADP tête_NOUN	SudAE_NOUN	مصدع	مصدع	m u s. a d d i 3	READY	
4523	134	MixedClass	headache	mal de tête	مصدع	RIY		headache_NOUN	mal_ADJ de_ADP tête_NOUN	SudAE_NOUN	مصدع	مصدع	m u s. a d d i 3	READY	
4541	136	OpenClass	cancel	annuler	أَلْغَى	JED		cancel_VERB	annuler_VERB	OalogaY_VERB	الغى	الغى	2 a l gh a	READY	
4543	136	OpenClass	cancel	annuler	أَلْغَى	RIY		cancel_VERB	annuler_VERB	OalogaY_VERB	الغى	الغى	2 a l gh a	READY	
4558	136	OpenClass	cancel	annuler	أَلْغَى	JED		cancel_VERB	annuler_VERB	OalogaY_VERB	كنسل	كنسل	k a n s a l	READY	
4562	136	OpenClass	cancel	annuler	أَلْغَى	RIY		cancel_VERB	annuler_VERB	OalogaY_VERB	كنسل	كنسل	k a n s a l	READY	
4577	136	OpenClass	cancel	annuler	أَلْغَى	JED		cancel_VERB	annuler_VERB	OalogaY_VERB	لغى	لغى	l a gh a	READY	
4582	136	OpenClass	cancel	annuler	أَلْغَى	RIY		cancel_VERB	annuler_VERB	OalogaY_VERB	لغى	لغى	l a gh a	READY	
4591	137	OpenClass	decide	décider	قَرَّر	JED		decide_VERB	décider_VERB	qarXar_VERB	اخذ قرار	اخذ قرار	2 a kh a d # q a r aa r	READY	
4620	137	OpenClass	decide	décider	قَرَّر	JED		decide_VERB	décider_VERB	qarXar_VERB	قرر	قرر	g a r r a r	READY	
4621	137	OpenClass	decide	décider	قَرَّر	RIY		decide_VERB	décider_VERB	qarXar_VERB	قرر	قرر	g a r r a r	READY	
4635	137	OpenClass	decide	décider	قَرَّر	JED		decide_VERB	décider_VERB	qarXar_VERB	قرر	قرر	q a r r a r	READY	
4639	137	OpenClass	decide	décider	قَرَّر	RIY		decide_VERB	décider_VERB	qarXar_VERB	قرر	قرر	q a r r a r	READY	
4655	138	OpenClass	where	où	أَيْنَ	JED		where_ADV	où_ADV	Oayona_ADV	فين	فين	f a y n	READY	
4671	138	OpenClass	where	où	أَيْنَ	JED		where_ADV	où_ADV	Oayona_ADV	وين	وين	w a y n	READY	
4672	138	OpenClass	where	où	أَيْنَ	RIY		where_ADV	où_ADV	Oayona_ADV	وين	وين	w a y n	READY	
4700	139	OpenClass	car	voiture	سَيّارَة	JED		car_NOUN	voiture_NOUN	sayXArap_NOUN	سيارة	سيارة	s a y y aa r a	READY	
4702	139	OpenClass	car	voiture	سَيّارَة	RIY		car_NOUN	voiture_NOUN	sayXArap_NOUN	سيارة	سيارة	s a y y aa r a	READY	
4740	140	OpenClass	address	adresse	عُنْوان	JED		address_NOUN	adresse_NOUN	EunowAn_NOUN	عنوان	عنوان	3 i n w aa n	READY	
4744	140	OpenClass	address	adresse	عُنْوان	RIY		address_NOUN	adresse_NOUN	EunowAn_NOUN	عنوان	عنوان	3 i n w aa n	READY	
4758	142	OpenClass	entrance	entrée	مَدْخَل	JED		entrance_NOUN	entrée_NOUN	madoxal_NOUN	دخلة	دخلة	d a kh l a	READY	
4760	142	OpenClass	entrance	entrée	مَدْخَل	RIY		entrance_NOUN	entrée_NOUN	madoxal_NOUN	دخلة	دخلة	d a kh l a	READY	
4785	142	OpenClass	entrance	entrée	مَدْخَل	JED		entrance_NOUN	entrée_NOUN	madoxal_NOUN	مدخل	مدخل	m a d kh a l	READY	
4790	142	OpenClass	entrance	entrée	مَدْخَل	RIY		entrance_NOUN	entrée_NOUN	madoxal_NOUN	مدخل	مدخل	m a d kh a l	READY	
4826	144	OpenClass	budget	budget	مِيزانِيَّة	JED		budget_NOUN	budget_NOUN	miyzAniyXap_NOUN	ميزانية	ميزانية	m ii z aa n i y y a	READY	
4829	144	OpenClass	budget	budget	مِيزانِيَّة	RIY		budget_NOUN	budget_NOUN	miyzAniyXap_NOUN	ميزانية	ميزانية	m ii z aa n i y y a	READY	
4836	145	OpenClass	breakfast	petit déjeuner	إِفْطار	JED		breakfast_NOUN	petit_ADJ déjeuner_NOUN	IifoTAr_NOUN	افطار	افطار	2 i f t. aa r	READY	
4837	145	OpenClass	breakfast	petit déjeuner	إِفْطار	RIY		breakfast_NOUN	petit_ADJ déjeuner_NOUN	IifoTAr_NOUN	افطار	افطار	2 i f t. aa r	READY	
4838	145	OpenClass	breakfast	petit déjeuner	إِفْطار	JED		breakfast_NOUN	petit_ADJ déjeuner_NOUN	IifoTAr_NOUN	ترويقة	ترويقة	t a r w ii g a	READY	
4865	145	OpenClass	breakfast	petit déjeuner	إِفْطار	JED		breakfast_NOUN	petit_ADJ déjeuner_NOUN	IifoTAr_NOUN	فطور	فطور	f u t. uu r	READY	
4866	145	OpenClass	breakfast	petit déjeuner	إِفْطار	RIY		breakfast_NOUN	petit_ADJ déjeuner_NOUN	IifoTAr_NOUN	فطور	فطور	f u t. uu r	READY	
4884	146	OpenClass	feel	sentir	شَعَر	JED		feel_VERB	sentir_VERB	caEar_VERB	حس	حس	7 a s s	READY	
4888	146	OpenClass	feel	sentir	شَعَر	RIY		feel_VERB	sentir_VERB	caEar_VERB	حس	حس	7 a s s	READY	
4901	146	OpenClass	feel	sentir	شَعَر	RIY		feel_VERB	sentir_VERB	caEar_VERB	شعر	شعر	sh a 3 a r	READY	
4906	146	OpenClass	feel	sentir	شَعَر	JED		feel_VERB	sentir_VERB	caEar_VERB	شعر	شعر	sh i 3 i r	READY	
4907	146	OpenClass	feel	sentir	شَعَر	JED		feel_VERB	sentir_VERB	caEar_VERB	لمس	لمس	l a m a s	READY	
4908	146	OpenClass	feel	sentir	شَعَر	RIY		feel_VERB	sentir_VERB	caEar_VERB	لمس	لمس	l a m a s	READY	
4921	147	OpenClass	sell	vendre	باع	JED		sell_VERB	vendre_VERB	bAE_VERB	باع	باع	b aa 3	READY	
4927	147	OpenClass	sell	vendre	باع	RIY		sell_VERB	vendre_VERB	bAE_VERB	باع	باع	b aa 3	READY	
4957	148	OpenClass	eye	oeil	عَيْن	JED		eye_NOUN	oeil_NOUN	Eayon_NOUN	عين	عين	3 ee n	READY	
4961	148	OpenClass	eye	oeil	عَيْن	RIY		eye_NOUN	oeil_NOUN	Eayon_NOUN	عين	عين	3 ee n	READY	
4973	149	MixedClass	worry	se inquiéter	قَلِق	JED		worry_VERB	se_PRON inquiéter_VERB	qaliq_VERB	اتهم	اتهم	2 i t h a m m	READY	
4976	149	MixedClass	worry	se inquiéter	قَلِق	JED		worry_VERB	se_PRON inquiéter_VERB	qaliq_VERB	اتوتر	اتوتر	2 i t w a t t a r	READY	
4977	149	MixedClass	worry	se inquiéter	قَلِق	RIY		worry_VERB	se_PRON inquiéter_VERB	qaliq_VERB	اتوتر	اتوتر	2 i t w a t t a r	READY	
4979	149	MixedClass	worry	se inquiéter	قَلِق	JED		worry_VERB	se_PRON inquiéter_VERB	qaliq_VERB	انهم	انهم	2 i n h a m m	READY	
5004	149	MixedClass	worry	se inquiéter	قَلِق	RIY		worry_VERB	se_PRON inquiéter_VERB	qaliq_VERB	قلق	قلق	g a l a g	READY	
5008	149	MixedClass	worry	se inquiéter	قَلِق	JED		worry_VERB	se_PRON inquiéter_VERB	qaliq_VERB	قلق	قلق	g i l i g	READY	
5030	150	OpenClass	accident	accident	حادِث	JED		accident_NOUN	accident_NOUN	HAdiv_NOUN	حادث	حادث	7 aa d i s	READY	
5038	150	OpenClass	accident	accident	حادِث	JED		accident_NOUN	accident_NOUN	HAdiv_NOUN	حادث	حادث	7 aa d i th	READY	
5041	150	OpenClass	accident	accident	حادِث	RIY		accident_NOUN	accident_NOUN	HAdiv_NOUN	حادث	حادث	7 aa d i th	READY	
5058	151	OpenClass	order	commande	طَلَب	JED		order_NOUN	commande_NOUN	Talab_NOUN	اوردر	اوردر	2 oo r d a r	CHECK	Foreign
5059	151	OpenClass	order	commande	طَلَب	RIY		order_NOUN	commande_NOUN	Talab_NOUN	اوردر	اوردر	2 oo r d a r	CHECK	Foreign
5070	151	OpenClass	order	commande	طَلَب	JED		order_NOUN	commande_NOUN	Talab_NOUN	طلب	طلب	t. a l a b	READY	
5074	151	OpenClass	order	commande	طَلَب	RIY		order_NOUN	commande_NOUN	Talab_NOUN	طلب	طلب	t. a l a b	READY	
5085	151	OpenClass	order	commande	طَلَب	JED		order_NOUN	commande_NOUN	Talab_NOUN	طلبية	طلبية	t. a l a b i y y a	READY	
5088	151	OpenClass	order	commande	طَلَب	RIY		order_NOUN	commande_NOUN	Talab_NOUN	طلبية	طلبية	t. a l a b i y y a	READY	
5113	152	OpenClass	mountain	montagne	جَبَل	JED		mountain_NOUN	montagne_NOUN	jabal_NOUN	جبل	جبل	j a b a l	READY	
5116	152	OpenClass	mountain	montagne	جَبَل	RIY		mountain_NOUN	montagne_NOUN	jabal_NOUN	جبل	جبل	j a b a l	READY	
5143	153	OpenClass	beef	boeuf	لَحْم بَقَرِيّ	JED		beef_NOUN	boeuf_NOUN	laHom_NOUN baqariyX_ADJ	لحم بقر	لحم بقر	l a 7 a m # b a g a r	READY	
5144	153	OpenClass	beef	boeuf	لَحْم بَقَرِيّ	RIY		beef_NOUN	boeuf_NOUN	laHom_NOUN baqariyX_ADJ	لحم بقر	لحم بقر	l a 7 a m # b a g a r	READY	
5191	154	OpenClass	soap	savon	صابُون	JED		soap_NOUN	savon_NOUN	SAbuwn_NOUN	صابون	صابون	s. aa b uu n	READY	
5195	154	OpenClass	soap	savon	صابُون	RIY		soap_NOUN	savon_NOUN	SAbuwn_NOUN	صابون	صابون	s. aa b uu n	READY	
5206	155	OpenClass	ring	bague	خاتَم	JED		ring_NOUN	bague_NOUN	xAtam_NOUN	خاتم	خاتم	kh aa t a m	READY	
5208	155	OpenClass	ring	bague	خاتَم	RIY		ring_NOUN	bague_NOUN	xAtam_NOUN	خاتم	خاتم	kh aa t a m	READY	
5222	155	OpenClass	ring	bague	خاتَم	JED		ring_NOUN	bague_NOUN	xAtam_NOUN	خاتم	خاتم	kh aa t i m	READY	
5225	155	OpenClass	ring	bague	خاتَم	RIY		ring_NOUN	bague_NOUN	xAtam_NOUN	خاتم	خاتم	kh aa t i m	READY	
5233	155	OpenClass	ring	bague	خاتَم	JED		ring_NOUN	bague_NOUN	xAtam_NOUN	دبلة	دبلة	d i b l a	READY	
5234	155	OpenClass	ring	bague	خاتَم	RIY		ring_NOUN	bague_NOUN	xAtam_NOUN	دبلة	دبلة	d i b l a	READY	
5246	156	OpenClass	bus	bus	حافِلَة	JED		bus_NOUN	bus_NOUN	HAfilap_NOUN	اتوبيس	اتوبيس	2 u t u b ii s	CHECK	Foreign
5247	156	OpenClass	bus	bus	حافِلَة	RIY		bus_NOUN	bus_NOUN	HAfilap_NOUN	اتوبيس	اتوبيس	2 u t u b ii s	CHECK	Foreign
5251	156	OpenClass	bus	bus	حافِلَة	JED		bus_NOUN	bus_NOUN	HAfilap_NOUN	النقل الجماعي	ال+ نقل ال+ جماعي	2 a l n a g l # a l j a m aa 3 i	READY	
5263	156	OpenClass	bus	bus	حافِلَة	JED		bus_NOUN	bus_NOUN	HAfilap_NOUN	باص	باص	b aa s.	READY	
5267	156	OpenClass	bus	bus	حافِلَة	RIY		bus_NOUN	bus_NOUN	HAfilap_NOUN	باص	باص	b aa s.	READY	
5281	156	OpenClass	bus	bus	حافِلَة	JED		bus_NOUN	bus_NOUN	HAfilap_NOUN	حافلة	حافلة	7 aa f i l a	READY	
5285	156	OpenClass	bus	bus	حافِلَة	RIY		bus_NOUN	bus_NOUN	HAfilap_NOUN	حافلة	حافلة	7 aa f i l a	READY	
5308	158	OpenClass	local	local	مَحَلِّيّ	JED		local_ADJ	local_ADJ	maHalXiyX_ADJ	بلدي	بلدي	b a l a d i	READY	
5311	158	OpenClass	local	local	مَحَلِّيّ	RIY		local_ADJ	local_ADJ	maHalXiyX_ADJ	بلدي	بلدي	b a l a d i	READY	
5336	158	OpenClass	local	local	مَحَلِّيّ	JED		local_ADJ	local_ADJ	maHalXiyX_ADJ	محلي	محلي	m a 7 a l l i	READY	
5341	158	OpenClass	local	local	مَحَلِّيّ	RIY		local_ADJ	local_ADJ	maHalXiyX_ADJ	محلي	محلي	m a 7 a l l i	READY	
5371	159	OpenClass	understand	comprendre	فَهِم	RIY		understand_VERB	comprendre_VERB	fahim_VERB	افتهم	افتهم	2 i f t a h a m	READY	
5375	159	OpenClass	understand	comprendre	فَهِم	JED		understand_VERB	comprendre_VERB	fahim_VERB	درك	درك	d a r a k	READY	
5380	159	OpenClass	understand	comprendre	فَهِم	RIY		understand_VERB	comprendre_VERB	fahim_VERB	فهم	فهم	f a h a m	READY	
5400	159	OpenClass	understand	comprendre	فَهِم	JED		understand_VERB	comprendre_VERB	fahim_VERB	فهم	فهم	f i h i m	READY	
5403	159	OpenClass	understand	comprendre	فَهِم	RIY		understand_VERB	comprendre_VERB	fahim_VERB	فهم	فهم	f i h i m	READY	
5427	160	OpenClass	meat	viande	لَحْم	JED		meat_NOUN	viande_NOUN	laHom_NOUN	لحم	لحم	l a 7 m	READY	
5429	160	OpenClass	meat	viande	لَحْم	RIY		meat_NOUN	viande_NOUN	laHom_NOUN	لحم	لحم	l a 7 m	READY	
5460	161	OpenClass	golf	golf	جُولْف	JED		golf_NOUN	golf_NOUN	juwlof_NOUN	جولف	جولف	g oo l f	CHECK	Foreign
5461	161	OpenClass	golf	golf	جُولْف	RIY		golf_NOUN	golf_NOUN	juwlof_NOUN	جولف	جولف	g oo l f	CHECK	Foreign
5506	162	OpenClass	bread	pain	خُبْز	JED		bread_NOUN	pain_NOUN	xuboz_NOUN	عيش	عيش	3 ee sh	READY	
5508	162	OpenClass	bread	pain	خُبْز	RIY		bread_NOUN	pain_NOUN	xuboz_NOUN	عيش	عيش	3 ee sh	READY	
5510	163	OpenClass	vegetable	légume	خُضْرَة	RIY		vegetable_NOUN	légume_NOUN	xuDorap_NOUN	خضار	خضار	kh dh. aa r	READY	
5514	163	OpenClass	vegetable	légume	خُضْرَة	JED		vegetable_NOUN	légume_NOUN	xuDorap_NOUN	خضار	خضار	kh u d. aa r	READY	
5517	163	OpenClass	vegetable	légume	خُضْرَة	JED		vegetable_NOUN	légume_NOUN	xuDorap_NOUN	خضراوات	خضراوات	kh u d. r aa w aa t	READY	
5518	163	OpenClass	vegetable	légume	خُضْرَة	RIY		vegetable_NOUN	légume_NOUN	xuDorap_NOUN	خضراوات	خضراوات	kh u dh. r a w aa t	READY	
5534	163	OpenClass	vegetable	légume	خُضْرَة	JED		vegetable_NOUN	légume_NOUN	xuDorap_NOUN	خضرة	خضرة	kh u d. r a	READY	
5541	163	OpenClass	vegetable	légume	خُضْرَة	RIY		vegetable_NOUN	légume_NOUN	xuDorap_NOUN	خضرة	خضرة	kh u dh. r a	READY	
5556	164	OpenClass	cocktail	cocktail	كُوكْتِيل	JED		cocktail_NOUN	cocktail_NOUN	kuwkotiyl_NOUN	كوكتيل	كوكتيل	k o k t ee l	CHECK	Foreign
5558	164	OpenClass	cocktail	cocktail	كُوكْتِيل	RIY		cocktail_NOUN	cocktail_NOUN	kuwkotiyl_NOUN	كوكتيل	كوكتيل	k o k t ee l	CHECK	Foreign
5575	164	OpenClass	cocktail	cocktail	كُوكْتِيل	JED		cocktail_NOUN	cocktail_NOUN	kuwkotiyl_NOUN	مشكل	مشكل	m i sh a k k a l	READY	
5576	164	OpenClass	cocktail	cocktail	كُوكْتِيل	RIY		cocktail_NOUN	cocktail_NOUN	kuwkotiyl_NOUN	مشكل	مشكل	m i sh a k k a l	READY	
5591	165	OpenClass	steak	steak	شَرِيحَة لَحْم	JED		steak_NOUN	steak_NOUN	cariyHap_NOUN laHom_NOUN	استيك	استيك	2 i s t ee k	CHECK	Foreign
5609	165	OpenClass	steak	steak	شَرِيحَة لَحْم	JED		steak_NOUN	steak_NOUN	cariyHap_NOUN laHom_NOUN	ستيك	ستيك	s t ee k	CHECK	Foreign
5610	165	OpenClass	steak	steak	شَرِيحَة لَحْم	RIY		steak_NOUN	steak_NOUN	cariyHap_NOUN laHom_NOUN	ستيك	ستيك	s t ee k	CHECK	Foreign
5634	166	OpenClass	copy	copie	نُسْخَة	JED		copy_NOUN	copie_NOUN	nusoxap_NOUN	صورة	صورة	s. uu r a	READY	
5638	166	OpenClass	copy	copie	نُسْخَة	RIY		copy_NOUN	copie_NOUN	nusoxap_NOUN	صورة	صورة	s. uu r a	READY	
5669	166	OpenClass	copy	copie	نُسْخَة	JED		copy_NOUN	copie_NOUN	nusoxap_NOUN	نسخة	نسخة	n u s kh a	READY	
5672	166	OpenClass	copy	copie	نُسْخَة	RIY		copy_NOUN	copie_NOUN	nusoxap_NOUN	نسخة	نسخة	n u s kh a	READY	
5684	167	OpenClass	school	école	مَدْرَسَة	JED		school_NOUN	école_NOUN	madorasap_NOUN	مدرسة	مدرسة	m a d r a s a	READY	
5688	167	OpenClass	school	école	مَدْرَسَة	RIY		school_NOUN	école_NOUN	madorasap_NOUN	مدرسة	مدرسة	m a d r a s a	READY	
5727	168	OpenClass	man	homme	رَجُل	JED		man_NOUN	homme_NOUN	rajul_NOUN	رجال	رجال	r i j j aa l	READY	
5729	168	OpenClass	man	homme	رَجُل	RIY		man_NOUN	homme_NOUN	rajul_NOUN	رجال	رجال	r i j j aa l	READY	
5777	169	OpenClass	foreign	étranger	أَجْنَبِيّ	JED		foreign_ADJ	étranger_ADJ	OajonabiyX_ADJ	اجنبي	اجنبي	2 a j n a b i	READY	
5780	169	OpenClass	foreign	étranger	أَجْنَبِيّ	RIY		foreign_ADJ	étranger_ADJ	OajonabiyX_ADJ	اجنبي	اجنبي	2 a j n a b i	READY	
5787	169	OpenClass	foreign	étranger	أَجْنَبِيّ	JED		foreign_ADJ	étranger_ADJ	OajonabiyX_ADJ	اعجمي	اعجمي	2 a 3 j a m i	READY	
5788	169	OpenClass	foreign	étranger	أَجْنَبِيّ	RIY		foreign_ADJ	étranger_ADJ	OajonabiyX_ADJ	اعجمي	اعجمي	2 a 3 j a m i	READY	
5790	169	OpenClass	foreign	étranger	أَجْنَبِيّ	JED		foreign_ADJ	étranger_ADJ	OajonabiyX_ADJ	افرنجي	افرنجي	2 i f r i n j i	READY	
5791	169	OpenClass	foreign	étranger	أَجْنَبِيّ	RIY		foreign_ADJ	étranger_ADJ	OajonabiyX_ADJ	افرنجي	افرنجي	2 i f r i n j i	READY	
5802	169	OpenClass	foreign	étranger	أَجْنَبِيّ	JED		foreign_ADJ	étranger_ADJ	OajonabiyX_ADJ	خارجي	خارجي	kh aa r i j i	READY	
5804	169	OpenClass	foreign	étranger	أَجْنَبِيّ	RIY		foreign_ADJ	étranger_ADJ	OajonabiyX_ADJ	خارجي	خارجي	kh aa r i j i	READY	
5809	169	OpenClass	foreign	étranger	أَجْنَبِيّ	JED		foreign_ADJ	étranger_ADJ	OajonabiyX_ADJ	خواجة	خواجة	kh a w aa j a	READY	
5837	170	OpenClass	use	usage	ٱِسْتِخْدام	JED		use_NOUN	usage_NOUN	LisotixodAm_NOUN	استخدام	استخدام	2 i s t i kh d aa m	READY	
5842	170	OpenClass	use	usage	ٱِسْتِخْدام	RIY		use_NOUN	usage_NOUN	LisotixodAm_NOUN	استخدام	استخدام	2 i s t i kh d aa m	READY	
5856	170	OpenClass	use	usage	ٱِسْتِخْدام	JED		use_NOUN	usage_NOUN	LisotixodAm_NOUN	استعمال	استعمال	2 i s t i 3 m aa l	READY	
5860	170	OpenClass	use	usage	ٱِسْتِخْدام	RIY		use_NOUN	usage_NOUN	LisotixodAm_NOUN	استعمال	استعمال	2 i s t i 3 m aa l	READY	
5899	171	OpenClass	natural	naturel	طَبِيعِيّ	JED		natural_ADJ	naturel_ADJ	TabiyEiyX_ADJ	طبيعي	طبيعي	t. a b ii 3 i	READY	
5905	171	OpenClass	natural	naturel	طَبِيعِيّ	RIY		natural_ADJ	naturel_ADJ	TabiyEiyX_ADJ	طبيعي	طبيعي	t. a b ii 3 i	READY	
5922	171	OpenClass	natural	naturel	طَبِيعِيّ	JED		natural_ADJ	naturel_ADJ	TabiyEiyX_ADJ	عادي	عادي	3 aa d i	READY	
5925	171	OpenClass	natural	naturel	طَبِيعِيّ	RIY		natural_ADJ	naturel_ADJ	TabiyEiyX_ADJ	عادي	عادي	3 aa d i	READY	
5937	172	OpenClass	life	vie	حَياة	JED		life_NOUN	vie_NOUN	HayAp_NOUN	حياة	حياة	7 a y aa	READY	
5940	172	OpenClass	life	vie	حَياة	RIY		life_NOUN	vie_NOUN	HayAp_NOUN	حياة	حياة	7 a y aa	READY	
5971	172	OpenClass	life	vie	حَياة	JED		life_NOUN	vie_NOUN	HayAp_NOUN	عمر	عمر	3 u m r	READY	
5972	172	OpenClass	life	vie	حَياة	RIY		life_NOUN	vie_NOUN	HayAp_NOUN	عمر	عمر	3 u m r	READY	
5988	172	OpenClass	life	vie	حَياة	JED		life_NOUN	vie_NOUN	HayAp_NOUN	عيشة	عيشة	3 ii sh a	READY	
5991	172	OpenClass	life	vie	حَياة	RIY		life_NOUN	vie_NOUN	HayAp_NOUN	عيشة	عيشة	3 ii sh a	READY	
6018	173	OpenClass	dinner	dîner	عَشاء	JED		dinner_NOUN	dîner_NOUN	EacAC_NOUN	عشا	عشا	3 a sh a	READY	
6022	173	OpenClass	dinner	dîner	عَشاء	RIY		dinner_NOUN	dîner_NOUN	EacAC_NOUN	عشا	عشا	3 a sh a	READY	
6051	174	OpenClass	hear	entendre	سَمِع	RIY		hear_VERB	entendre_VERB	samiE_VERB	سمع	سمع	s a m a 3	READY	
6067	174	OpenClass	hear	entendre	سَمِع	JED		hear_VERB	entendre_VERB	samiE_VERB	سمع	سمع	s i m i 3	READY	
6082	175	OpenClass	stop	arrêt	مَحَطَّة	JED		stop_NOUN	arrêt_NOUN	maHaTXap_NOUN	ركنة	ركنة	r a k n a	READY	
6083	175	OpenClass	stop	arrêt	مَحَطَّة	RIY		stop_NOUN	arrêt_NOUN	maHaTXap_NOUN	ركنة	ركنة	r a k n a	READY	
6101	175	OpenClass	stop	arrêt	مَحَطَّة	JED		stop_NOUN	arrêt_NOUN	maHaTXap_NOUN	محطة	محطة	m a 7 a t. t. a	READY	
6107	175	OpenClass	stop	arrêt	مَحَطَّة	RIY		stop_NOUN	arrêt_NOUN	maHaTXap_NOUN	محطة	محطة	m a 7 a t. t. a	READY	
6136	175	OpenClass	stop	arrêt	مَحَطَّة	JED		stop_NOUN	arrêt_NOUN	maHaTXap_NOUN	وقفة	وقفة	w a g f a	READY	
6137	175	OpenClass	stop	arrêt	مَحَطَّة	RIY		stop_NOUN	arrêt_NOUN	maHaTXap_NOUN	وقفة	وقفة	w a g f a	READY	
6140	176	OpenClass	view	vue	مَنْظَر	JED		view_NOUN	vue_NOUN	manoZar_NOUN	طلة	طلة	t. a l l a	READY	
6144	176	OpenClass	view	vue	مَنْظَر	JED		view_NOUN	vue_NOUN	manoZar_NOUN	فرجة	فرجة	f u r j a	READY	
6167	176	OpenClass	view	vue	مَنْظَر	RIY		view_NOUN	vue_NOUN	manoZar_NOUN	منظر	منظر	m a n dh. a r	READY	
6177	176	OpenClass	view	vue	مَنْظَر	JED		view_NOUN	vue_NOUN	manoZar_NOUN	منظر	منظر	m a n z. a r	READY	
6190	177	OpenClass	coat	manteau	مِعْطَف	JED		coat_NOUN	manteau_NOUN	miEoTaf_NOUN	جاكيت	جاكيت	j a k ee t	CHECK	Foreign
6192	177	OpenClass	coat	manteau	مِعْطَف	RIY		coat_NOUN	manteau_NOUN	miEoTaf_NOUN	جاكيت	جاكيت	j a k ee t	CHECK	Foreign
6204	177	OpenClass	coat	manteau	مِعْطَف	JED		coat_NOUN	manteau_NOUN	miEoTaf_NOUN	سترة	سترة	s u t r a	READY	
6206	177	OpenClass	coat	manteau	مِعْطَف	RIY		coat_NOUN	manteau_NOUN	miEoTaf_NOUN	سترة	سترة	s u t r a	READY	
6259	178	OpenClass	contract	contrat	عَقْد	JED		contract_NOUN	contrat_NOUN	Eaqod_NOUN	عقد	عقد	3 a g d	READY	
6260	178	OpenClass	contract	contrat	عَقْد	RIY		contract_NOUN	contrat_NOUN	Eaqod_NOUN	عقد	عقد	3 a g d	READY	
6304	179	OpenClass	flight	vol	رِحْلَة	JED		flight_NOUN	vol_NOUN	riHolap_NOUN	رحلة	رحلة	r i 7 l a	READY	
6307	179	OpenClass	flight	vol	رِحْلَة	RIY		flight_NOUN	vol_NOUN	riHolap_NOUN	رحلة	رحلة	r i 7 l a	READY	
6322	179	OpenClass	flight	vol	رِحْلَة	JED		flight_NOUN	vol_NOUN	riHolap_NOUN	سفرة	سفرة	s a f r a	READY	
6323	179	OpenClass	flight	vol	رِحْلَة	RIY		flight_NOUN	vol_NOUN	riHolap_NOUN	سفرة	سفرة	s a f r a	READY	
6341	180	OpenClass	book	livre	كِتاب	JED		book_NOUN	livre_NOUN	kitAb_NOUN	كتاب	كتاب	k i t aa b	READY	
6344	180	OpenClass	book	livre	كِتاب	RIY		book_NOUN	livre_NOUN	kitAb_NOUN	كتاب	كتاب	k i t aa b	READY	
6364	181	OpenClass	buy	acheter	ٱِشْتَرَى	JED		buy_VERB	acheter_VERB	LicotaraY_VERB	اتسوق	اتسوق	2 i t s a w w a g	READY	
6365	181	OpenClass	buy	acheter	ٱِشْتَرَى	RIY		buy_VERB	acheter_VERB	LicotaraY_VERB	اتسوق	اتسوق	2 i t s a w w a g	READY	
6373	181	OpenClass	buy	acheter	ٱِشْتَرَى	JED		buy_VERB	acheter_VERB	LicotaraY_VERB	اشترى	اشترى	2 i sh t a r a	READY	
6378	181	OpenClass	buy	acheter	ٱِشْتَرَى	RIY		buy_VERB	acheter_VERB	LicotaraY_VERB	اشترى	اشترى	2 i sh t a r a	READY	
6392	181	OpenClass	buy	acheter	ٱِشْتَرَى	JED		buy_VERB	acheter_VERB	LicotaraY_VERB	شرى	شرى	sh a r a	READY	
6396	181	OpenClass	buy	acheter	ٱِشْتَرَى	RIY		buy_VERB	acheter_VERB	LicotaraY_VERB	شرى	شرى	sh a r a	READY	
6414	182	OpenClass	class	classe	دَرَجَة	JED		class_NOUN	classe_NOUN	darajap_NOUN	درجة	درجة	d a r a j a	READY	
6416	182	OpenClass	class	classe	دَرَجَة	RIY		class_NOUN	classe_NOUN	darajap_NOUN	درجة	درجة	d a r a j a	READY	
6440	182	OpenClass	class	classe	دَرَجَة	JED		class_NOUN	classe_NOUN	darajap_NOUN	طبقة	طبقة	t. a b a g a	READY	
6441	182	OpenClass	class	classe	دَرَجَة	RIY		class_NOUN	classe_NOUN	darajap_NOUN	طبقة	طبقة	t. a b a g a	READY	
6489	183	OpenClass	shirt	chemise	قَمِيص	JED		shirt_NOUN	chemise_NOUN	qamiyS_NOUN	تيشيرت	تيشيرت	t i sh ee r t	CHECK	Foreign
6490	183	OpenClass	shirt	chemise	قَمِيص	RIY		shirt_NOUN	chemise_NOUN	qamiyS_NOUN	تيشيرت	تيشيرت	t i sh ee r t	CHECK	Foreign
6515	183	OpenClass	shirt	chemise	قَمِيص	JED		shirt_NOUN	chemise_NOUN	qamiyS_NOUN	قميص	قميص	g a m ii s.	READY	
6517	183	OpenClass	shirt	chemise	قَمِيص	RIY		shirt_NOUN	chemise_NOUN	qamiyS_NOUN	قميص	قميص	g a m ii s.	READY	
6531	184	OpenClass	system	système	نِظام	JED		system_NOUN	système_NOUN	niZAm_NOUN	جهاز	جهاز	j i h aa z	READY	
6533	184	OpenClass	system	système	نِظام	RIY		system_NOUN	système_NOUN	niZAm_NOUN	جهاز	جهاز	j i h aa z	READY	
6570	184	OpenClass	system	système	نِظام	RIY		system_NOUN	système_NOUN	niZAm_NOUN	نظام	نظام	n i dh. aa m	READY	
6580	184	OpenClass	system	système	نِظام	JED		system_NOUN	système_NOUN	niZAm_NOUN	نظام	نظام	n i z. aa m	READY	
6594	185	OpenClass	watch	regarder	شاهَد	JED		watch_VERB	regarder_VERB	cAhad_VERB	اتفرج	اتفرج	2 i t f a r r a j	READY	
6634	185	OpenClass	watch	regarder	شاهَد	JED		watch_VERB	regarder_VERB	cAhad_VERB	راقب	راقب	r aa g a b	READY	
6635	185	OpenClass	watch	regarder	شاهَد	RIY		watch_VERB	regarder_VERB	cAhad_VERB	راقب	راقب	r aa g a b	READY	
6648	185	OpenClass	watch	regarder	شاهَد	JED		watch_VERB	regarder_VERB	cAhad_VERB	شاف	شاف	sh aa f	READY	
6652	185	OpenClass	watch	regarder	شاهَد	RIY		watch_VERB	regarder_VERB	cAhad_VERB	شاف	شاف	sh aa f	READY	
6662	185	OpenClass	watch	regarder	شاهَد	JED		watch_VERB	regarder_VERB	cAhad_VERB	شاهد	شاهد	sh aa h a d	READY	
6665	185	OpenClass	watch	regarder	شاهَد	RIY		watch_VERB	regarder_VERB	cAhad_VERB	شاهد	شاهد	sh aa h a d	READY	
6673	185	OpenClass	watch	regarder	شاهَد	RIY		watch_VERB	regarder_VERB	cAhad_VERB	ناظر	ناظر	n aa dh. a r	READY	
6700	186	OpenClass	bacon	bacon	لَحْم خِنْزِير	JED		bacon_NOUN	bacon_NOUN	laHom_NOUN xinoziyr_NOUN	لحم خنزير	لحم خنزير	l a 7 m # kh i n z ii r	READY	
6701	186	OpenClass	bacon	bacon	لَحْم خِنْزِير	RIY		bacon_NOUN	bacon_NOUN	laHom_NOUN xinoziyr_NOUN	لحم خنزير	لحم خنزير	l a 7 m # kh i n z ii r	READY	
6709	187	OpenClass	pizza	pizza	بِيتْزا	JED		pizza_NOUN	pizza_NOUN	biytozA_NOUN	بيتزا	بيتزا	b ii t s a	CHECK	Foreign
6711	187	OpenClass	pizza	pizza	بِيتْزا	RIY		pizza_NOUN	pizza_NOUN	biytozA_NOUN	بيتزا	بيتزا	b ii t s a	CHECK	Foreign
6741	188	OpenClass	plan	projet	خُطَّة	JED		plan_NOUN	projet_NOUN	xuTXap_NOUN	برنامج	برنامج	b a r n aa m i j	READY	
6742	188	OpenClass	plan	projet	خُطَّة	RIY		plan_NOUN	projet_NOUN	xuTXap_NOUN	برنامج	برنامج	b a r n aa m i j	READY	
6769	188	OpenClass	plan	projet	خُطَّة	JED		plan_NOUN	projet_NOUN	xuTXap_NOUN	خطة	خطة	kh i t. t. a	READY	
6771	188	OpenClass	plan	projet	خُطَّة	RIY		plan_NOUN	projet_NOUN	xuTXap_NOUN	خطة	خطة	kh i t. t. a	READY	
6788	188	OpenClass	plan	projet	خُطَّة	JED		plan_NOUN	projet_NOUN	xuTXap_NOUN	مخطط	مخطط	m u kh a t. t. a t.	READY	
6791	188	OpenClass	plan	projet	خُطَّة	RIY		plan_NOUN	projet_NOUN	xuTXap_NOUN	مخطط	مخطط	m u kh a t. t. a t.	READY	
6804	188	OpenClass	plan	projet	خُطَّة	JED		plan_NOUN	projet_NOUN	xuTXap_NOUN	مشروع	مشروع	m a sh r uu 3	READY	
6806	188	OpenClass	plan	projet	خُطَّة	RIY		plan_NOUN	projet_NOUN	xuTXap_NOUN	مشروع	مشروع	m a sh r uu 3	READY	
6841	189	OpenClass	point	point	نُقْطَة	JED		point_NOUN	point_NOUN	nuqoTap_NOUN	نقطة	نقطة	n u g t. a	READY	
6843	189	OpenClass	point	point	نُقْطَة	RIY		point_NOUN	point_NOUN	nuqoTap_NOUN	نقطة	نقطة	n u g t. a	READY	
6862	190	OpenClass	arm	bras	ذِراع	JED		arm_NOUN	bras_NOUN	VirAE_NOUN	ايد	ايد	2 ii d	READY	
6864	190	OpenClass	arm	bras	ذِراع	RIY		arm_NOUN	bras_NOUN	VirAE_NOUN	ايد	ايد	2 ii d	READY	
6871	190	OpenClass	arm	bras	ذِراع	JED		arm_NOUN	bras_NOUN	VirAE_NOUN	ذراع	ذراع	d i r aa 3	READY	
6878	190	OpenClass	arm	bras	ذِراع	RIY		arm_NOUN	bras_NOUN	VirAE_NOUN	ذراع	ذراع	dh i r aa 3	READY	
6919	191	OpenClass	visit	visite	زِيارَة	JED		visit_NOUN	visite_NOUN	ziyArap_NOUN	زيارة	زيارة	z i y aa r a	READY	
6925	191	OpenClass	visit	visite	زِيارَة	RIY		visit_NOUN	visite_NOUN	ziyArap_NOUN	زيارة	زيارة	z i y aa r a	READY	
6942	191	OpenClass	visit	visite	زِيارَة	JED		visit_NOUN	visite_NOUN	ziyArap_NOUN	معايدة	معايدة	m u 3 aa y a d a	READY	
6958	192	OpenClass	history	histoire	تارِيخ	JED		history_NOUN	histoire_NOUN	tAriyx_NOUN	تاريخ	تاريخ	t aa r ii kh	READY	
6964	192	OpenClass	history	histoire	تارِيخ	RIY		history_NOUN	histoire_NOUN	tAriyx_NOUN	تاريخ	تاريخ	t aa r ii kh	READY	
6999	193	OpenClass	lock	enfermer	أَغْلَق	JED		lock_VERB	enfermer_VERB	Oagolaq_VERB	سكر	سكر	s a k k a r	READY	
7001	193	OpenClass	lock	enfermer	أَغْلَق	RIY		lock_VERB	enfermer_VERB	Oagolaq_VERB	سكر	سكر	s a k k a r	READY	
7036	193	OpenClass	lock	enfermer	أَغْلَق	RIY		lock_VERB	enfermer_VERB	Oagolaq_VERB	قفل	قفل	g a f a l	READY	
7039	193	OpenClass	lock	enfermer	أَغْلَق	JED		lock_VERB	enfermer_VERB	Oagolaq_VERB	قفل	قفل	g a f f a l	READY	
7040	193	OpenClass	lock	enfermer	أَغْلَق	RIY		lock_VERB	enfermer_VERB	Oagolaq_VERB	قفل	قفل	g a f f a l	READY	
7044	193	OpenClass	lock	enfermer	أَغْلَق	JED		lock_VERB	enfermer_VERB	Oagolaq_VERB	قفل	قفل	g i f i l	READY	
7056	195	OpenClass	child	enfant	طِفْل	JED		child_NOUN	enfant_NOUN	Tifol_NOUN	بيبي	بيبي	b ee b i	CHECK	Foreign
7057	195	OpenClass	child	enfant	طِفْل	RIY		child_NOUN	enfant_NOUN	Tifol_NOUN	بيبي	بيبي	b ee b i	CHECK	Foreign
7088	195	OpenClass	child	enfant	طِفْل	JED		child_NOUN	enfant_NOUN	Tifol_NOUN	طفل	طفل	t. i f i l	READY	
7093	195	OpenClass	child	enfant	طِفْل	RIY		child_NOUN	enfant_NOUN	Tifol_NOUN	طفل	طفل	t. i f i l	READY	
7131	195	OpenClass	child	enfant	طِفْل	JED		child_NOUN	enfant_NOUN	Tifol_NOUN	ولد	ولد	w a l a d	READY	
7135	195	OpenClass	child	enfant	طِفْل	RIY		child_NOUN	enfant_NOUN	Tifol_NOUN	ولد	ولد	w a l a d	READY	
7144	195	OpenClass	child	enfant	طِفْل	JED		child_NOUN	enfant_NOUN	Tifol_NOUN	وليد	وليد	w a l ii d	READY	
7145	195	OpenClass	child	enfant	طِفْل	RIY		child_NOUN	enfant_NOUN	Tifol_NOUN	وليد	وليد	w a l ii d	READY	
7182	196	OpenClass	room	chambre	غُرْفَة ، حُجْرَة	JED		room_NOUN	chambre_NOUN	gurofap_NOUN , Hujorap_NOUN	غرفة	غرفة	gh u r f a	READY	
7186	196	OpenClass	room	chambre	غُرْفَة ، حُجْرَة	RIY		room_NOUN	chambre_NOUN	gurofap_NOUN , Hujorap_NOUN	غرفة	غرفة	gh u r f a	READY	
7199	197	OpenClass	wear	porter	ٱِرْتَدَى	RIY		wear_VERB	porter_VERB	LirotadaY_VERB	لبس	لبس	l a b a s	READY	
7216	197	OpenClass	wear	porter	ٱِرْتَدَى	JED		wear_VERB	porter_VERB	LirotadaY_VERB	لبس	لبس	l i b i s	READY	
7232	198	OpenClass	nearest , nearer	plus proche	أَقْرَب	JED		nearest_ADJ , nearer_ADJ	plus_ADV proche_ADJ	Oaqorab_ADJ	اقرب	اقرب	2 a g r a b	READY	
7234	198	OpenClass	nearest , nearer	plus proche	أَقْرَب	RIY		nearest_ADJ , nearer_ADJ	plus_ADV proche_ADJ	Oaqorab_ADJ	اقرب	اقرب	2 a g r a b	READY	
7257	199	OpenClass	friend	ami	صَدِيق	JED		friend_NOUN	ami_NOUN	Sadiyq_NOUN	خوي	خوي	kh a w i y y	READY	
7258	199	OpenClass	friend	ami	صَدِيق	RIY		friend_NOUN	ami_NOUN	Sadiyq_NOUN	خوي	خوي	kh a w i y y	READY	
7259	199	OpenClass	friend	ami	صَدِيق	RIY		friend_NOUN	ami_NOUN	Sadiyq_NOUN	ربع	ربع	r a b 3	READY	
7281	199	OpenClass	friend	ami	صَدِيق	JED		friend_NOUN	ami_NOUN	Sadiyq_NOUN	صاحب	صاحب	s. aa 7 i b	READY	
7286	199	OpenClass	friend	ami	صَدِيق	RIY		friend_NOUN	ami_NOUN	Sadiyq_NOUN	صاحب	صاحب	s. aa 7 i b	READY	
7303	199	OpenClass	friend	ami	صَدِيق	JED		friend_NOUN	ami_NOUN	Sadiyq_NOUN	صديق	صديق	s. a d ii g	READY	
7304	199	OpenClass	friend	ami	صَدِيق	RIY		friend_NOUN	ami_NOUN	Sadiyq_NOUN	صديق	صديق	s. a d ii g	READY	
7330	200	OpenClass	egg	oeuf	بَيْض	JED		egg_NOUN	oeuf_NOUN	bayoD_NOUN	بيض	بيض	b ee d.	READY	
7334	200	OpenClass	egg	oeuf	بَيْض	RIY		egg_NOUN	oeuf_NOUN	bayoD_NOUN	بيض	بيض	b ee dh.	READY	
7349	201	OpenClass	side	côté	جانِب	JED		side_NOUN	côté_NOUN	jAnib_NOUN	جانب	جانب	j aa n i b	READY	
7352	201	OpenClass	side	côté	جانِب	RIY		side_NOUN	côté_NOUN	jAnib_NOUN	جانب	جانب	j aa n i b	READY	
7363	201	OpenClass	side	côté	جانِب	JED		side_NOUN	côté_NOUN	jAnib_NOUN	جنب	جنب	j a m b	READY	
7364	201	OpenClass	side	côté	جانِب	RIY		side_NOUN	côté_NOUN	jAnib_NOUN	جنب	جنب	j a m b	READY	
7391	201	OpenClass	side	côté	جانِب	JED		side_NOUN	côté_NOUN	jAnib_NOUN	جهة	جهة	j i h a	READY	
7393	201	OpenClass	side	côté	جانِب	RIY		side_NOUN	côté_NOUN	jAnib_NOUN	جهة	جهة	j i h a	READY	
7418	201	OpenClass	side	côté	جانِب	JED		side_NOUN	côté_NOUN	jAnib_NOUN	طرف	طرف	t. a r a f	READY	
7420	201	OpenClass	side	côté	جانِب	RIY		side_NOUN	côté_NOUN	jAnib_NOUN	طرف	طرف	t. a r a f	READY	
7428	201	OpenClass	side	côté	جانِب	JED		side_NOUN	côté_NOUN	jAnib_NOUN	ناحية	ناحية	n aa 7 i y a	READY	
7429	201	OpenClass	side	côté	جانِب	RIY		side_NOUN	côté_NOUN	jAnib_NOUN	ناحية	ناحية	n aa 7 i y a	READY	
7460	202	OpenClass	chicken	poulet	دَجاج	JED		chicken_NOUN	poulet_NOUN	dajAj_NOUN	دجاج	دجاج	d a j aa j	READY	
7461	202	OpenClass	chicken	poulet	دَجاج	RIY		chicken_NOUN	poulet_NOUN	dajAj_NOUN	دجاج	دجاج	d a j aa j	READY	
7487	202	OpenClass	chicken	poulet	دَجاج	JED		chicken_NOUN	poulet_NOUN	dajAj_NOUN	فروج	فروج	f a r r uu j	READY	
7495	203	OpenClass	visit	visiter	زار	JED		visit_VERB	visiter_VERB	zAr_VERB	راح عند	راح عند	r aa 7 # 3 i n d	READY	
7496	203	OpenClass	visit	visiter	زار	RIY		visit_VERB	visiter_VERB	zAr_VERB	راح عند	راح عند	r aa 7 # 3 i n d	READY	
7508	203	OpenClass	visit	visiter	زار	JED		visit_VERB	visiter_VERB	zAr_VERB	زار	زار	z aa r	READY	
7513	203	OpenClass	visit	visiter	زار	RIY		visit_VERB	visiter_VERB	zAr_VERB	زار	زار	z aa r	READY	
7524	203	OpenClass	visit	visiter	زار	JED		visit_VERB	visiter_VERB	zAr_VERB	شاف	شاف	sh aa f	READY	
7525	203	OpenClass	visit	visiter	زار	RIY		visit_VERB	visiter_VERB	zAr_VERB	شاف	شاف	sh aa f	READY	
7540	204	OpenClass	lunch	déjeuner	غَداء	JED		lunch_NOUN	déjeuner_NOUN	gadAC_NOUN	غدا	غدا	gh a d a	READY	
7545	204	OpenClass	lunch	déjeuner	غَداء	RIY		lunch_NOUN	déjeuner_NOUN	gadAC_NOUN	غدا	غدا	gh a d a	READY	
7574	205	OpenClass	different	différent	مُخْتَلِف	JED		different_ADJ	différent_ADJ	muxotalif_ADJ	غير	غير	gh ee r	READY	
7576	205	OpenClass	different	différent	مُخْتَلِف	RIY		different_ADJ	différent_ADJ	muxotalif_ADJ	غير	غير	gh ee r	READY	
7581	205	OpenClass	different	différent	مُخْتَلِف	JED		different_ADJ	différent_ADJ	muxotalif_ADJ	فرق	فرق	f a r g	READY	
7582	205	OpenClass	different	différent	مُخْتَلِف	RIY		different_ADJ	différent_ADJ	muxotalif_ADJ	فرق	فرق	f a r g	READY	
7605	205	OpenClass	different	différent	مُخْتَلِف	JED		different_ADJ	différent_ADJ	muxotalif_ADJ	مختلف	مختلف	m u kh t a l i f	READY	
7609	205	OpenClass	different	différent	مُخْتَلِف	RIY		different_ADJ	différent_ADJ	muxotalif_ADJ	مختلف	مختلف	m u kh t a l i f	READY	
7633	206	OpenClass	shower	douche	دُوش	JED		shower_NOUN	douche_NOUN	duwc_NOUN	دش	دش	d u sh sh	CHECK	Foreign
7635	206	OpenClass	shower	douche	دُوش	RIY		shower_NOUN	douche_NOUN	duwc_NOUN	دش	دش	d u sh sh	CHECK	Foreign
7671	207	OpenClass	japanese	japonais	يابانِيّ	JED		japanese_ADJ	japonais_ADJ	yAbAniyX_ADJ	ياباني	ياباني	y aa b aa n i	CHECK	Foreign
7675	207	OpenClass	japanese	japonais	يابانِيّ	RIY		japanese_ADJ	japonais_ADJ	yAbAniyX_ADJ	ياباني	ياباني	y aa b aa n i	CHECK	Foreign
7703	208	OpenClass	country	pays	بَلَد	JED		country_NOUN	pays_NOUN	balad_NOUN	بلد	بلد	b a l a d	READY	
7708	208	OpenClass	country	pays	بَلَد	RIY		country_NOUN	pays_NOUN	balad_NOUN	بلد	بلد	b a l a d	READY	
7714	208	OpenClass	country	pays	بَلَد	JED		country_NOUN	pays_NOUN	balad_NOUN	دولة	دولة	d a w l a	READY	
7719	208	OpenClass	country	pays	بَلَد	RIY		country_NOUN	pays_NOUN	balad_NOUN	دولة	دولة	d a w l a	READY	
7744	209	OpenClass	new	nouveau	جَدِيد	JED		new_ADJ	nouveau_ADJ	jadiyd_ADJ	جديد	جديد	j a d ii d	READY	
7745	209	OpenClass	new	nouveau	جَدِيد	RIY		new_ADJ	nouveau_ADJ	jadiyd_ADJ	جديد	جديد	j a d ii d	READY	
7769	209	OpenClass	new	nouveau	جَدِيد	JED		new_ADJ	nouveau_ADJ	jadiyd_ADJ	حديث	حديث	7 a d ii th	READY	
7771	209	OpenClass	new	nouveau	جَدِيد	RIY		new_ADJ	nouveau_ADJ	jadiyd_ADJ	حديث	حديث	7 a d ii th	READY	
7775	209	OpenClass	new	nouveau	جَدِيد	JED		new_ADJ	nouveau_ADJ	jadiyd_ADJ	فرش	فرش	f r e sh	CHECK	Foreign
7776	209	OpenClass	new	nouveau	جَدِيد	RIY		new_ADJ	nouveau_ADJ	jadiyd_ADJ	فرش	فرش	f r e sh	CHECK	Foreign
7777	209	OpenClass	new	nouveau	جَدِيد	JED		new_ADJ	nouveau_ADJ	jadiyd_ADJ	فرش	فرش	f r i sh	CHECK	Foreign
7778	209	OpenClass	new	nouveau	جَدِيد	RIY		new_ADJ	nouveau_ADJ	jadiyd_ADJ	فرش	فرش	f r i sh	CHECK	Foreign
7809	210	OpenClass	bottle	bouteille	زُجاجَة	RIY		bottle_NOUN	bouteille_NOUN	zujAjap_NOUN	علبة	علبة	3 u l b a	READY	
7812	210	OpenClass	bottle	bouteille	زُجاجَة	JED		bottle_NOUN	bouteille_NOUN	zujAjap_NOUN	قارورة	قارورة	g aa r uu r a	READY	
7819	210	OpenClass	bottle	bouteille	زُجاجَة	JED		bottle_NOUN	bouteille_NOUN	zujAjap_NOUN	قزازة	قزازة	g u z aa z a	READY	
7853	211	OpenClass	sugar	sucre	سُكَّر	JED		sugar_NOUN	sucre_NOUN	sukXar_NOUN	سكر	سكر	s u k k a r	READY	
7857	211	OpenClass	sugar	sucre	سُكَّر	RIY		sugar_NOUN	sucre_NOUN	sukXar_NOUN	سكر	سكر	s u k k a r	READY	
7879	212	OpenClass	word	mot	كَلِمَة	JED		word_NOUN	mot_NOUN	kalimap_NOUN	كلمة	كلمة	k i l m a	READY	
7883	212	OpenClass	word	mot	كَلِمَة	RIY		word_NOUN	mot_NOUN	kalimap_NOUN	كلمة	كلمة	k i l m a	READY	
7934	213	OpenClass	street	rue	شارِع	JED		street_NOUN	rue_NOUN	cAriE_NOUN	شارع	شارع	sh aa r i 3	READY	
7938	213	OpenClass	street	rue	شارِع	RIY		street_NOUN	rue_NOUN	cAriE_NOUN	شارع	شارع	sh aa r i 3	READY	
7963	215	OpenClass	trip	voyage	رِحْلَة	JED		trip_NOUN	voyage_NOUN	riHolap_NOUN	رحلة	رحلة	r i 7 l a	READY	
7966	215	OpenClass	trip	voyage	رِحْلَة	RIY		trip_NOUN	voyage_NOUN	riHolap_NOUN	رحلة	رحلة	r i 7 l a	READY	
7998	215	OpenClass	trip	voyage	رِحْلَة	JED		trip_NOUN	voyage_NOUN	riHolap_NOUN	سفرة	سفرة	s a f r a	READY	
8001	215	OpenClass	trip	voyage	رِحْلَة	RIY		trip_NOUN	voyage_NOUN	riHolap_NOUN	سفرة	سفرة	s a f r a	READY	
8011	215	OpenClass	trip	voyage	رِحْلَة	JED		trip_NOUN	voyage_NOUN	riHolap_NOUN	سفرية	سفرية	s a f a r i y y a	READY	
8013	215	OpenClass	trip	voyage	رِحْلَة	RIY		trip_NOUN	voyage_NOUN	riHolap_NOUN	سفرية	سفرية	s a f a r i y y a	READY	
8043	216	OpenClass	forget	oublier	نَسِي	RIY		forget_VERB	oublier_VERB	nasiy_VERB	نسى	نسى	n a s a	READY	
8062	216	OpenClass	forget	oublier	نَسِي	JED		forget_VERB	oublier_VERB	nasiy_VERB	نسي	نسي	n i s i	READY	
8082	217	OpenClass	manager	directeur	مُدِير	JED		manager_NOUN	directeur_NOUN	mudiyr_NOUN	مدير	مدير	m u d ii r	READY	
8087	217	OpenClass	manager	directeur	مُدِير	RIY		manager_NOUN	directeur_NOUN	mudiyr_NOUN	مدير	مدير	m u d ii r	READY	
8100	218	OpenClass	night	nuit	لَيْل	RIY		night_NOUN	nuit_NOUN	layol_NOUN	عشية	عشية	3 a sh i y y a	READY	
8118	218	OpenClass	night	nuit	لَيْل	JED		night_NOUN	nuit_NOUN	layol_NOUN	ليل	ليل	l ee l	READY	
8122	218	OpenClass	night	nuit	لَيْل	RIY		night_NOUN	nuit_NOUN	layol_NOUN	ليل	ليل	l ee l	READY	
8146	219	OpenClass	place	endroit	مَكان	JED		place_NOUN	endroit_NOUN	makAn_NOUN	جهة	جهة	j i h a	READY	
8147	219	OpenClass	place	endroit	مَكان	RIY		place_NOUN	endroit_NOUN	makAn_NOUN	جهة	جهة	j i h a	READY	
8157	219	OpenClass	place	endroit	مَكان	JED		place_NOUN	endroit_NOUN	makAn_NOUN	محل	محل	m a 7 a l l	READY	
8159	219	OpenClass	place	endroit	مَكان	RIY		place_NOUN	endroit_NOUN	makAn_NOUN	محل	محل	m a 7 a l l	READY	
8162	219	OpenClass	place	endroit	مَكان	JED		place_NOUN	endroit_NOUN	makAn_NOUN	محل	محل	m i 7 i l l	READY	
8163	219	OpenClass	place	endroit	مَكان	RIY		place_NOUN	endroit_NOUN	makAn_NOUN	محل	محل	m i 7 i l l	READY	
8182	219	OpenClass	place	endroit	مَكان	JED		place_NOUN	endroit_NOUN	makAn_NOUN	مكان	مكان	m a k aa n	READY	
8187	219	OpenClass	place	endroit	مَكان	RIY		place_NOUN	endroit_NOUN	makAn_NOUN	مكان	مكان	m a k aa n	READY	
8219	220	OpenClass	sure	sûr	مُتَأَكِّد	JED		sure_ADJ	sûr_ADJ	mutaOakXid_ADJ	اكيد	اكيد	2 a k ii d	READY	
8220	220	OpenClass	sure	sûr	مُتَأَكِّد	RIY		sure_ADJ	sûr_ADJ	mutaOakXid_ADJ	اكيد	اكيد	2 a k ii d	READY	
8221	220	OpenClass	sure	sûr	مُتَأَكِّد	JED		sure_ADJ	sûr_ADJ	mutaOakXid_ADJ	حقيقي	حقيقي	7 a g ii g i	READY	
8244	220	OpenClass	sure	sûr	مُتَأَكِّد	JED		sure_ADJ	sûr_ADJ	mutaOakXid_ADJ	متأكد	متأكد	m u t 2 a k k i d	READY	
8246	220	OpenClass	sure	sûr	مُتَأَكِّد	RIY		sure_ADJ	sûr_ADJ	mutaOakXid_ADJ	متأكد	متأكد	m u t 2 a k k i d	READY	
8254	220	OpenClass	sure	sûr	مُتَأَكِّد	JED		sure_ADJ	sûr_ADJ	mutaOakXid_ADJ	من جد	من جد	m i n # j i d d	READY	
8255	220	OpenClass	sure	sûr	مُتَأَكِّد	RIY		sure_ADJ	sûr_ADJ	mutaOakXid_ADJ	من جد	من جد	m i n # j i d d	READY	
8300	221	OpenClass	court	court	مَلْعَب	JED		court_NOUN	court_NOUN	maloEab_NOUN	ملعب	ملعب	m a l 3 a b	READY	
8306	221	OpenClass	court	court	مَلْعَب	RIY		court_NOUN	court_NOUN	maloEab_NOUN	ملعب	ملعب	m a l 3 a b	READY	
8316	222	OpenClass	morning , a.m.	matin	صَباح	JED		morning_NOUN , a.m._ADV	matin_NOUN	SabAH_NOUN	صباح	صباح	s. a b aa 7	READY	
8320	222	OpenClass	morning , a.m.	matin	صَباح	RIY		morning_NOUN , a.m._ADV	matin_NOUN	SabAH_NOUN	صباح	صباح	s. a b aa 7	READY	
8334	222	OpenClass	morning , a.m.	matin	صَباح	JED		morning_NOUN , a.m._ADV	matin_NOUN	SabAH_NOUN	صبح	صبح	s. u b 7	READY	
8338	222	OpenClass	morning , a.m.	matin	صَباح	RIY		morning_NOUN , a.m._ADV	matin_NOUN	SabAH_NOUN	صبح	صبح	s. u b 7	READY	
8355	222	OpenClass	morning , a.m.	matin	صَباح	JED		morning_NOUN , a.m._ADV	matin_NOUN	SabAH_NOUN	ضحى	ضحى	d. a 7 a	READY	
8371	223	OpenClass	salad	salade	سَلَطَة	JED		salad_NOUN	salade_NOUN	salaTap_NOUN	سلطة	سلطة	z. a l a t. a	CHECK	Foreign
8384	223	OpenClass	salad	salade	سَلَطَة	JED		salad_NOUN	salade_NOUN	salaTap_NOUN	سلطة	سلطة	s a l a t. a	CHECK	Foreign
8386	223	OpenClass	salad	salade	سَلَطَة	RIY		salad_NOUN	salade_NOUN	salaTap_NOUN	سلطة	سلطة	s a l a t. a	CHECK	Foreign
8415	224	OpenClass	fish	poisson	سَمَك	JED		fish_NOUN	poisson_NOUN	samak_NOUN	سمك	سمك	s a m a k	READY	
8420	224	OpenClass	fish	poisson	سَمَك	RIY		fish_NOUN	poisson_NOUN	samak_NOUN	سمك	سمك	s a m a k	READY	
8448	225	OpenClass	product	produit	مُنْتَج	JED		product_NOUN	produit_NOUN	munotaj_NOUN	بضاعة	بضاعة	b i d. aa 3 a	READY	
8449	225	OpenClass	product	produit	مُنْتَج	RIY		product_NOUN	produit_NOUN	munotaj_NOUN	بضاعة	بضاعة	b i dh. aa 3 a	READY	
8451	225	OpenClass	product	produit	مُنْتَج	JED		product_NOUN	produit_NOUN	munotaj_NOUN	سلعة	سلعة	s i l 3 a	READY	
8452	225	OpenClass	product	produit	مُنْتَج	RIY		product_NOUN	produit_NOUN	munotaj_NOUN	سلعة	سلعة	s i l 3 a	READY	
8498	227	OpenClass	double	double	مُزْدَوِج	JED		double_ADJ	double_ADJ	muzodawij_ADJ	دبل	دبل	d a b a l	CHECK	Foreign
8500	227	OpenClass	double	double	مُزْدَوِج	RIY		double_ADJ	double_ADJ	muzodawij_ADJ	دبل	دبل	d a b a l	CHECK	Foreign
8524	227	OpenClass	double	double	مُزْدَوِج	JED		double_ADJ	double_ADJ	muzodawij_ADJ	ضعف	ضعف	d. i 3 f	READY	
8528	227	OpenClass	double	double	مُزْدَوِج	RIY		double_ADJ	double_ADJ	muzodawij_ADJ	ضعف	ضعف	d. i 3 f	READY	
8538	227	OpenClass	double	double	مُزْدَوِج	JED		double_ADJ	double_ADJ	muzodawij_ADJ	مدبل	مدبل	m i d a b b a l	CHECK	Foreign
8539	227	OpenClass	double	double	مُزْدَوِج	RIY		double_ADJ	double_ADJ	muzodawij_ADJ	مدبل	مدبل	m i d a b b a l	CHECK	Foreign
8573	228	OpenClass	meal	repas	وَجْبَة	JED		meal_NOUN	repas_NOUN	wajobap_NOUN	اكلة	اكلة	2 a k l a	READY	
8577	228	OpenClass	meal	repas	وَجْبَة	RIY		meal_NOUN	repas_NOUN	wajobap_NOUN	اكلة	اكلة	2 a k l a	READY	
8618	228	OpenClass	meal	repas	وَجْبَة	JED		meal_NOUN	repas_NOUN	wajobap_NOUN	وجبة	وجبة	w a j b a	READY	
8621	228	OpenClass	meal	repas	وَجْبَة	RIY		meal_NOUN	repas_NOUN	wajobap_NOUN	وجبة	وجبة	w a j b a	READY	
8636	229	OpenClass	doctor	médecin	طَبِيب	JED		doctor_NOUN	médecin_NOUN	Tabiyb_NOUN	دكتور	دكتور	d a k t oo r	CHECK	Foreign
8637	229	OpenClass	doctor	médecin	طَبِيب	RIY		doctor_NOUN	médecin_NOUN	Tabiyb_NOUN	دكتور	دكتور	d a k t oo r	CHECK	Foreign
8671	229	OpenClass	doctor	médecin	طَبِيب	JED		doctor_NOUN	médecin_NOUN	Tabiyb_NOUN	طبيب	طبيب	t. a b ii b	READY	
8675	229	OpenClass	doctor	médecin	طَبِيب	RIY		doctor_NOUN	médecin_NOUN	Tabiyb_NOUN	طبيب	طبيب	t. a b ii b	READY	
8684	230	OpenClass	police	police	شُرْطَة	RIY		police_NOUN	police_NOUN	curoTap_NOUN	النجدة	ال+ نجدة	2 a l n a j d a	READY	
8687	230	OpenClass	police	police	شُرْطَة	JED		police_NOUN	police_NOUN	curoTap_NOUN	بوليس	بوليس	b oo l ii s	CHECK	Foreign
8690	230	OpenClass	police	police	شُرْطَة	RIY		police_NOUN	police_NOUN	curoTap_NOUN	بوليس	بوليس	b oo l ii s	CHECK	Foreign
8718	230	OpenClass	police	police	شُرْطَة	JED		police_NOUN	police_NOUN	curoTap_NOUN	شرطة	شرطة	sh u r t. a	READY	
8722	230	OpenClass	police	police	شُرْطَة	RIY		police_NOUN	police_NOUN	curoTap_NOUN	شرطة	شرطة	sh u r t. a	READY	
8730	231	OpenClass	read	lire	قَرَأ	JED		read_VERB	lire_VERB	qaraO_VERB	اتصفح	اتصفح	2 i t s. a f f a 7	READY	
8731	231	OpenClass	read	lire	قَرَأ	RIY		read_VERB	lire_VERB	qaraO_VERB	اتصفح	اتصفح	2 i t s. a f f a 7	READY	
8764	231	OpenClass	read	lire	قَرَأ	JED		read_VERB	lire_VERB	qaraO_VERB	قري	قري	g i r i	READY	
8765	231	OpenClass	read	lire	قَرَأ	RIY		read_VERB	lire_VERB	qaraO_VERB	قري	قري	g i r i	READY	
8798	232	OpenClass	boat	bateau	قارِب	JED		boat_NOUN	bateau_NOUN	qArib_NOUN	سفينة	سفينة	s a f ii n a	READY	
8799	232	OpenClass	boat	bateau	قارِب	RIY		boat_NOUN	bateau_NOUN	qArib_NOUN	سفينة	سفينة	s a f ii n a	READY	
8818	232	OpenClass	boat	bateau	قارِب	JED		boat_NOUN	bateau_NOUN	qArib_NOUN	قارب	قارب	g aa r i b	READY	
8819	232	OpenClass	boat	bateau	قارِب	RIY		boat_NOUN	bateau_NOUN	qArib_NOUN	قارب	قارب	g aa r i b	READY	
8866	233	MixedClass	cash a check	encaisser un chèque	صَرَف شِيك	JED		cash_VERB a_DET check_NOUN	encaisser_VERB un_DET chèque_NOUN	Saraf_VERB ciyk_NOUN	صرف شيك	صرف شيك	s. a r. a f # sh ee k	READY	
8868	233	MixedClass	cash a check	encaisser un chèque	صَرَف شِيك	RIY		cash_VERB a_DET check_NOUN	encaisser_VERB un_DET chèque_NOUN	Saraf_VERB ciyk_NOUN	صرف شيك	صرف شيك	s. a r. a f # sh ee k	READY	
8905	234	OpenClass	sea	mer	بَحْر	JED		sea_NOUN	mer_NOUN	baHor_NOUN	بحر	بحر	b a 7 r	READY	
8907	234	OpenClass	sea	mer	بَحْر	RIY		sea_NOUN	mer_NOUN	baHor_NOUN	بحر	بحر	b a 7 r	READY	
8920	235	OpenClass	slope	pente	مُنْحَدَر	JED		slope_NOUN	pente_NOUN	munoHadar_NOUN	دحديرة	دحديرة	d u 7 d ee r a	READY	
8929	235	OpenClass	slope	pente	مُنْحَدَر	JED		slope_NOUN	pente_NOUN	munoHadar_NOUN	منحدر	منحدر	m u n 7 a d a r	READY	
8934	235	OpenClass	slope	pente	مُنْحَدَر	RIY		slope_NOUN	pente_NOUN	munoHadar_NOUN	منحدر	منحدر	m u n 7 a d a r	READY	
8944	235	OpenClass	slope	pente	مُنْحَدَر	JED		slope_NOUN	pente_NOUN	munoHadar_NOUN	ميل	ميل	m ee l	READY	
8945	235	OpenClass	slope	pente	مُنْحَدَر	RIY		slope_NOUN	pente_NOUN	munoHadar_NOUN	ميل	ميل	m ee l	READY	
8953	235	OpenClass	slope	pente	مُنْحَدَر	JED		slope_NOUN	pente_NOUN	munoHadar_NOUN	نزلة	نزلة	n a z l a	READY	
8956	235	OpenClass	slope	pente	مُنْحَدَر	RIY		slope_NOUN	pente_NOUN	munoHadar_NOUN	نزلة	نزلة	n a z l a	READY	
8976	236	OpenClass	letter	lettre	خِطاب	JED		letter_NOUN	lettre_NOUN	xiTAb_NOUN	جواب	جواب	j a w aa b	READY	
8978	236	OpenClass	letter	lettre	خِطاب	RIY		letter_NOUN	lettre_NOUN	xiTAb_NOUN	جواب	جواب	j a w aa b	READY	
8986	236	OpenClass	letter	lettre	خِطاب	JED		letter_NOUN	lettre_NOUN	xiTAb_NOUN	خطاب	خطاب	kh i t. aa b	READY	
8990	236	OpenClass	letter	lettre	خِطاب	RIY		letter_NOUN	lettre_NOUN	xiTAb_NOUN	خطاب	خطاب	kh i t. aa b	READY	
9001	236	OpenClass	letter	lettre	خِطاب	JED		letter_NOUN	lettre_NOUN	xiTAb_NOUN	رسالة	رسالة	r i s aa l a	READY	
9004	236	OpenClass	letter	lettre	خِطاب	RIY		letter_NOUN	lettre_NOUN	xiTAb_NOUN	رسالة	رسالة	r i s aa l a	READY	
9036	237	OpenClass	hat	chapeau	قُبَّعَة	JED		hat_NOUN	chapeau_NOUN	qubXaEap_NOUN	برنيطة	برنيطة	b u r n ee t. a	READY	
9062	237	OpenClass	hat	chapeau	قُبَّعَة	JED		hat_NOUN	chapeau_NOUN	qubXaEap_NOUN	طاقية	طاقية	t. aa g i y y a	READY	
9064	237	OpenClass	hat	chapeau	قُبَّعَة	RIY		hat_NOUN	chapeau_NOUN	qubXaEap_NOUN	طاقية	طاقية	t. aa g i y y a	READY	
9074	237	OpenClass	hat	chapeau	قُبَّعَة	JED		hat_NOUN	chapeau_NOUN	qubXaEap_NOUN	قبعة	قبعة	g u b b a 3 a	READY	
9081	237	OpenClass	hat	chapeau	قُبَّعَة	JED		hat_NOUN	chapeau_NOUN	qubXaEap_NOUN	كاب	كاب	k aa b	READY	
9082	237	OpenClass	hat	chapeau	قُبَّعَة	RIY		hat_NOUN	chapeau_NOUN	qubXaEap_NOUN	كاب	كاب	k aa b	READY	
9115	238	OpenClass	be	être	كان	JED		be_VERB	être_VERB	kAn_VERB	كان	كان	k aa n	READY	
9121	238	OpenClass	be	être	كان	RIY		be_VERB	être_VERB	kAn_VERB	كان	كان	k aa n	READY	
9143	239	OpenClass	soup	soupe	حَساء	JED		soup_NOUN	soupe_NOUN	HasAC_NOUN	شربة	شربة	sh u r b a	READY	
9145	239	OpenClass	soup	soupe	حَساء	RIY		soup_NOUN	soupe_NOUN	HasAC_NOUN	شربة	شربة	sh u r b a	READY	
9196	240	OpenClass	clothes	vêtement	مَلابِس	JED		clothes_NOUN	vêtement_NOUN	malobas_NOUN	حوايج	حوايج	7 a w aa y i j	READY	
9214	240	OpenClass	clothes	vêtement	مَلابِس	JED		clothes_NOUN	vêtement_NOUN	malobas_NOUN	لباس	لباس	l i b aa s	READY	
9215	240	OpenClass	clothes	vêtement	مَلابِس	RIY		clothes_NOUN	vêtement_NOUN	malobas_NOUN	لباس	لباس	l i b aa s	READY	
9225	240	OpenClass	clothes	vêtement	مَلابِس	JED		clothes_NOUN	vêtement_NOUN	malobas_NOUN	لبس	لبس	l i b s	READY	
9227	240	OpenClass	clothes	vêtement	مَلابِس	RIY		clothes_NOUN	vêtement_NOUN	malobas_NOUN	لبس	لبس	l i b s	READY	
9233	240	OpenClass	clothes	vêtement	مَلابِس	JED		clothes_NOUN	vêtement_NOUN	malobas_NOUN	ملابس	ملابس	m a l aa b i s	READY	
9237	240	OpenClass	clothes	vêtement	مَلابِس	RIY		clothes_NOUN	vêtement_NOUN	malobas_NOUN	ملابس	ملابس	m a l aa b i s	READY	
9253	240	OpenClass	clothes	vêtement	مَلابِس	JED		clothes_NOUN	vêtement_NOUN	malobas_NOUN	هدوم	هدوم	h u d uu m	READY	
9264	241	OpenClass	receipt	reçu	إِيصال	JED		receipt_NOUN	reçu_NOUN	IiySAl_NOUN	ايصال	ايصال	2 ii s. aa l	READY	
9267	241	OpenClass	receipt	reçu	إِيصال	RIY		receipt_NOUN	reçu_NOUN	IiySAl_NOUN	ايصال	ايصال	2 ii s. aa l	READY	
9295	241	OpenClass	receipt	reçu	إِيصال	JED		receipt_NOUN	reçu_NOUN	IiySAl_NOUN	فاتورة	فاتورة	f aa t uu r a	READY	
9298	241	OpenClass	receipt	reçu	إِيصال	RIY		receipt_NOUN	reçu_NOUN	IiySAl_NOUN	فاتورة	فاتورة	f aa t uu r a	READY	
9313	241	OpenClass	receipt	reçu	إِيصال	JED		receipt_NOUN	reçu_NOUN	IiySAl_NOUN	وصل	وصل	w a s. l	READY	
9315	241	OpenClass	receipt	reçu	إِيصال	RIY		receipt_NOUN	reçu_NOUN	IiySAl_NOUN	وصل	وصل	w a s. l	READY	
9328	243	OpenClass	dish	plat	طَبَق	JED		dish_NOUN	plat_NOUN	Tabaq_NOUN	تبسي	تبسي	t i b s i	CHECK	Foreign
9329	243	OpenClass	dish	plat	طَبَق	RIY		dish_NOUN	plat_NOUN	Tabaq_NOUN	تبسي	تبسي	t i b s i	CHECK	Foreign
9345	243	OpenClass	dish	plat	طَبَق	JED		dish_NOUN	plat_NOUN	Tabaq_NOUN	صحن	صحن	s. a 7 n	READY	
9346	243	OpenClass	dish	plat	طَبَق	RIY		dish_NOUN	plat_NOUN	Tabaq_NOUN	صحن	صحن	s. a 7 n	READY	
9348	243	OpenClass	dish	plat	طَبَق	JED		dish_NOUN	plat_NOUN	Tabaq_NOUN	صينية	صينية	s. ii n i y y a	READY	
9350	243	OpenClass	dish	plat	طَبَق	RIY		dish_NOUN	plat_NOUN	Tabaq_NOUN	صينية	صينية	s. ii n i y y a	READY	
9352	243	OpenClass	dish	plat	طَبَق	JED		dish_NOUN	plat_NOUN	Tabaq_NOUN	طبخة	طبخة	t. a b kh a	READY	
9353	243	OpenClass	dish	plat	طَبَق	RIY		dish_NOUN	plat_NOUN	Tabaq_NOUN	طبخة	طبخة	t. a b kh a	READY	
9362	243	OpenClass	dish	plat	طَبَق	JED		dish_NOUN	plat_NOUN	Tabaq_NOUN	طبق	طبق	t. a b a g	READY	
9364	243	OpenClass	dish	plat	طَبَق	RIY		dish_NOUN	plat_NOUN	Tabaq_NOUN	طبق	طبق	t. a b a g	READY	
9390	244	OpenClass	wait	attendre	ٱِنْتَظَر	JED		wait_VERB	attendre_VERB	LinotaZar_VERB	استنى	استنى	2 i s t a n n a	READY	
9392	244	OpenClass	wait	attendre	ٱِنْتَظَر	RIY		wait_VERB	attendre_VERB	LinotaZar_VERB	استنى	استنى	2 i s t a n n a	READY	
9431	244	OpenClass	wait	attendre	ٱِنْتَظَر	JED		wait_VERB	attendre_VERB	LinotaZar_VERB	صبر	صبر	s. a b a r	READY	
9449	245	OpenClass	form	formulaire	ٱِسْتِمارَة	JED		form_NOUN	formulaire_NOUN	LisotimArap_NOUN	استمارة	استمارة	2 i s t i m aa r a	READY	
9453	245	OpenClass	form	formulaire	ٱِسْتِمارَة	RIY		form_NOUN	formulaire_NOUN	LisotimArap_NOUN	استمارة	استمارة	2 i s t i m aa r a	READY	
9501	246	OpenClass	theater	théâtre	مَسْرَح	JED		theater_NOUN	théâtre_NOUN	masoraH_NOUN	مسرح	مسرح	m a s r a 7	READY	
9506	246	OpenClass	theater	théâtre	مَسْرَح	RIY		theater_NOUN	théâtre_NOUN	masoraH_NOUN	مسرح	مسرح	m a s r a 7	READY	
9575	247	MixedClass	want , would like	vouloir	أَراد ، وَدّ ، رَغِب	JED		want_VERB , would_PART like_verb	vouloir_VERB	OarAd_VERB , wadX_VERB , ragib_VERB	كان يبغى	كان يبغى	k aa n # y i b gh a	READY	
9581	247	MixedClass	want , would like	vouloir	أَراد ، وَدّ ، رَغِب	RIY		want_VERB , would_PART like_verb	vouloir_VERB	OarAd_VERB , wadX_VERB , ragib_VERB	كان يبي	كان يبي	k aa n y i b i	READY	
9589	248	OpenClass	wine	vin	نَبِيذ	JED		wine_NOUN	vin_NOUN	nabiyV_NOUN	خمر	خمر	kh a m r	READY	
9591	248	OpenClass	wine	vin	نَبِيذ	RIY		wine_NOUN	vin_NOUN	nabiyV_NOUN	خمر	خمر	kh a m r	READY	
9597	248	OpenClass	wine	vin	نَبِيذ	JED		wine_NOUN	vin_NOUN	nabiyV_NOUN	خمرة	خمرة	kh a m r a	READY	
9599	248	OpenClass	wine	vin	نَبِيذ	RIY		wine_NOUN	vin_NOUN	nabiyV_NOUN	خمرة	خمرة	kh a m r a	READY	
9641	249	OpenClass	smoking	fumer	تَدْخِين	JED		smoking_NOUN	fumer_NOUN	tadoxiyn_NOUN	تدخين	تدخين	t a d kh ii n	READY	
9645	249	OpenClass	smoking	fumer	تَدْخِين	RIY		smoking_NOUN	fumer_NOUN	tadoxiyn_NOUN	تدخين	تدخين	t a d kh ii n	READY	
9663	250	MixedClass	sit	se asseoir	جَلَس	JED		sit_VERB	se_PRON asseoir_VERB	jalas_VERB	اتربع	اتربع	2 i t r a b b a 3	READY	
9664	250	MixedClass	sit	se asseoir	جَلَس	RIY		sit_VERB	se_PRON asseoir_VERB	jalas_VERB	اتربع	اتربع	2 i t r a b b a 3	READY	
9679	250	MixedClass	sit	se asseoir	جَلَس	JED		sit_VERB	se_PRON asseoir_VERB	jalas_VERB	جلس	جلس	j a l a s	READY	
9680	250	MixedClass	sit	se asseoir	جَلَس	RIY		sit_VERB	se_PRON asseoir_VERB	jalas_VERB	جلس	جلس	j a l a s	READY	
9682	250	MixedClass	sit	se asseoir	جَلَس	JED		sit_VERB	se_PRON asseoir_VERB	jalas_VERB	جلس	جلس	j i l i s	READY	
9696	250	MixedClass	sit	se asseoir	جَلَس	JED		sit_VERB	se_PRON asseoir_VERB	jalas_VERB	قعد	قعد	g a 3 a d	READY	
9698	250	MixedClass	sit	se asseoir	جَلَس	RIY		sit_VERB	se_PRON asseoir_VERB	jalas_VERB	قعد	قعد	g a 3 a d	READY	
9712	252	OpenClass	borrow	emprunter	ٱِسْتَعار	JED		borrow_VERB	emprunter_VERB	LisotaEAr_VERB	اتدين	اتدين	2 i t d a y y a n	READY	
9713	252	OpenClass	borrow	emprunter	ٱِسْتَعار	RIY		borrow_VERB	emprunter_VERB	LisotaEAr_VERB	اتدين	اتدين	2 i t d a y y a n	READY	
9735	252	OpenClass	borrow	emprunter	ٱِسْتَعار	JED		borrow_VERB	emprunter_VERB	LisotaEAr_VERB	استعار	استعار	2 i s t a 3 aa r	READY	
9739	252	OpenClass	borrow	emprunter	ٱِسْتَعار	RIY		borrow_VERB	emprunter_VERB	LisotaEAr_VERB	استعار	استعار	2 i s t a 3 aa r	READY	
9753	252	OpenClass	borrow	emprunter	ٱِسْتَعار	JED		borrow_VERB	emprunter_VERB	LisotaEAr_VERB	استلف	استلف	2 i s t a l a f	READY	
9763	252	OpenClass	borrow	emprunter	ٱِسْتَعار	JED		borrow_VERB	emprunter_VERB	LisotaEAr_VERB	اقترض	اقترض	2 i q t a r a d.	READY	
9764	252	OpenClass	borrow	emprunter	ٱِسْتَعار	RIY		borrow_VERB	emprunter_VERB	LisotaEAr_VERB	اقترض	اقترض	2 i q t a r a dh.	READY	
9798	253	OpenClass	best , better	meilleur	أَفْضَل	JED		best_ADJ , better_ADJ	meilleur_ADJ	OafoDal_ADJ	احسن	احسن	2 a 7 s a n	READY	
9803	253	OpenClass	best , better	meilleur	أَفْضَل	RIY		best_ADJ , better_ADJ	meilleur_ADJ	OafoDal_ADJ	احسن	احسن	2 a 7 s a n	READY	
9821	253	OpenClass	best , better	meilleur	أَفْضَل	JED		best_ADJ , better_ADJ	meilleur_ADJ	OafoDal_ADJ	افضل	افضل	2 a f d. a l	READY	
9828	253	OpenClass	best , better	meilleur	أَفْضَل	RIY		best_ADJ , better_ADJ	meilleur_ADJ	OafoDal_ADJ	افضل	افضل	2 a f dh. a l	READY	
9844	254	OpenClass	medicine	médicament	دَواء	JED		medicine_NOUN	médicament_NOUN	dawAC_NOUN	دوا	دوا	d a w a	READY	
9848	254	OpenClass	medicine	médicament	دَواء	RIY		medicine_NOUN	médicament_NOUN	dawAC_NOUN	دوا	دوا	d a w a	READY	
9871	254	OpenClass	medicine	médicament	دَواء	JED		medicine_NOUN	médicament_NOUN	dawAC_NOUN	علاج	علاج	3 i l aa j	READY	
9874	254	OpenClass	medicine	médicament	دَواء	RIY		medicine_NOUN	médicament_NOUN	dawAC_NOUN	علاج	علاج	3 i l aa j	READY	
9892	256	OpenClass	reserve	réserver	حَجَز	JED		reserve_VERB	réserver_VERB	Hajaz_VERB	حجز	حجز	7 a j a z	READY	
9894	256	OpenClass	reserve	réserver	حَجَز	RIY		reserve_VERB	réserver_VERB	Hajaz_VERB	حجز	حجز	7 a j a z	READY	
9940	257	OpenClass	seem	sembler	بَدا	RIY		seem_VERB	sembler_VERB	badA_VERB	ظهر	ظهر	dh. a h a r	READY	
9949	257	OpenClass	seem	sembler	بَدا	JED		seem_VERB	sembler_VERB	badA_VERB	ظهر	ظهر	z. a h a r	READY	
9958	257	OpenClass	seem	sembler	بَدا	JED		seem_VERB	sembler_VERB	badA_VERB	كان شكله	كان شكل +ه	k aa n # sh a k l u	READY	
9959	257	OpenClass	seem	sembler	بَدا	RIY		seem_VERB	sembler_VERB	badA_VERB	كان شكله	كان شكل +ه	k aa n # sh a k l u	READY	
9964	257	OpenClass	seem	sembler	بَدا	JED		seem_VERB	sembler_VERB	badA_VERB	يبدو	يبدو	y a b d u	READY	
9965	257	OpenClass	seem	sembler	بَدا	RIY		seem_VERB	sembler_VERB	badA_VERB	يبدو	يبدو	y a b d u	READY	
9971	258	MixedClass	operator	opérateur	عامِل ال+ تِلِفُون	JED		operator_NOUN	opérateur_NOUN	EAmil_NOUN Al+_DET tilifuwn_NOUN	استعلامات	استعلامات	2 i s t i 3 l aa m aa t	READY	
9972	258	MixedClass	operator	opérateur	عامِل ال+ تِلِفُون	RIY		operator_NOUN	opérateur_NOUN	EAmil_NOUN Al+_DET tilifuwn_NOUN	استعلامات	استعلامات	2 i s t i 3 l aa m aa t	READY	
9984	258	MixedClass	operator	opérateur	عامِل ال+ تِلِفُون	JED		operator_NOUN	opérateur_NOUN	EAmil_NOUN Al+_DET tilifuwn_NOUN	سنترال	سنترال	s i n t r aa l	CHECK	Foreign
9985	258	MixedClass	operator	opérateur	عامِل ال+ تِلِفُون	RIY		operator_NOUN	opérateur_NOUN	EAmil_NOUN Al+_DET tilifuwn_NOUN	سنترال	سنترال	s i n t r aa l	CHECK	Foreign
10002	258	MixedClass	operator	opérateur	عامِل ال+ تِلِفُون	RIY		operator_NOUN	opérateur_NOUN	EAmil_NOUN Al+_DET tilifuwn_NOUN	موظف الاستعلامات	موظف ال+ استعلامات	m u w a dh. dh. a f # a l 2 i s t i 3 l aa m aa t	READY	
10003	258	MixedClass	operator	opérateur	عامِل ال+ تِلِفُون	JED		operator_NOUN	opérateur_NOUN	EAmil_NOUN Al+_DET tilifuwn_NOUN	موظف الاستعلامات	موظف ال+ استعلامات	m u w a z. z. a f # e l 2 i s t i 3 l aa m aa t	READY	
10004	258	MixedClass	operator	opérateur	عامِل ال+ تِلِفُون	RIY		operator_NOUN	opérateur_NOUN	EAmil_NOUN Al+_DET tilifuwn_NOUN	موظف السنترال	موظف ال+ سنترال	m u w a dh. dh. a f # a s s i n t r aa l	CHECK	Foreign
10005	258	MixedClass	operator	opérateur	عامِل ال+ تِلِفُون	JED		operator_NOUN	opérateur_NOUN	EAmil_NOUN Al+_DET tilifuwn_NOUN	موظف السنترال	موظف ال+ سنترال	m u w a z. z. a f # e s s i n t r aa l	CHECK	Foreign
10029	259	OpenClass	explain	expliquer	شَرَح	JED		explain_VERB	expliquer_VERB	caraH_VERB	شرح	شرح	sh a r a 7	READY	
10034	259	OpenClass	explain	expliquer	شَرَح	RIY		explain_VERB	expliquer_VERB	caraH_VERB	شرح	شرح	sh a r a 7	READY	
10058	259	OpenClass	explain	expliquer	شَرَح	JED		explain_VERB	expliquer_VERB	caraH_VERB	فسر	فسر	f a s s a r	READY	
10062	259	OpenClass	explain	expliquer	شَرَح	RIY		explain_VERB	expliquer_VERB	caraH_VERB	فسر	فسر	f a s s a r	READY	
10075	259	OpenClass	explain	expliquer	شَرَح	JED		explain_VERB	expliquer_VERB	caraH_VERB	فهم	فهم	f a h h a m	READY	
10077	259	OpenClass	explain	expliquer	شَرَح	RIY		explain_VERB	expliquer_VERB	caraH_VERB	فهم	فهم	f a h h a m	READY	
10092	259	OpenClass	explain	expliquer	شَرَح	JED		explain_VERB	expliquer_VERB	caraH_VERB	وضح	وضح	w a d. d. a 7	READY	
10100	259	OpenClass	explain	expliquer	شَرَح	RIY		explain_VERB	expliquer_VERB	caraH_VERB	وضح	وضح	w a dh. dh. a 7	READY	
10120	260	MixedClass	depend	dépendre	تَوَقَّف عَلَى	JED		depend_VERB	dépendre_VERB	tawaqXaf_VERB EalaY_ADP	اعتمد على	اعتمد على	2 i 3 t a m a d # 3 a l a	READY	
10121	260	MixedClass	depend	dépendre	تَوَقَّف عَلَى	RIY		depend_VERB	dépendre_VERB	tawaqXaf_VERB EalaY_ADP	اعتمد على	اعتمد على	2 i 3 t a m a d # 3 a l a	READY	
10126	260	MixedClass	depend	dépendre	تَوَقَّف عَلَى	JED		depend_VERB	dépendre_VERB	tawaqXaf_VERB EalaY_ADP	حسب	حسب	7 a s a b	READY	
10128	260	MixedClass	depend	dépendre	تَوَقَّف عَلَى	RIY		depend_VERB	dépendre_VERB	tawaqXaf_VERB EalaY_ADP	حسب	حسب	7 a s a b	READY	
10134	260	MixedClass	depend	dépendre	تَوَقَّف عَلَى	JED		depend_VERB	dépendre_VERB	tawaqXaf_VERB EalaY_ADP	واقف على	واقف على	w aa g i f # 3 a l a	READY	
10135	260	MixedClass	depend	dépendre	تَوَقَّف عَلَى	RIY		depend_VERB	dépendre_VERB	tawaqXaf_VERB EalaY_ADP	واقف على	واقف على	w aa g i f # 3 a l a	READY	
10148	261	OpenClass	program	programme	بَرْنامَج	JED		program_NOUN	programme_NOUN	baronAmaj_NOUN	برنامج	برنامج	b a r n aa m i j	READY	
10150	261	OpenClass	program	programme	بَرْنامَج	RIY		program_NOUN	programme_NOUN	baronAmaj_NOUN	برنامج	برنامج	b a r n aa m i j	READY	
10168	261	OpenClass	program	programme	بَرْنامَج	JED		program_NOUN	programme_NOUN	baronAmaj_NOUN	خطة	خطة	kh u t. t. a	READY	
10169	261	OpenClass	program	programme	بَرْنامَج	RIY		program_NOUN	programme_NOUN	baronAmaj_NOUN	خطة	خطة	kh u t. t. a	READY	
10194	262	OpenClass	table	table	مائِدَة	JED		table_NOUN	table_NOUN	mAQidap_NOUN	طاولة	طاولة	t. aa w l a	READY	
10197	262	OpenClass	table	table	مائِدَة	RIY		table_NOUN	table_NOUN	mAQidap_NOUN	طاولة	طاولة	t. aa w l a	READY	
10213	262	OpenClass	table	table	مائِدَة	JED		table_NOUN	table_NOUN	mAQidap_NOUN	طرابيزة	طرابيزة	t. a r a b ii z. a	CHECK	Foreign
10232	263	OpenClass	appointment	rendez-vous	مَوْعِد	RIY		appointment_NOUN	rendez-vous_NOUN	mawoEid_NOUN	مقابلة	مقابلة	m i g aa b a l a	READY	
10233	263	OpenClass	appointment	rendez-vous	مَوْعِد	JED		appointment_NOUN	rendez-vous_NOUN	mawoEid_NOUN	مقابلة	مقابلة	m u g aa b a l a	READY	
10234	263	OpenClass	appointment	rendez-vous	مَوْعِد	RIY		appointment_NOUN	rendez-vous_NOUN	mawoEid_NOUN	مقابلة	مقابلة	m u g aa b a l a	READY	
10246	263	OpenClass	appointment	rendez-vous	مَوْعِد	JED		appointment_NOUN	rendez-vous_NOUN	mawoEid_NOUN	موعد	موعد	m a w 3 i d	READY	
10251	263	OpenClass	appointment	rendez-vous	مَوْعِد	RIY		appointment_NOUN	rendez-vous_NOUN	mawoEid_NOUN	موعد	موعد	m a w 3 i d	READY	
10257	263	OpenClass	appointment	rendez-vous	مَوْعِد	JED		appointment_NOUN	rendez-vous_NOUN	mawoEid_NOUN	ميعاد	ميعاد	m ii 3 aa d	READY	
10258	263	OpenClass	appointment	rendez-vous	مَوْعِد	RIY		appointment_NOUN	rendez-vous_NOUN	mawoEid_NOUN	ميعاد	ميعاد	m ii 3 aa d	READY	
10265	264	OpenClass	stomach	estomac	مَعِدَة	JED		stomach_NOUN	estomac_NOUN	maEidap_NOUN	بطن	بطن	b a t. n	READY	
10266	264	OpenClass	stomach	estomac	مَعِدَة	RIY		stomach_NOUN	estomac_NOUN	maEidap_NOUN	بطن	بطن	b a t. n	READY	
10274	264	OpenClass	stomach	estomac	مَعِدَة	JED		stomach_NOUN	estomac_NOUN	maEidap_NOUN	كرشة	كرشة	k i r sh a	READY	
10308	265	OpenClass	belt	ceinture	حِزام	JED		belt_NOUN	ceinture_NOUN	HizAm_NOUN	حزام	حزام	7 i z aa m	READY	
10311	265	OpenClass	belt	ceinture	حِزام	RIY		belt_NOUN	ceinture_NOUN	HizAm_NOUN	حزام	حزام	7 i z aa m	READY	
10359	266	OpenClass	steal	voler	سَرَق	JED		steal_VERB	voler_VERB	saraq_VERB	خطف	خطف	kh a t. a f	READY	
10360	266	OpenClass	steal	voler	سَرَق	RIY		steal_VERB	voler_VERB	saraq_VERB	خطف	خطف	kh a t. a f	READY	
10376	266	OpenClass	steal	voler	سَرَق	JED		steal_VERB	voler_VERB	saraq_VERB	سرق	سرق	s a r a g	READY	
10378	266	OpenClass	steal	voler	سَرَق	RIY		steal_VERB	voler_VERB	saraq_VERB	سرق	سرق	s a r a g	READY	
10400	266	OpenClass	steal	voler	سَرَق	JED		steal_VERB	voler_VERB	saraq_VERB	سلب	سلب	s a l a b	READY	
10401	266	OpenClass	steal	voler	سَرَق	RIY		steal_VERB	voler_VERB	saraq_VERB	سلب	سلب	s a l a b	READY	
10432	266	OpenClass	steal	voler	سَرَق	JED		steal_VERB	voler_VERB	saraq_VERB	نشل	نشل	n a sh a l	READY	
10435	266	OpenClass	steal	voler	سَرَق	RIY		steal_VERB	voler_VERB	saraq_VERB	نشل	نشل	n a sh a l	READY	
10445	266	OpenClass	steal	voler	سَرَق	JED		steal_VERB	voler_VERB	saraq_VERB	نهب	نهب	n a h a b	READY	
10448	266	OpenClass	steal	voler	سَرَق	RIY		steal_VERB	voler_VERB	saraq_VERB	نهب	نهب	n a h a b	READY	
10456	267	OpenClass	give	donner	أَعْطَى	JED		give_VERB	donner_VERB	OaEoTaY_VERB	ادى	ادى	2 a d d a	READY	
10498	267	OpenClass	give	donner	أَعْطَى	RIY		give_VERB	donner_VERB	OaEoTaY_VERB	عطى	عطى	3 a t. a	READY	
10511	267	OpenClass	give	donner	أَعْطَى	JED		give_VERB	donner_VERB	OaEoTaY_VERB	هات	هات	h aa t	READY	
10512	267	OpenClass	give	donner	أَعْطَى	RIY		give_VERB	donner_VERB	OaEoTaY_VERB	هات	هات	h aa t	READY	
10541	268	OpenClass	seat	place	مَقْعَد	JED		seat_NOUN	place_NOUN	maqoEad_NOUN	كرسي	كرسي	k u r s i	READY	
10545	268	OpenClass	seat	place	مَقْعَد	RIY		seat_NOUN	place_NOUN	maqoEad_NOUN	كرسي	كرسي	k u r s i	READY	
10596	269	OpenClass	paper	papier	وَرَق	JED		paper_NOUN	papier_NOUN	waraq_NOUN	ورق	ورق	w a r a g	READY	
10598	269	OpenClass	paper	papier	وَرَق	RIY		paper_NOUN	papier_NOUN	waraq_NOUN	ورق	ورق	w a r a g	READY	
10627	270	OpenClass	size	taille	مَقاس ، حَجْم	JED		size_NOUN	taille_NOUN	maqAs_NOUN , Hajom_NOUN	حجم	حجم	7 a j m	READY	
10628	270	OpenClass	size	taille	مَقاس ، حَجْم	RIY		size_NOUN	taille_NOUN	maqAs_NOUN , Hajom_NOUN	حجم	حجم	7 a j m	READY	
10639	270	OpenClass	size	taille	مَقاس ، حَجْم	JED		size_NOUN	taille_NOUN	maqAs_NOUN , Hajom_NOUN	قد	قد	g a d d	READY	
10651	270	OpenClass	size	taille	مَقاس ، حَجْم	JED		size_NOUN	taille_NOUN	maqAs_NOUN , Hajom_NOUN	قياس	قياس	g i y aa s	READY	
10652	270	OpenClass	size	taille	مَقاس ، حَجْم	RIY		size_NOUN	taille_NOUN	maqAs_NOUN , Hajom_NOUN	قياس	قياس	g i y aa s	READY	
10674	270	OpenClass	size	taille	مَقاس ، حَجْم	JED		size_NOUN	taille_NOUN	maqAs_NOUN , Hajom_NOUN	مقاس	مقاس	m a g aa s	READY	
10676	270	OpenClass	size	taille	مَقاس ، حَجْم	RIY		size_NOUN	taille_NOUN	maqAs_NOUN , Hajom_NOUN	مقاس	مقاس	m a g aa s	READY	
10692	271	OpenClass	speak , talk	parler	تَحَدَّث ، تَكَلَّم	JED		speak_VERB , talk_VERB	parler_VERB	taHadXav_VERB , takalXam_VERB	اتكلم	اتكلم	2 i t k a l l a m	READY	
10695	271	OpenClass	speak , talk	parler	تَحَدَّث ، تَكَلَّم	RIY		speak_VERB , talk_VERB	parler_VERB	taHadXav_VERB , takalXam_VERB	اتكلم	اتكلم	2 i t k a l l a m	READY	
10740	271	OpenClass	speak , talk	parler	تَحَدَّث ، تَكَلَّم	JED		speak_VERB , talk_VERB	parler_VERB	taHadXav_VERB , takalXam_VERB	حكي	حكي	7 i k i	READY	
10752	271	OpenClass	speak , talk	parler	تَحَدَّث ، تَكَلَّم	RIY		speak_VERB , talk_VERB	parler_VERB	taHadXav_VERB , takalXam_VERB	سولف	سولف	s oo l a f	READY	
10764	271	OpenClass	speak , talk	parler	تَحَدَّث ، تَكَلَّم	JED		speak_VERB , talk_VERB	parler_VERB	taHadXav_VERB , takalXam_VERB	هرج	هرج	h a r a j	READY	
10765	271	OpenClass	speak , talk	parler	تَحَدَّث ، تَكَلَّم	JED		speak_VERB , talk_VERB	parler_VERB	taHadXav_VERB , takalXam_VERB	هرج	هرج	h i r i j	READY	
10795	272	MixedClass	look for	chercher	بَحَث	JED		look_VERB for_ADP	chercher_VERB	baHav_VERB	دور	دور	d a w w a r	READY	
10799	272	MixedClass	look for	chercher	بَحَث	RIY		look_VERB for_ADP	chercher_VERB	baHav_VERB	دور	دور	d a w w a r	READY	
10804	272	MixedClass	look for	chercher	بَحَث	JED		look_VERB for_ADP	chercher_VERB	baHav_VERB	شاف	شاف	sh aa f	READY	
10807	272	MixedClass	look for	chercher	بَحَث	RIY		look_VERB for_ADP	chercher_VERB	baHav_VERB	شاف	شاف	sh aa f	READY	
10815	272	MixedClass	look for	chercher	بَحَث	JED		look_VERB for_ADP	chercher_VERB	baHav_VERB	فتش	فتش	f a t t a sh	READY	
10818	272	MixedClass	look for	chercher	بَحَث	RIY		look_VERB for_ADP	chercher_VERB	baHav_VERB	فتش	فتش	f a t t a sh	READY	
10851	273	OpenClass	maybe	peut-être	رُبَّما	JED		maybe_ADV	peut-être_ADV	rubXamA_ADV	بلكي	بلكي	b a l k i	CHECK	Foreign
10875	273	OpenClass	maybe	peut-être	رُبَّما	JED		maybe_ADV	peut-être_ADV	rubXamA_ADV	ممكن	ممكن	m u m k i n	READY	
10878	273	OpenClass	maybe	peut-être	رُبَّما	RIY		maybe_ADV	peut-être_ADV	rubXamA_ADV	ممكن	ممكن	m u m k i n	READY	
10895	273	OpenClass	maybe	peut-être	رُبَّما	JED		maybe_ADV	peut-être_ADV	rubXamA_ADV	يمكن	يمكن	y i m k i n	READY	
10899	273	OpenClass	maybe	peut-être	رُبَّما	RIY		maybe_ADV	peut-être_ADV	rubXamA_ADV	يمكن	يمكن	y i m k i n	READY	
10926	274	OpenClass	foot	pied	قَدَم	JED		foot_NOUN	pied_NOUN	qadam_NOUN	رجل	رجل	r i j l	READY	
10927	274	OpenClass	foot	pied	قَدَم	RIY		foot_NOUN	pied_NOUN	qadam_NOUN	رجل	رجل	r i j l	READY	
10938	274	OpenClass	foot	pied	قَدَم	JED		foot_NOUN	pied_NOUN	qadam_NOUN	قدم	قدم	g a d a m	READY	
10940	274	OpenClass	foot	pied	قَدَم	RIY		foot_NOUN	pied_NOUN	qadam_NOUN	قدم	قدم	g a d a m	READY	
10957	276	OpenClass	case	cas	حالَة	JED		case_NOUN	cas_NOUN	HAlap_NOUN	حالة	حالة	7 aa l a	READY	
10962	276	OpenClass	case	cas	حالَة	RIY		case_NOUN	cas_NOUN	HAlap_NOUN	حالة	حالة	7 aa l a	READY	
10982	276	OpenClass	case	cas	حالَة	JED		case_NOUN	cas_NOUN	HAlap_NOUN	قضية	قضية	g a d. i y y a	READY	
10983	276	OpenClass	case	cas	حالَة	RIY		case_NOUN	cas_NOUN	HAlap_NOUN	قضية	قضية	g a dh. i y y a	READY	
10987	276	OpenClass	case	cas	حالَة	JED		case_NOUN	cas_NOUN	HAlap_NOUN	قضية	قضية	q a d. i y y a	READY	
10991	276	OpenClass	case	cas	حالَة	RIY		case_NOUN	cas_NOUN	HAlap_NOUN	قضية	قضية	q a dh. i y y a	READY	
10996	276	OpenClass	case	cas	حالَة	JED		case_NOUN	cas_NOUN	HAlap_NOUN	موضوع	موضوع	m a w d. uu 3	READY	
10997	276	OpenClass	case	cas	حالَة	RIY		case_NOUN	cas_NOUN	HAlap_NOUN	موضوع	موضوع	m a w dh. uu 3	READY	
11021	277	OpenClass	bed	lit	سَرِير	JED		bed_NOUN	lit_NOUN	sariyr_NOUN	سرير	سرير	s a r ii r	READY	
11024	277	OpenClass	bed	lit	سَرِير	RIY		bed_NOUN	lit_NOUN	sariyr_NOUN	سرير	سرير	s a r ii r	READY	
11043	277	OpenClass	bed	lit	سَرِير	JED		bed_NOUN	lit_NOUN	sariyr_NOUN	فراش	فراش	f i r aa sh	READY	
11044	277	OpenClass	bed	lit	سَرِير	RIY		bed_NOUN	lit_NOUN	sariyr_NOUN	فراش	فراش	f i r aa sh	READY	
11084	278	MixedClass	driver 's license	permis de conduire	رُخْصَة قِيادَة	JED		driver_NOUN 's_PART license_NOUN	permis_NOUN de_ADP conduire_VERB	ruxoSap_NOUN qiyAdap_NOUN	رخصة	رخصة	r u kh s. a	READY	
11088	278	MixedClass	driver 's license	permis de conduire	رُخْصَة قِيادَة	RIY		driver_NOUN 's_PART license_NOUN	permis_NOUN de_ADP conduire_VERB	ruxoSap_NOUN qiyAdap_NOUN	رخصة	رخصة	r u kh s. a	READY	
11131	279	OpenClass	wonderful	merveilleux	رائِع	JED		wonderful_ADJ	merveilleux_ADJ	rAQiE_ADJ	حلو	حلو	7 i l u	READY	
11134	279	OpenClass	wonderful	merveilleux	رائِع	RIY		wonderful_ADJ	merveilleux_ADJ	rAQiE_ADJ	حلو	حلو	7 i l u	READY	
11146	279	OpenClass	wonderful	merveilleux	رائِع	JED		wonderful_ADJ	merveilleux_ADJ	rAQiE_ADJ	رائع	رائع	r aa 2 i 3	READY	
11150	279	OpenClass	wonderful	merveilleux	رائِع	RIY		wonderful_ADJ	merveilleux_ADJ	rAQiE_ADJ	رائع	رائع	r aa 2 i 3	READY	
11160	279	OpenClass	wonderful	merveilleux	رائِع	JED		wonderful_ADJ	merveilleux_ADJ	rAQiE_ADJ	روعة	روعة	r a w 3 a	READY	
11161	279	OpenClass	wonderful	merveilleux	رائِع	RIY		wonderful_ADJ	merveilleux_ADJ	rAQiE_ADJ	روعة	روعة	r a w 3 a	READY	
11189	279	OpenClass	wonderful	merveilleux	رائِع	JED		wonderful_ADJ	merveilleux_ADJ	rAQiE_ADJ	يجنن	يجنن	y i j a n n i n	READY	
11209	280	OpenClass	plate	assiette	طَبَق	JED		plate_NOUN	assiette_NOUN	Tabaq_NOUN	صحن	صحن	s. a 7 n	READY	
11211	280	OpenClass	plate	assiette	طَبَق	RIY		plate_NOUN	assiette_NOUN	Tabaq_NOUN	صحن	صحن	s. a 7 n	READY	
11225	280	OpenClass	plate	assiette	طَبَق	JED		plate_NOUN	assiette_NOUN	Tabaq_NOUN	طبق	طبق	t. a b a g	READY	
11227	280	OpenClass	plate	assiette	طَبَق	RIY		plate_NOUN	assiette_NOUN	Tabaq_NOUN	طبق	طبق	t. a b a g	READY	
11237	281	OpenClass	reconfirm	reconfirmer	أَعاد تَأْكِيد	JED		reconfirm_VERB	reconfirmer_VERB	OaEAd_VERB taOokiyd_NOUN	اتأكد	اتأكد	2 i t 2 a k k a d	READY	
11238	281	OpenClass	reconfirm	reconfirmer	أَعاد تَأْكِيد	RIY		reconfirm_VERB	reconfirmer_VERB	OaEAd_VERB taOokiyd_NOUN	اتأكد	اتأكد	2 i t 2 a k k a d	READY	
11239	281	OpenClass	reconfirm	reconfirmer	أَعاد تَأْكِيد	JED		reconfirm_VERB	reconfirmer_VERB	OaEAd_VERB taOokiyd_NOUN	اعادة تأكيد	اعادة تأكيد	2 i 3 aa d a t # t a 2 k ii d	READY	
11240	281	OpenClass	reconfirm	reconfirmer	أَعاد تَأْكِيد	RIY		reconfirm_VERB	reconfirmer_VERB	OaEAd_VERB taOokiyd_NOUN	اعادة تأكيد	اعادة تأكيد	2 i 3 aa d a t # t a 2 k ii d	READY	
11241	281	OpenClass	reconfirm	reconfirmer	أَعاد تَأْكِيد	JED		reconfirm_VERB	reconfirmer_VERB	OaEAd_VERB taOokiyd_NOUN	اعادة تشييك	اعادة تشييك	2 i 3 aa d a t # t a sh y ii k	READY	
11242	281	OpenClass	reconfirm	reconfirmer	أَعاد تَأْكِيد	RIY		reconfirm_VERB	reconfirmer_VERB	OaEAd_VERB taOokiyd_NOUN	اعادة تشييك	اعادة تشييك	2 i 3 aa d a t # t a sh y ii k	READY	
11272	281	OpenClass	reconfirm	reconfirmer	أَعاد تَأْكِيد	JED		reconfirm_VERB	reconfirmer_VERB	OaEAd_VERB taOokiyd_NOUN	شيك	شيك	sh a y y a k	CHECK	Foreign
11273	281	OpenClass	reconfirm	reconfirmer	أَعاد تَأْكِيد	RIY		reconfirm_VERB	reconfirmer_VERB	OaEAd_VERB taOokiyd_NOUN	شيك	شيك	sh a y y a k	CHECK	Foreign
11274	281	OpenClass	reconfirm	reconfirmer	أَعاد تَأْكِيد	JED		reconfirm_VERB	reconfirmer_VERB	OaEAd_VERB taOokiyd_NOUN	شيك مرة ثانية	شيك مرة ثانية	sh a y y i k # m a r r a # t aa n y a	READY	
11275	281	OpenClass	reconfirm	reconfirmer	أَعاد تَأْكِيد	RIY		reconfirm_VERB	reconfirmer_VERB	OaEAd_VERB taOokiyd_NOUN	شيك مرة ثانية	شيك مرة ثانية	sh a y y i k # m a r r a # t aa n y a	READY	
11306	282	MixedClass	lipstick	rouge à lèvre	أَحْمَر ال+ شِفاه	JED		lipstick_NOUN	rouge_ADJ à_ADP lèvre_NOUN	OaHomar_ADJ Al+_DET cafap_NOUN	روج	روج	r oo j	READY	
11309	282	MixedClass	lipstick	rouge à lèvre	أَحْمَر ال+ شِفاه	RIY		lipstick_NOUN	rouge_ADJ à_ADP lèvre_NOUN	OaHomar_ADJ Al+_DET cafap_NOUN	روج	روج	r oo j	READY	
11348	283	OpenClass	call	appel	مُكالَمَة	JED		call_NOUN	appel_NOUN	mukAlamap_NOUN	اتصال	اتصال	2 i t t i s. aa l	READY	
11351	283	OpenClass	call	appel	مُكالَمَة	RIY		call_NOUN	appel_NOUN	mukAlamap_NOUN	اتصال	اتصال	2 i t t i s. aa l	READY	
11378	283	OpenClass	call	appel	مُكالَمَة	JED		call_NOUN	appel_NOUN	mukAlamap_NOUN	مكالمة	مكالمة	m u k aa l a m a	READY	
11380	283	OpenClass	call	appel	مُكالَمَة	RIY		call_NOUN	appel_NOUN	mukAlamap_NOUN	مكالمة	مكالمة	m u k aa l a m a	READY	
11411	284	OpenClass	platform	quai	رَصِيف	JED		platform_NOUN	quai_NOUN	raSiyf_NOUN	رصيف	رصيف	r a s. ii f	READY	
11415	284	OpenClass	platform	quai	رَصِيف	RIY		platform_NOUN	quai_NOUN	raSiyf_NOUN	رصيف	رصيف	r a s. ii f	READY	
11428	284	OpenClass	platform	quai	رَصِيف	JED		platform_NOUN	quai_NOUN	raSiyf_NOUN	مدرج	مدرج	m u d a r r a j	READY	
11429	284	OpenClass	platform	quai	رَصِيف	RIY		platform_NOUN	quai_NOUN	raSiyf_NOUN	مدرج	مدرج	m u d a r r a j	READY	
11430	284	OpenClass	platform	quai	رَصِيف	JED		platform_NOUN	quai_NOUN	raSiyf_NOUN	منصة	منصة	m a n a s. s. a	READY	
11431	284	OpenClass	platform	quai	رَصِيف	RIY		platform_NOUN	quai_NOUN	raSiyf_NOUN	منصة	منصة	m a n a s. s. a	READY	
11446	285	OpenClass	fever	fièvre	حُمَّى	JED		fever_NOUN	fièvre_NOUN	HumXaY_NOUN	حرارة	حرارة	7 a r aa r a	READY	
11450	285	OpenClass	fever	fièvre	حُمَّى	RIY		fever_NOUN	fièvre_NOUN	HumXaY_NOUN	حرارة	حرارة	7 a r aa r a	READY	
11467	285	OpenClass	fever	fièvre	حُمَّى	JED		fever_NOUN	fièvre_NOUN	HumXaY_NOUN	حمى	حمى	7 u m m a	READY	
11471	285	OpenClass	fever	fièvre	حُمَّى	RIY		fever_NOUN	fièvre_NOUN	HumXaY_NOUN	حمى	حمى	7 u m m a	READY	
11486	285	OpenClass	fever	fièvre	حُمَّى	JED		fever_NOUN	fièvre_NOUN	HumXaY_NOUN	سخونة	سخونة	s u kh uu n a	READY	
11487	285	OpenClass	fever	fièvre	حُمَّى	RIY		fever_NOUN	fièvre_NOUN	HumXaY_NOUN	سخونة	سخونة	s u kh uu n a	READY	
11507	286	OpenClass	old	vieux	قَدِيم	JED		old_ADJ	vieux_ADJ	qadiym_ADJ	شايب	شايب	sh aa y i b	READY	
11509	286	OpenClass	old	vieux	قَدِيم	RIY		old_ADJ	vieux_ADJ	qadiym_ADJ	شايب	شايب	sh aa y i b	READY	
11512	286	OpenClass	old	vieux	قَدِيم	JED		old_ADJ	vieux_ADJ	qadiym_ADJ	شيبة	شيبة	sh ee b a	READY	
11513	286	OpenClass	old	vieux	قَدِيم	RIY		old_ADJ	vieux_ADJ	qadiym_ADJ	شيبة	شيبة	sh ee b a	READY	
11528	286	OpenClass	old	vieux	قَدِيم	JED		old_ADJ	vieux_ADJ	qadiym_ADJ	عجوز	عجوز	3 a j uu z	READY	
11529	286	OpenClass	old	vieux	قَدِيم	RIY		old_ADJ	vieux_ADJ	qadiym_ADJ	عجوز	عجوز	3 a j uu z	READY	
11541	286	OpenClass	old	vieux	قَدِيم	JED		old_ADJ	vieux_ADJ	qadiym_ADJ	قديم	قديم	g a d ii m	READY	
11543	286	OpenClass	old	vieux	قَدِيم	RIY		old_ADJ	vieux_ADJ	qadiym_ADJ	قديم	قديم	g a d ii m	READY	
11559	286	OpenClass	old	vieux	قَدِيم	JED		old_ADJ	vieux_ADJ	qadiym_ADJ	كبير	كبير	k a b ii r	READY	
11560	286	OpenClass	old	vieux	قَدِيم	RIY		old_ADJ	vieux_ADJ	qadiym_ADJ	كبير	كبير	k a b ii r	READY	
11576	288	OpenClass	play	jouer	لَعِب	RIY		play_VERB	jouer_VERB	laEib_VERB	لعب	لعب	l a 3 a b	READY	
11590	288	OpenClass	play	jouer	لَعِب	JED		play_VERB	jouer_VERB	laEib_VERB	لعب	لعب	l i 3 i b	READY	
11620	289	OpenClass	station	gare	مَحَطَّة	JED		station_NOUN	gare_NOUN	maHaTXap_NOUN	محطة	محطة	m a 7 a t. t. a	READY	
11626	289	OpenClass	station	gare	مَحَطَّة	RIY		station_NOUN	gare_NOUN	maHaTXap_NOUN	محطة	محطة	m a 7 a t. t. a	READY	
11660	290	OpenClass	picture	photo	صُورَة	JED		picture_NOUN	photo_NOUN	Suwrap_NOUN	صورة	صورة	s. uu r a	READY	
11664	290	OpenClass	picture	photo	صُورَة	RIY		picture_NOUN	photo_NOUN	Suwrap_NOUN	صورة	صورة	s. uu r a	READY	
11703	291	OpenClass	line	ligne	خَطّ	JED		line_NOUN	ligne_NOUN	xaTX_NOUN	خط	خط	kh a t. t.	READY	
11706	291	OpenClass	line	ligne	خَطّ	RIY		line_NOUN	ligne_NOUN	xaTX_NOUN	خط	خط	kh a t. t.	READY	
11718	291	OpenClass	line	ligne	خَطّ	JED		line_NOUN	ligne_NOUN	xaTX_NOUN	سطر	سطر	s a t. r	READY	
11719	291	OpenClass	line	ligne	خَطّ	RIY		line_NOUN	ligne_NOUN	xaTX_NOUN	سطر	سطر	s a t. r	READY	
11729	291	OpenClass	line	ligne	خَطّ	JED		line_NOUN	ligne_NOUN	xaTX_NOUN	صف	صف	s. a f f	READY	
11731	291	OpenClass	line	ligne	خَطّ	RIY		line_NOUN	ligne_NOUN	xaTX_NOUN	صف	صف	s. a f f	READY	
11732	291	OpenClass	line	ligne	خَطّ	JED		line_NOUN	ligne_NOUN	xaTX_NOUN	طابور	طابور	t. aa b uu r	READY	
11733	291	OpenClass	line	ligne	خَطّ	RIY		line_NOUN	ligne_NOUN	xaTX_NOUN	طابور	طابور	t. aa b uu r	READY	
11747	292	OpenClass	serve	servir	قَدَّم	JED		serve_VERB	servir_VERB	qadXam_VERB	سكب	سكب	s a k a b	READY	
11757	292	OpenClass	serve	servir	قَدَّم	JED		serve_VERB	servir_VERB	qadXam_VERB	غرف	غرف	gh a r a f	READY	
11758	292	OpenClass	serve	servir	قَدَّم	RIY		serve_VERB	servir_VERB	qadXam_VERB	غرف	غرف	gh a r a f	READY	
11768	292	OpenClass	serve	servir	قَدَّم	JED		serve_VERB	servir_VERB	qadXam_VERB	قدم	قدم	g a d d a m	READY	
11770	292	OpenClass	serve	servir	قَدَّم	RIY		serve_VERB	servir_VERB	qadXam_VERB	قدم	قدم	g a d d a m	READY	
11802	293	OpenClass	idea	idée	فِكْرَة	JED		idea_NOUN	idée_NOUN	fikorap_NOUN	فكرة	فكرة	f i k r a	READY	
11808	293	OpenClass	idea	idée	فِكْرَة	RIY		idea_NOUN	idée_NOUN	fikorap_NOUN	فكرة	فكرة	f i k r a	READY	
11829	294	MixedClass	menu	menu	قائِمَة ال+ طَعام	JED		menu_NOUN	menu_NOUN	qAQimap_NOUN Al+_DET TaEAm_NOUN	قائمة الطعام	قائمة ال+ طعام	q aa 2 i m a t # a l t. a 3 aa m	READY	
11830	294	MixedClass	menu	menu	قائِمَة ال+ طَعام	RIY		menu_NOUN	menu_NOUN	qAQimap_NOUN Al+_DET TaEAm_NOUN	قائمة الطعام	قائمة ال+ طعام	q aa 2 i m a t # a l t. a 3 aa m	READY	
11840	294	MixedClass	menu	menu	قائِمَة ال+ طَعام	JED		menu_NOUN	menu_NOUN	qAQimap_NOUN Al+_DET TaEAm_NOUN	منيو	منيو	m i n y u	CHECK	Foreign
11842	294	MixedClass	menu	menu	قائِمَة ال+ طَعام	RIY		menu_NOUN	menu_NOUN	qAQimap_NOUN Al+_DET TaEAm_NOUN	منيو	منيو	m i n y u	CHECK	Foreign
11868	295	OpenClass	gift	cadeau	هَدِيَّة	JED		gift_NOUN	cadeau_NOUN	hadiyXap_NOUN	هدية	هدية	h a d i y y a	READY	
11872	295	OpenClass	gift	cadeau	هَدِيَّة	RIY		gift_NOUN	cadeau_NOUN	hadiyXap_NOUN	هدية	هدية	h a d i y y a	READY	
11894	296	OpenClass	pay	payer	دَفَع	JED		pay_VERB	payer_VERB	dafaE_VERB	حاسب	حاسب	7 aa s a b	READY	
11897	296	OpenClass	pay	payer	دَفَع	RIY		pay_VERB	payer_VERB	dafaE_VERB	حاسب	حاسب	7 aa s a b	READY	
11915	296	OpenClass	pay	payer	دَفَع	JED		pay_VERB	payer_VERB	dafaE_VERB	دفع	دفع	d a f a 3	READY	
11919	296	OpenClass	pay	payer	دَفَع	RIY		pay_VERB	payer_VERB	dafaE_VERB	دفع	دفع	d a f a 3	READY	
11934	296	OpenClass	pay	payer	دَفَع	JED		pay_VERB	payer_VERB	dafaE_VERB	سدد	سدد	s a d d a d	READY	
11937	296	OpenClass	pay	payer	دَفَع	RIY		pay_VERB	payer_VERB	dafaE_VERB	سدد	سدد	s a d d a d	READY	
11955	297	OpenClass	guide	guide	مُرْشِد	JED		guide_NOUN	guide_NOUN	murocid_NOUN	دليل	دليل	d a l ii l	READY	
11959	297	OpenClass	guide	guide	مُرْشِد	RIY		guide_NOUN	guide_NOUN	murocid_NOUN	دليل	دليل	d a l ii l	READY	
11979	297	OpenClass	guide	guide	مُرْشِد	JED		guide_NOUN	guide_NOUN	murocid_NOUN	مرشد	مرشد	m u r sh i d	READY	
11984	297	OpenClass	guide	guide	مُرْشِد	RIY		guide_NOUN	guide_NOUN	murocid_NOUN	مرشد	مرشد	m u r sh i d	READY	
12002	298	OpenClass	date	date	تارِيخ	JED		date_NOUN	date_NOUN	tAriyx_NOUN	تاريخ	تاريخ	t aa r ii kh	READY	
12008	298	OpenClass	date	date	تارِيخ	RIY		date_NOUN	date_NOUN	tAriyx_NOUN	تاريخ	تاريخ	t aa r ii kh	READY	
12053	301	OpenClass	there	là-bas	هُناكَ	RIY		there_ADV	là-bas_ADV	hunAka_ADV	منناك	منناك	m i n n aa k	CHECK	
12063	301	OpenClass	there	là-bas	هُناكَ	JED		there_ADV	là-bas_ADV	hunAka_ADV	هناك	هناك	h i n aa k	READY	
12066	301	OpenClass	there	là-bas	هُناكَ	RIY		there_ADV	là-bas_ADV	hunAka_ADV	هناك	هناك	h i n aa k	READY	
12095	302	OpenClass	day	jour	يَوْم	JED		day_NOUN	jour_NOUN	yawom_NOUN	نهار	نهار	n a h aa r	READY	
12097	302	OpenClass	day	jour	يَوْم	RIY		day_NOUN	jour_NOUN	yawom_NOUN	نهار	نهار	n a h aa r	READY	
12111	302	OpenClass	day	jour	يَوْم	JED		day_NOUN	jour_NOUN	yawom_NOUN	يوم	يوم	y oo m	READY	
12115	302	OpenClass	day	jour	يَوْم	RIY		day_NOUN	jour_NOUN	yawom_NOUN	يوم	يوم	y oo m	READY	
12159	304	OpenClass	people	gens	ناس	JED		people_NOUN	gens_NOUN	nAs_NOUN	جماعة	جماعة	j a m aa 3 a	READY	
12161	304	OpenClass	people	gens	ناس	RIY		people_NOUN	gens_NOUN	nAs_NOUN	جماعة	جماعة	j a m aa 3 a	READY	
12171	304	OpenClass	people	gens	ناس	JED		people_NOUN	gens_NOUN	nAs_NOUN	شعب	شعب	sh a 3 b	READY	
12173	304	OpenClass	people	gens	ناس	RIY		people_NOUN	gens_NOUN	nAs_NOUN	شعب	شعب	sh a 3 b	READY	
12200	304	OpenClass	people	gens	ناس	JED		people_NOUN	gens_NOUN	nAs_NOUN	ناس	ناس	n aa s	READY	
12206	304	OpenClass	people	gens	ناس	RIY		people_NOUN	gens_NOUN	nAs_NOUN	ناس	ناس	n aa s	READY	
12219	305	MixedClass	subway	métro	مِتْرُو ال+ انَفَاق	RIY		subway_NOUN	métro_NOUN	mitoruw_NOUN Al+_DET nafaq_NOUN	قطار الانفاق	قطار ال+ انفاق	g i t. aa r # 2 a l 2 a n f aa q	READY	
12220	305	MixedClass	subway	métro	مِتْرُو ال+ انَفَاق	JED		subway_NOUN	métro_NOUN	mitoruw_NOUN Al+_DET nafaq_NOUN	قطار الانفاق	قطار ال+ انفاق	g i t. aa r # a l 2 a n f aa q	READY	
12238	305	MixedClass	subway	métro	مِتْرُو ال+ انَفَاق	JED		subway_NOUN	métro_NOUN	mitoruw_NOUN Al+_DET nafaq_NOUN	مترو	مترو	m i t r u	CHECK	Foreign
12241	305	MixedClass	subway	métro	مِتْرُو ال+ انَفَاق	RIY		subway_NOUN	métro_NOUN	mitoruw_NOUN Al+_DET nafaq_NOUN	مترو	مترو	m i t r u	CHECK	Foreign
12286	306	OpenClass	baggage , luggage	bagage	مَتاع	JED		baggage_NOUN , luggage_NOUN	bagage_NOUN	matAE_NOUN	شنط	شنط	sh i n a t.	CHECK	Foreign
12289	306	OpenClass	baggage , luggage	bagage	مَتاع	RIY		baggage_NOUN , luggage_NOUN	bagage_NOUN	matAE_NOUN	شنط	شنط	sh i n a t.	CHECK	Foreign
12306	306	OpenClass	baggage , luggage	bagage	مَتاع	JED		baggage_NOUN , luggage_NOUN	bagage_NOUN	matAE_NOUN	عفش	عفش	3 a f sh	READY	
12308	306	OpenClass	baggage , luggage	bagage	مَتاع	RIY		baggage_NOUN , luggage_NOUN	bagage_NOUN	matAE_NOUN	عفش	عفش	3 a f sh	READY	
12327	308	OpenClass	cent	centime	سِنْت	JED		cent_NOUN	centime_NOUN	sinot_NOUN	سنت	سنت	s i n t	CHECK	Foreign
12330	308	OpenClass	cent	centime	سِنْت	RIY		cent_NOUN	centime_NOUN	sinot_NOUN	سنت	سنت	s i n t	CHECK	Foreign
12363	309	OpenClass	right	bon	صَحِيح	JED		right_ADJ	bon_ADJ	SaHiyH_ADJ	صح	صح	s. a 7 7	READY	
12367	309	OpenClass	right	bon	صَحِيح	RIY		right_ADJ	bon_ADJ	SaHiyH_ADJ	صح	صح	s. a 7 7	READY	
12380	309	OpenClass	right	bon	صَحِيح	JED		right_ADJ	bon_ADJ	SaHiyH_ADJ	صحيح	صحيح	s. a 7 ii 7	READY	
12385	309	OpenClass	right	bon	صَحِيح	RIY		right_ADJ	bon_ADJ	SaHiyH_ADJ	صحيح	صحيح	s. a 7 ii 7	READY	
12393	309	OpenClass	right	bon	صَحِيح	RIY		right_ADJ	bon_ADJ	SaHiyH_ADJ	مضبوط	مضبوط	m a dh. b uu t.	READY	
12399	309	OpenClass	right	bon	صَحِيح	JED		right_ADJ	bon_ADJ	SaHiyH_ADJ	مضبوط	مضبوط	m a z. b uu t.	READY	
12413	310	OpenClass	light	léger	خَفِيف	JED		light_ADJ	léger_ADJ	xafiyf_ADJ	خفيف	خفيف	kh a f ii f	READY	
12417	310	OpenClass	light	léger	خَفِيف	RIY		light_ADJ	léger_ADJ	xafiyf_ADJ	خفيف	خفيف	kh a f ii f	READY	
12430	310	OpenClass	light	léger	خَفِيف	RIY		light_ADJ	léger_ADJ	xafiyf_ADJ	هين	هين	h a y y i n	READY	
12431	311	MixedClass	price tag	étiquette de prix	بِطاقَة ال+ سِعْر	JED		price_NOUN tag_NOUN	étiquette_NOUN de_ADP prix_NOUN	biTAqap_NOUN Al+_DET siEor_NOUN	بطاقة	بطاقة	b i t. aa g a	READY	
12432	311	MixedClass	price tag	étiquette de prix	بِطاقَة ال+ سِعْر	RIY		price_NOUN tag_NOUN	étiquette_NOUN de_ADP prix_NOUN	biTAqap_NOUN Al+_DET siEor_NOUN	بطاقة	بطاقة	b i t. aa g a	READY	
12435	311	MixedClass	price tag	étiquette de prix	بِطاقَة ال+ سِعْر	RIY		price_NOUN tag_NOUN	étiquette_NOUN de_ADP prix_NOUN	biTAqap_NOUN Al+_DET siEor_NOUN	بطاقة	بطاقة	b t. aa g a	READY	
12463	311	MixedClass	price tag	étiquette de prix	بِطاقَة ال+ سِعْر	JED		price_NOUN tag_NOUN	étiquette_NOUN de_ADP prix_NOUN	biTAqap_NOUN Al+_DET siEor_NOUN	سعر	سعر	s i 3 r	READY	
12464	311	MixedClass	price tag	étiquette de prix	بِطاقَة ال+ سِعْر	RIY		price_NOUN tag_NOUN	étiquette_NOUN de_ADP prix_NOUN	biTAqap_NOUN Al+_DET siEor_NOUN	سعر	سعر	s i 3 r	READY	
12501	312	OpenClass	put	mettre	وَضَع	JED		put_VERB	mettre_VERB	waDaE_VERB	حط	حط	7 a t. t.	READY	
12504	312	OpenClass	put	mettre	وَضَع	RIY		put_VERB	mettre_VERB	waDaE_VERB	حط	حط	7 a t. t.	READY	
12510	312	OpenClass	put	mettre	وَضَع	JED		put_VERB	mettre_VERB	waDaE_VERB	خلى	خلى	kh a l l a	READY	
12513	312	OpenClass	put	mettre	وَضَع	RIY		put_VERB	mettre_VERB	waDaE_VERB	خلى	خلى	kh a l l a	READY	
12520	312	OpenClass	put	mettre	وَضَع	RIY		put_VERB	mettre_VERB	waDaE_VERB	ذب	ذب	dh a b b	READY	
12538	313	OpenClass	beer	bière	بِيرا	JED		beer_NOUN	bière_NOUN	biyrA_NOUN	بيرة	بيرة	b ii r a	CHECK	Foreign
12542	313	OpenClass	beer	bière	بِيرا	RIY		beer_NOUN	bière_NOUN	biyrA_NOUN	بيرة	بيرة	b ii r a	CHECK	Foreign
12575	314	OpenClass	aisle	couloir	مَمَرّ	JED		aisle_NOUN	couloir_NOUN	mamarX_NOUN	ممر	ممر	m a m a r r	READY	
12578	314	OpenClass	aisle	couloir	مَمَرّ	RIY		aisle_NOUN	couloir_NOUN	mamarX_NOUN	ممر	ممر	m a m a r r	READY	
12613	315	OpenClass	hair	cheveu	شَعْر	JED		hair_NOUN	cheveu_NOUN	caEor_NOUN	شعر	شعر	sh a 3 r	READY	
12616	315	OpenClass	hair	cheveu	شَعْر	RIY		hair_NOUN	cheveu_NOUN	caEor_NOUN	شعر	شعر	sh a 3 r	READY	
12620	315	OpenClass	hair	cheveu	شَعْر	JED		hair_NOUN	cheveu_NOUN	caEor_NOUN	وبر	وبر	w a b a r	READY	
12621	315	OpenClass	hair	cheveu	شَعْر	RIY		hair_NOUN	cheveu_NOUN	caEor_NOUN	وبر	وبر	w a b a r	READY	
12629	316	OpenClass	wonder	demander	تَساءَل	JED		wonder_VERB	demander_VERB	tasACal_VERB	اتسائل	اتسائل	2 i t s aa 2 i l	READY	
12630	316	OpenClass	wonder	demander	تَساءَل	RIY		wonder_VERB	demander_VERB	tasACal_VERB	اتسائل	اتسائل	2 i t s aa 2 i l	READY	
12631	316	OpenClass	wonder	demander	تَساءَل	JED		wonder_VERB	demander_VERB	tasACal_VERB	اتعجب	اتعجب	2 i t 3 a j j a b	READY	
12632	316	OpenClass	wonder	demander	تَساءَل	RIY		wonder_VERB	demander_VERB	tasACal_VERB	اتعجب	اتعجب	2 i t 3 a j j a b	READY	
12641	316	OpenClass	wonder	demander	تَساءَل	JED		wonder_VERB	demander_VERB	tasACal_VERB	استغرب	استغرب	2 i s t a gh r a b	READY	
12644	316	OpenClass	wonder	demander	تَساءَل	RIY		wonder_VERB	demander_VERB	tasACal_VERB	استغرب	استغرب	2 i s t a gh r a b	READY	
12687	317	OpenClass	right	droit	أَيْمَن	JED		right_ADJ	droit_ADJ	Oayoman_ADJ	يمين	يمين	y a m ii n	READY	
12692	317	OpenClass	right	droit	أَيْمَن	RIY		right_ADJ	droit_ADJ	Oayoman_ADJ	يمين	يمين	y a m ii n	READY	
12717	318	OpenClass	join	joindre	ٱِنْضَمّ	JED		join_VERB	joindre_VERB	LinoDamX_VERB	التحق	التحق	2 i l t a 7 a g	READY	
12718	318	OpenClass	join	joindre	ٱِنْضَمّ	RIY		join_VERB	joindre_VERB	LinoDamX_VERB	التحق	التحق	2 i l t a 7 a g	READY	
12737	318	OpenClass	join	joindre	ٱِنْضَمّ	JED		join_VERB	joindre_VERB	LinoDamX_VERB	انضم	انضم	2 i n d. a m m	READY	
12742	318	OpenClass	join	joindre	ٱِنْضَمّ	RIY		join_VERB	joindre_VERB	LinoDamX_VERB	انضم	انضم	2 i n dh. a m m	READY	
12753	318	OpenClass	join	joindre	ٱِنْضَمّ	RIY		join_VERB	joindre_VERB	LinoDamX_VERB	لحق	لحق	l a 7 a g	READY	
12758	318	OpenClass	join	joindre	ٱِنْضَمّ	JED		join_VERB	joindre_VERB	LinoDamX_VERB	لحق	لحق	l i 7 i g	READY	
12775	319	OpenClass	end	bout	نِهايَة	JED		end_NOUN	bout_NOUN	nihAyap_NOUN	آخر	آخر	2 aa kh i r	READY	
12777	319	OpenClass	end	bout	نِهايَة	RIY		end_NOUN	bout_NOUN	nihAyap_NOUN	آخر	آخر	2 aa kh i r	READY	
12787	319	OpenClass	end	bout	نِهايَة	JED		end_NOUN	bout_NOUN	nihAyap_NOUN	اخير	اخير	2 a kh ii r	READY	
12788	319	OpenClass	end	bout	نِهايَة	RIY		end_NOUN	bout_NOUN	nihAyap_NOUN	اخير	اخير	2 a kh ii r	READY	
12811	319	OpenClass	end	bout	نِهايَة	JED		end_NOUN	bout_NOUN	nihAyap_NOUN	نهاية	نهاية	n i h aa y a	READY	
12815	319	OpenClass	end	bout	نِهايَة	RIY		end_NOUN	bout_NOUN	nihAyap_NOUN	نهاية	نهاية	n i h aa y a	READY	
12856	321	OpenClass	family	famille	أُسْرَة	JED		family_NOUN	famille_NOUN	Ousorap_NOUN	اهل	اهل	2 a h l	READY	
12858	321	OpenClass	family	famille	أُسْرَة	RIY		family_NOUN	famille_NOUN	Ousorap_NOUN	اهل	اهل	2 a h l	READY	
12888	321	OpenClass	family	famille	أُسْرَة	JED		family_NOUN	famille_NOUN	Ousorap_NOUN	عيلة	عيلة	3 ee l a	READY	
12889	321	OpenClass	family	famille	أُسْرَة	RIY		family_NOUN	famille_NOUN	Ousorap_NOUN	عيلة	عيلة	3 ee l a	READY	
12914	322	OpenClass	building	bâtiment	مَبْنَى	JED		building_NOUN	bâtiment_NOUN	mabonaY_NOUN	بناية	بناية	b i n aa y a	READY	
12919	322	OpenClass	building	bâtiment	مَبْنَى	RIY		building_NOUN	bâtiment_NOUN	mabonaY_NOUN	بناية	بناية	b i n aa y a	READY	
12946	322	OpenClass	building	bâtiment	مَبْنَى	JED		building_NOUN	bâtiment_NOUN	mabonaY_NOUN	عمارة	عمارة	3 i m aa r a	READY	
12960	322	OpenClass	building	bâtiment	مَبْنَى	JED		building_NOUN	bâtiment_NOUN	mabonaY_NOUN	مبنى	مبنى	m a b n a	READY	
12965	322	OpenClass	building	bâtiment	مَبْنَى	RIY		building_NOUN	bâtiment_NOUN	mabonaY_NOUN	مبنى	مبنى	m a b n a	READY	
13003	323	OpenClass	help	aide	مُساعَدَة	JED		help_NOUN	aide_NOUN	musAEadap_NOUN	مساعدة	مساعدة	m u s aa 3 a d a	READY	
13007	323	OpenClass	help	aide	مُساعَدَة	RIY		help_NOUN	aide_NOUN	musAEadap_NOUN	مساعدة	مساعدة	m u s aa 3 a d a	READY	
13024	323	OpenClass	help	aide	مُساعَدَة	JED		help_NOUN	aide_NOUN	musAEadap_NOUN	معاونة	معاونة	m u 3 aa w a n a	READY	
13026	323	OpenClass	help	aide	مُساعَدَة	RIY		help_NOUN	aide_NOUN	musAEadap_NOUN	معاونة	معاونة	m u 3 aa w a n a	READY	
13028	323	OpenClass	help	aide	مُساعَدَة	JED		help_NOUN	aide_NOUN	musAEadap_NOUN	معونة	معونة	m a 3 uu n a	READY	
13063	324	MixedClass	what time	à quelle heure	مَتَى	JED		what_ADV time_NOUN	à_ADP quel_ADV heure_NOUN	mataY_ADV	متى	متى	m i t a	READY	
13064	324	MixedClass	what time	à quelle heure	مَتَى	RIY		what_ADV time_NOUN	à_ADP quel_ADV heure_NOUN	mataY_ADV	متى	متى	m i t a	READY	
13081	325	OpenClass	break	casser	كَسَر	JED		break_VERB	casser_VERB	kasar_VERB	حطم	حطم	7 a t. t. a m	READY	
13082	325	OpenClass	break	casser	كَسَر	RIY		break_VERB	casser_VERB	kasar_VERB	حطم	حطم	7 a t. t. a m	READY	
13084	325	OpenClass	break	casser	كَسَر	JED		break_VERB	casser_VERB	kasar_VERB	خرب	خرب	kh a r r a b	READY	
13086	325	OpenClass	break	casser	كَسَر	RIY		break_VERB	casser_VERB	kasar_VERB	خرب	خرب	kh a r r a b	READY	
13121	325	OpenClass	break	casser	كَسَر	JED		break_VERB	casser_VERB	kasar_VERB	كسر	كسر	k a s a r	READY	
13124	325	OpenClass	break	casser	كَسَر	RIY		break_VERB	casser_VERB	kasar_VERB	كسر	كسر	k a s a r	READY	
13132	325	OpenClass	break	casser	كَسَر	JED		break_VERB	casser_VERB	kasar_VERB	كسر	كسر	k a s s a r	READY	
13134	325	OpenClass	break	casser	كَسَر	RIY		break_VERB	casser_VERB	kasar_VERB	كسر	كسر	k a s s a r	READY	
13167	326	OpenClass	plane	avion	طائِرَة	JED		plane_NOUN	avion_NOUN	TAQirap_NOUN	طيارة	طيارة	t. a y y aa r a	READY	
13171	326	OpenClass	plane	avion	طائِرَة	RIY		plane_NOUN	avion_NOUN	TAQirap_NOUN	طيارة	طيارة	t. a y y aa r a	READY	
13187	327	OpenClass	start	commencer	بَدَأ	JED		start_VERB	commencer_VERB	badaO_VERB	ابتدا	ابتدا	2 i b t a d a	READY	
13188	327	OpenClass	start	commencer	بَدَأ	RIY		start_VERB	commencer_VERB	badaO_VERB	ابتدا	ابتدا	2 i b t a d a	READY	
13204	327	OpenClass	start	commencer	بَدَأ	JED		start_VERB	commencer_VERB	badaO_VERB	بدا	بدا	b a d a	READY	
13208	327	OpenClass	start	commencer	بَدَأ	RIY		start_VERB	commencer_VERB	badaO_VERB	بدا	بدا	b a d a	READY	
13217	327	OpenClass	start	commencer	بَدَأ	RIY		start_VERB	commencer_VERB	badaO_VERB	بدا	بدا	b i d a	READY	
13241	328	OpenClass	send	envoyer	أَرْسَل	JED		send_VERB	envoyer_VERB	Oarosal_VERB	ارسل	ارسل	2 a r s a l	READY	
13244	328	OpenClass	send	envoyer	أَرْسَل	RIY		send_VERB	envoyer_VERB	Oarosal_VERB	ارسل	ارسل	2 a r s a l	READY	
13250	328	OpenClass	send	envoyer	أَرْسَل	JED		send_VERB	envoyer_VERB	Oarosal_VERB	بعث	بعث	b a 3 a s	READY	
13263	328	OpenClass	send	envoyer	أَرْسَل	RIY		send_VERB	envoyer_VERB	Oarosal_VERB	بعث	بعث	b a 3 a th	READY	
13271	328	OpenClass	send	envoyer	أَرْسَل	RIY		send_VERB	envoyer_VERB	Oarosal_VERB	دز	دز	d a z z	READY	
13272	328	OpenClass	send	envoyer	أَرْسَل	JED		send_VERB	envoyer_VERB	Oarosal_VERB	رسل	رسل	r a s a l	READY	
13274	328	OpenClass	send	envoyer	أَرْسَل	RIY		send_VERB	envoyer_VERB	Oarosal_VERB	رسل	رسل	r a s a l	READY	
13276	328	OpenClass	send	envoyer	أَرْسَل	JED		send_VERB	envoyer_VERB	Oarosal_VERB	رسل	رسل	r a s s i l	READY	
13277	328	OpenClass	send	envoyer	أَرْسَل	RIY		send_VERB	envoyer_VERB	Oarosal_VERB	رسل	رسل	r a s s i l	READY	
13313	329	OpenClass	pound	livre	جُنَيْه	JED		pound_NOUN	livre_NOUN	junayoh_NOUN	جنيه	جنيه	j i n ee h	READY	
13315	329	OpenClass	pound	livre	جُنَيْه	RIY		pound_NOUN	livre_NOUN	junayoh_NOUN	جنيه	جنيه	j i n ee h	READY	
13347	331	OpenClass	ready	prêt	جاهِز	JED		ready_ADJ	prêt_ADJ	jAhiz_ADJ	جاهز	جاهز	j aa h i z	READY	
13351	331	OpenClass	ready	prêt	جاهِز	RIY		ready_ADJ	prêt_ADJ	jAhiz_ADJ	جاهز	جاهز	j aa h i z	READY	
13389	331	OpenClass	ready	prêt	جاهِز	JED		ready_ADJ	prêt_ADJ	jAhiz_ADJ	مستعد	مستعد	m u s t a 3 i d d	READY	
13390	331	OpenClass	ready	prêt	جاهِز	RIY		ready_ADJ	prêt_ADJ	jAhiz_ADJ	مستعد	مستعد	m u s t a 3 i d d	READY	
13404	332	OpenClass	dress	robe	فُسْتان	JED		dress_NOUN	robe_NOUN	fusotAn_NOUN	ثوب	ثوب	t oo b	READY	
13406	332	OpenClass	dress	robe	فُسْتان	JED		dress_NOUN	robe_NOUN	fusotAn_NOUN	ثوب	ثوب	th oo b	READY	
13407	332	OpenClass	dress	robe	فُسْتان	RIY		dress_NOUN	robe_NOUN	fusotAn_NOUN	ثوب	ثوب	th oo b	READY	
13411	332	OpenClass	dress	robe	فُسْتان	JED		dress_NOUN	robe_NOUN	fusotAn_NOUN	ثوب نسائي	ثوب نسائي	t oo b # n i s aa 2 i	READY	
13412	332	OpenClass	dress	robe	فُسْتان	RIY		dress_NOUN	robe_NOUN	fusotAn_NOUN	ثوب نسائي	ثوب نسائي	t oo b # n i s aa 2 i	READY	
13413	332	OpenClass	dress	robe	فُسْتان	JED		dress_NOUN	robe_NOUN	fusotAn_NOUN	ثوب نسائي	ثوب نسائي	th oo b # n i s aa 2 i	READY	
13414	332	OpenClass	dress	robe	فُسْتان	RIY		dress_NOUN	robe_NOUN	fusotAn_NOUN	ثوب نسائي	ثوب نسائي	th oo b # n i s aa 2 i	READY	
13426	332	OpenClass	dress	robe	فُسْتان	JED		dress_NOUN	robe_NOUN	fusotAn_NOUN	فستان	فستان	f u s t aa n	READY	
13430	332	OpenClass	dress	robe	فُسْتان	RIY		dress_NOUN	robe_NOUN	fusotAn_NOUN	فستان	فستان	f u s t aa n	READY	
13444	333	OpenClass	club	club	نادِي	JED		club_NOUN	club_NOUN	nAdiy_NOUN	جمعية	جمعية	j a m 3 i y y a	READY	
13445	333	OpenClass	club	club	نادِي	RIY		club_NOUN	club_NOUN	nAdiy_NOUN	جمعية	جمعية	j a m 3 i y y a	READY	
13453	333	OpenClass	club	club	نادِي	JED		club_NOUN	club_NOUN	nAdiy_NOUN	كلب	كلب	k l a b b	CHECK	Foreign
13454	333	OpenClass	club	club	نادِي	RIY		club_NOUN	club_NOUN	nAdiy_NOUN	كلب	كلب	k l a b b	CHECK	Foreign
13468	333	OpenClass	club	club	نادِي	JED		club_NOUN	club_NOUN	nAdiy_NOUN	نادي	نادي	n aa d i	READY	
13473	333	OpenClass	club	club	نادِي	RIY		club_NOUN	club_NOUN	nAdiy_NOUN	نادي	نادي	n aa d i	READY	
13494	334	OpenClass	season	saison	مَوْسِم	JED		season_NOUN	saison_NOUN	mawosim_NOUN	فصل	فصل	f a s. l	READY	
13497	334	OpenClass	season	saison	مَوْسِم	RIY		season_NOUN	saison_NOUN	mawosim_NOUN	فصل	فصل	f a s. l	READY	
13512	334	OpenClass	season	saison	مَوْسِم	JED		season_NOUN	saison_NOUN	mawosim_NOUN	موسم	موسم	m oo s i m	READY	
13513	334	OpenClass	season	saison	مَوْسِم	RIY		season_NOUN	saison_NOUN	mawosim_NOUN	موسم	موسم	m oo s i m	READY	
13534	335	MixedClass	customs	douane	ال+ جَمارِك	JED		custom_NOUN	douane_NOUN	Al+_DET jumoruk_NOUN	الجمارك	ال+ جمارك	2 a l j a m aa r i k	READY	
13535	335	MixedClass	customs	douane	ال+ جَمارِك	RIY		custom_NOUN	douane_NOUN	Al+_DET jumoruk_NOUN	الجمارك	ال+ جمارك	2 a l j a m aa r i k	READY	
13574	336	OpenClass	lens	lentille	عَدَسَة	JED		lens_NOUN	lentille_NOUN	Eadasap_NOUN	عدسة	عدسة	3 a d a s a	READY	
13579	336	OpenClass	lens	lentille	عَدَسَة	RIY		lens_NOUN	lentille_NOUN	Eadasap_NOUN	عدسة	عدسة	3 a d a s a	READY	
13608	337	OpenClass	center	centre	مَرْكَز	JED		center_NOUN	centre_NOUN	marokaz_NOUN	قلب	قلب	g a l b	READY	
13609	337	OpenClass	center	centre	مَرْكَز	RIY		center_NOUN	centre_NOUN	marokaz_NOUN	قلب	قلب	g a l b	READY	
13628	337	OpenClass	center	centre	مَرْكَز	JED		center_NOUN	centre_NOUN	marokaz_NOUN	مركز	مركز	m a r k a z	READY	
13634	337	OpenClass	center	centre	مَرْكَز	RIY		center_NOUN	centre_NOUN	marokaz_NOUN	مركز	مركز	m a r k a z	READY	
13643	337	OpenClass	center	centre	مَرْكَز	JED		center_NOUN	centre_NOUN	marokaz_NOUN	مقر	مقر	m a q a r r	READY	
13644	337	OpenClass	center	centre	مَرْكَز	RIY		center_NOUN	centre_NOUN	marokaz_NOUN	مقر	مقر	m a q a r r	READY	
13654	337	OpenClass	center	centre	مَرْكَز	JED		center_NOUN	centre_NOUN	marokaz_NOUN	وسط	وسط	w a s. a t.	READY	
13657	337	OpenClass	center	centre	مَرْكَز	RIY		center_NOUN	centre_NOUN	marokaz_NOUN	وسط	وسط	w a s. a t.	READY	
13684	338	OpenClass	prescription	ordonnance	رُوشِتَّة ، وصفة دواء	JED		prescription_NOUN	ordonnance_NOUN	ruwcitXap_NOUN , waSofap_NOUN dawAC_NOUN	روشتة	روشتة	r u sh i t t a	CHECK	Foreign
13685	338	OpenClass	prescription	ordonnance	رُوشِتَّة ، وصفة دواء	RIY		prescription_NOUN	ordonnance_NOUN	ruwcitXap_NOUN , waSofap_NOUN dawAC_NOUN	روشتة	روشتة	r u sh i t t a	CHECK	Foreign
13693	338	OpenClass	prescription	ordonnance	رُوشِتَّة ، وصفة دواء	JED		prescription_NOUN	ordonnance_NOUN	ruwcitXap_NOUN , waSofap_NOUN dawAC_NOUN	وصفة	وصفة	w a s. f a	READY	
13697	338	OpenClass	prescription	ordonnance	رُوشِتَّة ، وصفة دواء	RIY		prescription_NOUN	ordonnance_NOUN	ruwcitXap_NOUN , waSofap_NOUN dawAC_NOUN	وصفة	وصفة	w a s. f a	READY	
13707	338	OpenClass	prescription	ordonnance	رُوشِتَّة ، وصفة دواء	JED		prescription_NOUN	ordonnance_NOUN	ruwcitXap_NOUN , waSofap_NOUN dawAC_NOUN	وصفة طبيب	وصفة طبيب	w a s. f a t. # t. a b ii b	CHECK	
13708	338	OpenClass	prescription	ordonnance	رُوشِتَّة ، وصفة دواء	RIY		prescription_NOUN	ordonnance_NOUN	ruwcitXap_NOUN , waSofap_NOUN dawAC_NOUN	وصفة طبيب	وصفة طبيب	w a s. f a t. # t. a b ii b	CHECK	
13716	339	OpenClass	map	plan	خَرِيطَة	RIY		map_NOUN	plan_NOUN	xariyTap_NOUN	خارطة	خارطة	kh aa r t. a	READY	
13733	339	OpenClass	map	plan	خَرِيطَة	JED		map_NOUN	plan_NOUN	xariyTap_NOUN	خريطة	خريطة	kh a r ii t. a	READY	
13738	339	OpenClass	map	plan	خَرِيطَة	RIY		map_NOUN	plan_NOUN	xariyTap_NOUN	خريطة	خريطة	kh a r ii t. a	READY	
13762	340	OpenClass	good	bon	جَيِّد	JED		good_ADJ	bon_ADJ	jayXid_ADJ	جميل	جميل	j a m ii l	READY	
13764	340	OpenClass	good	bon	جَيِّد	RIY		good_ADJ	bon_ADJ	jayXid_ADJ	جميل	جميل	j a m ii l	READY	
13768	340	OpenClass	good	bon	جَيِّد	JED		good_ADJ	bon_ADJ	jayXid_ADJ	جيد	جيد	j a y y i d	READY	
13772	340	OpenClass	good	bon	جَيِّد	RIY		good_ADJ	bon_ADJ	jayXid_ADJ	جيد	جيد	j a y y i d	READY	
13778	340	OpenClass	good	bon	جَيِّد	JED		good_ADJ	bon_ADJ	jayXid_ADJ	حلو	حلو	7 i l u	READY	
13780	340	OpenClass	good	bon	جَيِّد	RIY		good_ADJ	bon_ADJ	jayXid_ADJ	حلو	حلو	7 i l u	READY	
13785	340	OpenClass	good	bon	جَيِّد	JED		good_ADJ	bon_ADJ	jayXid_ADJ	روعة	روعة	r a w 3 a	READY	
13786	340	OpenClass	good	bon	جَيِّد	RIY		good_ADJ	bon_ADJ	jayXid_ADJ	روعة	روعة	r a w 3 a	READY	
13789	340	OpenClass	good	bon	جَيِّد	RIY		good_ADJ	bon_ADJ	jayXid_ADJ	زين	زين	z ee n	READY	
13809	340	OpenClass	good	bon	جَيِّد	JED		good_ADJ	bon_ADJ	jayXid_ADJ	كويس	كويس	k w a y y i s	READY	
13811	340	OpenClass	good	bon	جَيِّد	RIY		good_ADJ	bon_ADJ	jayXid_ADJ	كويس	كويس	k w a y y i s	READY	
13822	340	OpenClass	good	bon	جَيِّد	JED		good_ADJ	bon_ADJ	jayXid_ADJ	ممتاز	ممتاز	m u m t aa z	READY	
13823	340	OpenClass	good	bon	جَيِّد	RIY		good_ADJ	bon_ADJ	jayXid_ADJ	ممتاز	ممتاز	m u m t aa z	READY	
13848	342	OpenClass	key	clé	مِفْتاح	JED		key_NOUN	clé_NOUN	mifotAH_NOUN	مفتاح	مفتاح	m i f t aa 7	READY	
13851	342	OpenClass	key	clé	مِفْتاح	RIY		key_NOUN	clé_NOUN	mifotAH_NOUN	مفتاح	مفتاح	m i f t aa 7	READY	
13866	343	MixedClass	do you mind	ça vous déranger	هَلْ تُمانِع	JED		do_VERB you_PRON mind_VERB	ça_VERB vous_PRON déranger_VERB	hal_PART mAnaE_VERB	بالله عليك	ب+ الله على +ك	b i l l aa h # 3 a l ee k	CHECK	
13867	343	MixedClass	do you mind	ça vous déranger	هَلْ تُمانِع	RIY		do_VERB you_PRON mind_VERB	ça_VERB vous_PRON déranger_VERB	hal_PART mAnaE_VERB	بالله عليك	ب+ الله على +ك	b i l l aa h # 3 a l ee k	CHECK	
13871	343	MixedClass	do you mind	ça vous déranger	هَلْ تُمانِع	JED		do_VERB you_PRON mind_VERB	ça_VERB vous_PRON déranger_VERB	hal_PART mAnaE_VERB	عفوا	عفوا	3 a f w a n	READY	
13872	343	MixedClass	do you mind	ça vous déranger	هَلْ تُمانِع	RIY		do_VERB you_PRON mind_VERB	ça_VERB vous_PRON déranger_VERB	hal_PART mAnaE_VERB	عفوا	عفوا	3 a f w a n	READY	
13892	343	MixedClass	do you mind	ça vous déranger	هَلْ تُمانِع	JED		do_VERB you_PRON mind_VERB	ça_VERB vous_PRON déranger_VERB	hal_PART mAnaE_VERB	لا مؤاخذة	لا مؤاخذة	l a # m 2 aa kh a z a	READY	
13893	343	MixedClass	do you mind	ça vous déranger	هَلْ تُمانِع	JED		do_VERB you_PRON mind_VERB	ça_VERB vous_PRON déranger_VERB	hal_PART mAnaE_VERB	لا مؤاخذة	لا مؤاخذة	l aa # m u 2 aa kh a dh a	READY	
13894	343	MixedClass	do you mind	ça vous déranger	هَلْ تُمانِع	JED		do_VERB you_PRON mind_VERB	ça_VERB vous_PRON déranger_VERB	hal_PART mAnaE_VERB	لو تتكرم	لو تتكرم	l a w # t i t k a r r a m	READY	
13895	343	MixedClass	do you mind	ça vous déranger	هَلْ تُمانِع	RIY		do_VERB you_PRON mind_VERB	ça_VERB vous_PRON déranger_VERB	hal_PART mAnaE_VERB	لو تتكرم	لو تتكرم	l a w # t i t k a r r a m	READY	
13896	343	MixedClass	do you mind	ça vous déranger	هَلْ تُمانِع	JED		do_VERB you_PRON mind_VERB	ça_VERB vous_PRON déranger_VERB	hal_PART mAnaE_VERB	لو سمحت	لو سمحت	l a w # s a m a 7 t	READY	
13897	343	MixedClass	do you mind	ça vous déranger	هَلْ تُمانِع	RIY		do_VERB you_PRON mind_VERB	ça_VERB vous_PRON déranger_VERB	hal_PART mAnaE_VERB	لو سمحت	لو سمحت	l a w # s a m a 7 t	READY	
13904	343	MixedClass	do you mind	ça vous déranger	هَلْ تُمانِع	JED		do_VERB you_PRON mind_VERB	ça_VERB vous_PRON déranger_VERB	hal_PART mAnaE_VERB	ممكن	ممكن	m u m k i n	READY	
13905	343	MixedClass	do you mind	ça vous déranger	هَلْ تُمانِع	RIY		do_VERB you_PRON mind_VERB	ça_VERB vous_PRON déranger_VERB	hal_PART mAnaE_VERB	ممكن	ممكن	m u m k i n	READY	
13910	343	MixedClass	do you mind	ça vous déranger	هَلْ تُمانِع	JED		do_VERB you_PRON mind_VERB	ça_VERB vous_PRON déranger_VERB	hal_PART mAnaE_VERB	من فضلك	من فضل +ك	m i n # f a d. l a k	READY	
13911	343	MixedClass	do you mind	ça vous déranger	هَلْ تُمانِع	RIY		do_VERB you_PRON mind_VERB	ça_VERB vous_PRON déranger_VERB	hal_PART mAnaE_VERB	من فضلك	من فضل +ك	m i n # f a d. l a k	READY	
13918	344	OpenClass	problem	problème	مُشْكِلَة	JED		problem_NOUN	problème_NOUN	mucokilap_NOUN	ازمة	ازمة	2 a z m a	READY	
13919	344	OpenClass	problem	problème	مُشْكِلَة	RIY		problem_NOUN	problème_NOUN	mucokilap_NOUN	ازمة	ازمة	2 a z m a	READY	
13924	344	OpenClass	problem	problème	مُشْكِلَة	JED		problem_NOUN	problème_NOUN	mucokilap_NOUN	اشكال	اشكال	2 i sh k aa l	READY	
13927	344	OpenClass	problem	problème	مُشْكِلَة	RIY		problem_NOUN	problème_NOUN	mucokilap_NOUN	اشكال	اشكال	2 i sh k aa l	READY	
13930	344	OpenClass	problem	problème	مُشْكِلَة	JED		problem_NOUN	problème_NOUN	mucokilap_NOUN	اشكالية	اشكالية	2 i sh k aa l i y y a	READY	
13931	344	OpenClass	problem	problème	مُشْكِلَة	RIY		problem_NOUN	problème_NOUN	mucokilap_NOUN	اشكالية	اشكالية	2 i sh k aa l i y y a	READY	
13956	344	OpenClass	problem	problème	مُشْكِلَة	JED		problem_NOUN	problème_NOUN	mucokilap_NOUN	مشكلة	مشكلة	m u sh k i l a	READY	
13959	344	OpenClass	problem	problème	مُشْكِلَة	RIY		problem_NOUN	problème_NOUN	mucokilap_NOUN	مشكلة	مشكلة	m u sh k i l a	READY	
13980	345	OpenClass	bath	baignoire	حَمام	JED		bath_NOUN	baignoire_NOUN	HamAm_NOUN	بانيو	بانيو	b aa n y u	CHECK	Foreign
13993	345	OpenClass	bath	baignoire	حَمام	JED		bath_NOUN	baignoire_NOUN	HamAm_NOUN	حمام	حمام	7 a m m aa m	READY	
13999	345	OpenClass	bath	baignoire	حَمام	RIY		bath_NOUN	baignoire_NOUN	HamAm_NOUN	حمام	حمام	7 a m m aa m	READY	
14006	345	OpenClass	bath	baignoire	حَمام	JED		bath_NOUN	baignoire_NOUN	HamAm_NOUN	دش	دش	d u sh sh	CHECK	Foreign
14007	345	OpenClass	bath	baignoire	حَمام	RIY		bath_NOUN	baignoire_NOUN	HamAm_NOUN	دش	دش	d u sh sh	CHECK	Foreign
14033	346	OpenClass	game	match	مُباراة	RIY		game_NOUN	match_NOUN	mubArAp_NOUN	مباراة	مباراة	m b aa r aa	READY	
14043	346	OpenClass	game	match	مُباراة	JED		game_NOUN	match_NOUN	mubArAp_NOUN	مباراة	مباراة	m u b aa r aa	READY	
14044	346	OpenClass	game	match	مُباراة	RIY		game_NOUN	match_NOUN	mubArAp_NOUN	مباراة	مباراة	m u b aa r aa	READY	
14055	347	OpenClass	include	comprendre	شَمِل	JED		include_VERB	comprendre_VERB	camil_VERB	اتضمن	اتضمن	2 i d. d. a m m a n	READY	
14057	347	OpenClass	include	comprendre	شَمِل	RIY		include_VERB	comprendre_VERB	camil_VERB	اتضمن	اتضمن	2 i d. d. a m m a n	READY	
14060	347	OpenClass	include	comprendre	شَمِل	JED		include_VERB	comprendre_VERB	camil_VERB	احتوى	احتوى	2 i 7 t a w a	READY	
14062	347	OpenClass	include	comprendre	شَمِل	RIY		include_VERB	comprendre_VERB	camil_VERB	احتوى	احتوى	2 i 7 t a w a	READY	
14070	347	OpenClass	include	comprendre	شَمِل	JED		include_VERB	comprendre_VERB	camil_VERB	اشتمل	اشتمل	2 i sh t a m a l	READY	
14072	347	OpenClass	include	comprendre	شَمِل	RIY		include_VERB	comprendre_VERB	camil_VERB	اشتمل	اشتمل	2 i sh t a m a l	READY	
14101	347	OpenClass	include	comprendre	شَمِل	JED		include_VERB	comprendre_VERB	camil_VERB	شمل	شمل	sh i m i l	READY	
14103	347	OpenClass	include	comprendre	شَمِل	RIY		include_VERB	comprendre_VERB	camil_VERB	شمل	شمل	sh i m i l	READY	
14112	347	OpenClass	include	comprendre	شَمِل	JED		include_VERB	comprendre_VERB	camil_VERB	ضم	ضم	d. a m m	READY	
14114	347	OpenClass	include	comprendre	شَمِل	RIY		include_VERB	comprendre_VERB	camil_VERB	ضم	ضم	d. a m m	READY	
14128	347	OpenClass	include	comprendre	شَمِل	JED		include_VERB	comprendre_VERB	camil_VERB	فيه	في +ه	f ii h	READY	
14129	347	OpenClass	include	comprendre	شَمِل	RIY		include_VERB	comprendre_VERB	camil_VERB	فيه	في +ه	f ii h	READY	
14141	348	OpenClass	milk	lait	لَبَن	JED		milk_NOUN	lait_NOUN	laban_NOUN	حليب	حليب	7 a l ii b	READY	
14145	348	OpenClass	milk	lait	لَبَن	RIY		milk_NOUN	lait_NOUN	laban_NOUN	حليب	حليب	7 a l ii b	READY	
14158	348	OpenClass	milk	lait	لَبَن	JED		milk_NOUN	lait_NOUN	laban_NOUN	لبن	لبن	l a b a n	READY	
14161	348	OpenClass	milk	lait	لَبَن	RIY		milk_NOUN	lait_NOUN	laban_NOUN	لبن	لبن	l a b a n	READY	
14169	349	OpenClass	hot	chaud	ساخِن	JED		hot_ADJ	chaud_ADJ	sAxin_ADJ	حار	حار	7 aa r r	READY	
14172	349	OpenClass	hot	chaud	ساخِن	RIY		hot_ADJ	chaud_ADJ	sAxin_ADJ	حار	حار	7 aa r r	READY	
14179	349	OpenClass	hot	chaud	ساخِن	JED		hot_ADJ	chaud_ADJ	sAxin_ADJ	حامي	حامي	7 aa m i	READY	
14219	349	OpenClass	hot	chaud	ساخِن	JED		hot_ADJ	chaud_ADJ	sAxin_ADJ	نار	نار	n aa r	READY	
14222	349	OpenClass	hot	chaud	ساخِن	RIY		hot_ADJ	chaud_ADJ	sAxin_ADJ	نار	نار	n aa r	READY	
14241	350	OpenClass	office	bureau	مَكْتَب	JED		office_NOUN	bureau_NOUN	makotab_NOUN	ديوان	ديوان	d ii w aa n	READY	
14243	350	OpenClass	office	bureau	مَكْتَب	RIY		office_NOUN	bureau_NOUN	makotab_NOUN	ديوان	ديوان	d ii w aa n	READY	
14257	350	OpenClass	office	bureau	مَكْتَب	JED		office_NOUN	bureau_NOUN	makotab_NOUN	مكتب	مكتب	m a k t a b	READY	
14262	350	OpenClass	office	bureau	مَكْتَب	RIY		office_NOUN	bureau_NOUN	makotab_NOUN	مكتب	مكتب	m a k t a b	READY	
14276	351	OpenClass	hand	main	يَد	JED		hand_NOUN	main_NOUN	yad_NOUN	ايد	ايد	2 ii d	READY	
14280	351	OpenClass	hand	main	يَد	RIY		hand_NOUN	main_NOUN	yad_NOUN	ايد	ايد	2 ii d	READY	
14288	351	OpenClass	hand	main	يَد	JED		hand_NOUN	main_NOUN	yad_NOUN	يد	يد	y a d d	READY	
14289	351	OpenClass	hand	main	يَد	RIY		hand_NOUN	main_NOUN	yad_NOUN	يد	يد	y a d d	READY	
14316	352	OpenClass	return	retour	عَوْدَة	JED		return_NOUN	retour_NOUN	Eawodap_NOUN	رجعة	رجعة	r a j 3 a	READY	
14319	352	OpenClass	return	retour	عَوْدَة	RIY		return_NOUN	retour_NOUN	Eawodap_NOUN	رجعة	رجعة	r a j 3 a	READY	
14333	352	OpenClass	return	retour	عَوْدَة	JED		return_NOUN	retour_NOUN	Eawodap_NOUN	رجوع	رجوع	r u j uu 3	READY	
14335	352	OpenClass	return	retour	عَوْدَة	RIY		return_NOUN	retour_NOUN	Eawodap_NOUN	رجوع	رجوع	r u j uu 3	READY	
14341	352	OpenClass	return	retour	عَوْدَة	JED		return_NOUN	retour_NOUN	Eawodap_NOUN	ردة	ردة	r a d d a	READY	
14343	352	OpenClass	return	retour	عَوْدَة	RIY		return_NOUN	retour_NOUN	Eawodap_NOUN	ردة	ردة	r a d d a	READY	
14354	352	OpenClass	return	retour	عَوْدَة	RIY		return_NOUN	retour_NOUN	Eawodap_NOUN	عودة	عودة	3 oo d a	READY	
14370	353	OpenClass	elevator	ascenseur	مِصْعَد	JED		elevator_NOUN	ascenseur_NOUN	miSoEad_NOUN	اسنسير	اسنسير	2 a s. a n s. ee r	CHECK	Foreign
14372	353	OpenClass	elevator	ascenseur	مِصْعَد	RIY		elevator_NOUN	ascenseur_NOUN	miSoEad_NOUN	اسنسير	اسنسير	2 a s. a n s. ee r	CHECK	Foreign
14394	353	OpenClass	elevator	ascenseur	مِصْعَد	JED		elevator_NOUN	ascenseur_NOUN	miSoEad_NOUN	مصعد	مصعد	m i s. 3 a d	READY	
14397	353	OpenClass	elevator	ascenseur	مِصْعَد	RIY		elevator_NOUN	ascenseur_NOUN	miSoEad_NOUN	مصعد	مصعد	m i s. 3 a d	READY	
14403	354	OpenClass	business	affaire	عَمَل	JED		business_NOUN	affaire_NOUN	Eamal_NOUN	بزنس	بزنس	b i z n i s	CHECK	Foreign
14407	354	OpenClass	business	affaire	عَمَل	RIY		business_NOUN	affaire_NOUN	Eamal_NOUN	بزنس	بزنس	b i z n i s	CHECK	Foreign
14411	354	OpenClass	business	affaire	عَمَل	JED		business_NOUN	affaire_NOUN	Eamal_NOUN	حاجة	حاجة	7 aa j a	READY	
14426	354	OpenClass	business	affaire	عَمَل	JED		business_NOUN	affaire_NOUN	Eamal_NOUN	شغل	شغل	sh u gh l	READY	
14428	354	OpenClass	business	affaire	عَمَل	RIY		business_NOUN	affaire_NOUN	Eamal_NOUN	شغل	شغل	sh u gh l	READY	
14439	354	OpenClass	business	affaire	عَمَل	JED		business_NOUN	affaire_NOUN	Eamal_NOUN	شغلانة	شغلانة	sh u gh l aa n a	READY	
14440	354	OpenClass	business	affaire	عَمَل	RIY		business_NOUN	affaire_NOUN	Eamal_NOUN	شغلانة	شغلانة	sh u gh l aa n a	READY	
14441	354	OpenClass	business	affaire	عَمَل	JED		business_NOUN	affaire_NOUN	Eamal_NOUN	شغلة	شغلة	sh a gh l a	READY	
14442	354	OpenClass	business	affaire	عَمَل	RIY		business_NOUN	affaire_NOUN	Eamal_NOUN	شغلة	شغلة	sh a gh l a	READY	
14459	354	OpenClass	business	affaire	عَمَل	JED		business_NOUN	affaire_NOUN	Eamal_NOUN	عمل	عمل	3 a m a l	READY	
14462	354	OpenClass	business	affaire	عَمَل	RIY		business_NOUN	affaire_NOUN	Eamal_NOUN	عمل	عمل	3 a m a l	READY	
14469	355	OpenClass	find	trouver	وَجَد	JED		find_VERB	trouver_VERB	wajad_VERB	حصل	حصل	7 a s. s. a l	READY	
14471	355	OpenClass	find	trouver	وَجَد	RIY		find_VERB	trouver_VERB	wajad_VERB	حصل	حصل	7 a s. s. a l	READY	
14474	355	OpenClass	find	trouver	وَجَد	JED		find_VERB	trouver_VERB	wajad_VERB	حصل على	حصل على	7 a s. s. a l # 3 a l a	READY	
14495	355	OpenClass	find	trouver	وَجَد	JED		find_VERB	trouver_VERB	wajad_VERB	لقى	لقى	l a g a	READY	
14496	355	OpenClass	find	trouver	وَجَد	RIY		find_VERB	trouver_VERB	wajad_VERB	لقى	لقى	l a g a	READY	
14516	355	OpenClass	find	trouver	وَجَد	JED		find_VERB	trouver_VERB	wajad_VERB	لقي	لقي	l i g i	READY	
14523	356	OpenClass	stop	arrêter	تَوَقَّف	JED		stop_VERB	arrêter_VERB	tawaqXaf_VERB	اتوقف	اتوقف	2 i t w a g g a f	READY	
14524	356	OpenClass	stop	arrêter	تَوَقَّف	RIY		stop_VERB	arrêter_VERB	tawaqXaf_VERB	اتوقف	اتوقف	2 i t w a g g a f	READY	
14530	356	OpenClass	stop	arrêter	تَوَقَّف	JED		stop_VERB	arrêter_VERB	tawaqXaf_VERB	بطل	بطل	b a t. t. a l	READY	
14531	356	OpenClass	stop	arrêter	تَوَقَّف	RIY		stop_VERB	arrêter_VERB	tawaqXaf_VERB	بطل	بطل	b a t. t. a l	READY	
14568	356	OpenClass	stop	arrêter	تَوَقَّف	JED		stop_VERB	arrêter_VERB	tawaqXaf_VERB	وقف	وقف	w a g g a f	READY	
14569	356	OpenClass	stop	arrêter	تَوَقَّف	RIY		stop_VERB	arrêter_VERB	tawaqXaf_VERB	وقف	وقف	w a g g a f	READY	
14632	357	OpenClass	wallet	portefeuille	مَحْفَظَة	RIY		wallet_NOUN	portefeuille_NOUN	maHofaZap_NOUN	محفظة	محفظة	m i 7 f a dh. a	READY	
14633	357	OpenClass	wallet	portefeuille	مَحْفَظَة	JED		wallet_NOUN	portefeuille_NOUN	maHofaZap_NOUN	محفظة	محفظة	m i 7 f a z. a	READY	
14653	359	OpenClass	bank	banque	بَنْك	JED		bank_NOUN	banque_NOUN	banok_NOUN	بنك	بنك	b a n k	CHECK	Foreign
14659	359	OpenClass	bank	banque	بَنْك	RIY		bank_NOUN	banque_NOUN	banok_NOUN	بنك	بنك	b a n k	CHECK	Foreign
14669	359	OpenClass	bank	banque	بَنْك	JED		bank_NOUN	banque_NOUN	banok_NOUN	مصرف	مصرف	m a s. r a f	READY	
14672	359	OpenClass	bank	banque	بَنْك	RIY		bank_NOUN	banque_NOUN	banok_NOUN	مصرف	مصرف	m a s. r a f	READY	
14711	360	OpenClass	see	voir	رَأَى	JED		see_VERB	voir_VERB	raOaY_VERB	شاف	شاف	sh aa f	READY	
14717	360	OpenClass	see	voir	رَأَى	RIY		see_VERB	voir_VERB	raOaY_VERB	شاف	شاف	sh aa f	READY	
14734	360	OpenClass	see	voir	رَأَى	RIY		see_VERB	voir_VERB	raOaY_VERB	ناظر	ناظر	n aa dh. a r	READY	
14741	361	OpenClass	suggest	suggérer	ٱِقْتَرَح	JED		suggest_VERB	suggérer_VERB	LiqotaraH_VERB	اقترح	اقترح	2 i q t a r a 7	READY	
14745	361	OpenClass	suggest	suggérer	ٱِقْتَرَح	RIY		suggest_VERB	suggérer_VERB	LiqotaraH_VERB	اقترح	اقترح	2 i q t a r a 7	READY	
14772	361	OpenClass	suggest	suggérer	ٱِقْتَرَح	JED		suggest_VERB	suggérer_VERB	LiqotaraH_VERB	وصى	وصى	w a s. s. a	READY	
14773	361	OpenClass	suggest	suggérer	ٱِقْتَرَح	RIY		suggest_VERB	suggérer_VERB	LiqotaraH_VERB	وصى	وصى	w a s. s. a	READY	
14785	362	OpenClass	floor	étage	طابِق	JED		floor_NOUN	étage_NOUN	TAbiq_NOUN	دور	دور	d oo r	READY	
14788	362	OpenClass	floor	étage	طابِق	RIY		floor_NOUN	étage_NOUN	TAbiq_NOUN	دور	دور	d oo r	READY	
14802	362	OpenClass	floor	étage	طابِق	JED		floor_NOUN	étage_NOUN	TAbiq_NOUN	طابق	طابق	t. aa b i g	READY	
14804	362	OpenClass	floor	étage	طابِق	RIY		floor_NOUN	étage_NOUN	TAbiq_NOUN	طابق	طابق	t. aa b i g	READY	
14830	363	OpenClass	city , town	ville	مَدِينَة	JED		city_NOUN , town_NOUN	ville_NOUN	madiynap_NOUN	مدينة	مدينة	m a d ii n a	READY	
14834	363	OpenClass	city , town	ville	مَدِينَة	RIY		city_NOUN , town_NOUN	ville_NOUN	madiynap_NOUN	مدينة	مدينة	m a d ii n a	READY	
14854	364	OpenClass	go	aller	ذَهَب	JED		go_VERB	aller_VERB	Vahab_VERB	خرج	خرج	kh a r a j	READY	
14855	364	OpenClass	go	aller	ذَهَب	RIY		go_VERB	aller_VERB	Vahab_VERB	خرج	خرج	kh a r a j	READY	
14871	364	OpenClass	go	aller	ذَهَب	JED		go_VERB	aller_VERB	Vahab_VERB	راح	راح	r aa 7	READY	
14876	364	OpenClass	go	aller	ذَهَب	RIY		go_VERB	aller_VERB	Vahab_VERB	راح	راح	r aa 7	READY	
14886	364	OpenClass	go	aller	ذَهَب	RIY		go_VERB	aller_VERB	Vahab_VERB	طلع	طلع	t. a l a 3	READY	
14892	364	OpenClass	go	aller	ذَهَب	JED		go_VERB	aller_VERB	Vahab_VERB	طلع	طلع	t. i l i 3	READY	
14904	364	OpenClass	go	aller	ذَهَب	RIY		go_VERB	aller_VERB	Vahab_VERB	مشى	مشى	m a sh a	READY	
14920	364	OpenClass	go	aller	ذَهَب	JED		go_VERB	aller_VERB	Vahab_VERB	مشي	مشي	m i sh i	READY	
14922	364	OpenClass	go	aller	ذَهَب	RIY		go_VERB	aller_VERB	Vahab_VERB	نزل	نزل	n a z a l	READY	
14923	364	OpenClass	go	aller	ذَهَب	JED		go_VERB	aller_VERB	Vahab_VERB	نزل	نزل	n i z i l	READY	
14955	365	OpenClass	lose	perdre	فَقَد	JED		lose_VERB	perdre_VERB	faqad_VERB	ضيع	ضيع	d. a y y a 3	READY	
14965	365	OpenClass	lose	perdre	فَقَد	RIY		lose_VERB	perdre_VERB	faqad_VERB	ضيع	ضيع	dh. a y y a 3	READY	
14988	366	OpenClass	hope	espérer	تَمَنَّى	JED		hope_VERB	espérer_VERB	tamanXaY_VERB	اترجى	اترجى	2 a t r a j j a	READY	
14989	366	OpenClass	hope	espérer	تَمَنَّى	RIY		hope_VERB	espérer_VERB	tamanXaY_VERB	اترجى	اترجى	2 a t r a j j a	READY	
14994	366	OpenClass	hope	espérer	تَمَنَّى	JED		hope_VERB	espérer_VERB	tamanXaY_VERB	اتمنى	اتمنى	2 i t m a n n a	READY	
14997	366	OpenClass	hope	espérer	تَمَنَّى	RIY		hope_VERB	espérer_VERB	tamanXaY_VERB	اتمنى	اتمنى	2 i t m a n n a	READY	
15036	366	OpenClass	hope	espérer	تَمَنَّى	JED		hope_VERB	espérer_VERB	tamanXaY_VERB	كان مأمل	كان مأمل	k aa n # m u 2 a m m i l	READY	
15037	366	OpenClass	hope	espérer	تَمَنَّى	JED		hope_VERB	espérer_VERB	tamanXaY_VERB	يا ريت	يا ريت	y aa # r ee t	READY	
15038	366	OpenClass	hope	espérer	تَمَنَّى	RIY		hope_VERB	espérer_VERB	tamanXaY_VERB	يا ريت	يا ريت	y aa # r ee t	READY	
15051	367	OpenClass	keep	garder	ٱِحْتَفَظ	RIY		keep_VERB	garder_VERB	LiHotafaZ_VERB	احتفظ	احتفظ	2 i 7 t a f a dh.	READY	
15054	367	OpenClass	keep	garder	ٱِحْتَفَظ	JED		keep_VERB	garder_VERB	LiHotafaZ_VERB	احتفظ	احتفظ	2 i 7 t a f a z.	READY	
15073	367	OpenClass	keep	garder	ٱِحْتَفَظ	RIY		keep_VERB	garder_VERB	LiHotafaZ_VERB	حافظ على	حافظ على	7 aa f a dh. # 3 a l a	READY	
15074	367	OpenClass	keep	garder	ٱِحْتَفَظ	JED		keep_VERB	garder_VERB	LiHotafaZ_VERB	حافظ على	حافظ على	7 aa f a z. # 3 a l a	READY	
15084	367	OpenClass	keep	garder	ٱِحْتَفَظ	JED		keep_VERB	garder_VERB	LiHotafaZ_VERB	خلى	خلى	kh a l l a	READY	
15088	367	OpenClass	keep	garder	ٱِحْتَفَظ	RIY		keep_VERB	garder_VERB	LiHotafaZ_VERB	خلى	خلى	kh a l l a	READY	
15094	367	OpenClass	keep	garder	ٱِحْتَفَظ	JED		keep_VERB	garder_VERB	LiHotafaZ_VERB	خلى عنده	خلى عند +ه	kh a l l a # 3 i n d o	READY	
15095	367	OpenClass	keep	garder	ٱِحْتَفَظ	RIY		keep_VERB	garder_VERB	LiHotafaZ_VERB	خلى عنده	خلى عند +ه	kh a l l a # 3 i n d o	READY	
15096	367	OpenClass	keep	garder	ٱِحْتَفَظ	JED		keep_VERB	garder_VERB	LiHotafaZ_VERB	خلى معه	خلى مع +ه	kh a l l a # m a 3 aa h	READY	
15097	367	OpenClass	keep	garder	ٱِحْتَفَظ	RIY		keep_VERB	garder_VERB	LiHotafaZ_VERB	خلى معه	خلى مع +ه	kh a l l a # m a 3 aa h	READY	
15103	368	OpenClass	jacket	veste	سُتْرَة	JED		jacket_NOUN	veste_NOUN	sutorap_NOUN	بلوفر	بلوفر	b i l oo f a r	CHECK	Foreign
15104	368	OpenClass	jacket	veste	سُتْرَة	RIY		jacket_NOUN	veste_NOUN	sutorap_NOUN	بلوفر	بلوفر	b i l oo f a r	CHECK	Foreign
15120	368	OpenClass	jacket	veste	سُتْرَة	JED		jacket_NOUN	veste_NOUN	sutorap_NOUN	جاكيت	جاكيت	j a k ee t	CHECK	Foreign
15122	368	OpenClass	jacket	veste	سُتْرَة	RIY		jacket_NOUN	veste_NOUN	sutorap_NOUN	جاكيت	جاكيت	j a k ee t	CHECK	Foreign
15135	368	OpenClass	jacket	veste	سُتْرَة	JED		jacket_NOUN	veste_NOUN	sutorap_NOUN	سترة	سترة	s u t r a	READY	
15137	368	OpenClass	jacket	veste	سُتْرَة	RIY		jacket_NOUN	veste_NOUN	sutorap_NOUN	سترة	سترة	s u t r a	READY	
15171	369	OpenClass	bring	apporter	أَحْضَر	JED		bring_VERB	apporter_VERB	OaHoDar_VERB	جاب	جاب	j aa b	READY	
15175	369	OpenClass	bring	apporter	أَحْضَر	RIY		bring_VERB	apporter_VERB	OaHoDar_VERB	جاب	جاب	j aa b	READY	
15194	370	OpenClass	drink	boire	شَرِب	RIY		drink_VERB	boire_VERB	carib_VERB	شرب	شرب	sh a r a b	READY	
15209	370	OpenClass	drink	boire	شَرِب	JED		drink_VERB	boire_VERB	carib_VERB	شرب	شرب	sh i r i b	READY	
15228	371	OpenClass	eat	manger	أَكَل ، تَناوَل	JED		eat_VERB	manger_VERB	Oakal_VERB , tanAwal_VERB	اكل	اكل	2 a k a l	READY	
15232	371	OpenClass	eat	manger	أَكَل ، تَناوَل	RIY		eat_VERB	manger_VERB	Oakal_VERB , tanAwal_VERB	اكل	اكل	2 a k a l	READY	
15278	372	OpenClass	like	aimer	أَحَبّ	JED		like_VERB	aimer_VERB	OaHabX_VERB	حب	حب	7 a b b	READY	
15282	372	OpenClass	like	aimer	أَحَبّ	RIY		like_VERB	aimer_VERB	OaHabX_VERB	حب	حب	7 a b b	READY	
15295	372	OpenClass	like	aimer	أَحَبّ	JED		like_VERB	aimer_VERB	OaHabX_VERB	عجب	عجب	3 a j a b	READY	
15296	372	OpenClass	like	aimer	أَحَبّ	RIY		like_VERB	aimer_VERB	OaHabX_VERB	عجب	عجب	3 a j a b	READY	
15311	374	OpenClass	ask	demander	سَأَل	JED		ask_VERB	demander_VERB	saOal_VERB	استفسر	استفسر	2 i s t a f s a r	READY	
15314	374	OpenClass	ask	demander	سَأَل	RIY		ask_VERB	demander_VERB	saOal_VERB	استفسر	استفسر	2 i s t a f s a r	READY	
15326	374	OpenClass	ask	demander	سَأَل	JED		ask_VERB	demander_VERB	saOal_VERB	سأل	سأل	s a 2 a l	READY	
15331	374	OpenClass	ask	demander	سَأَل	RIY		ask_VERB	demander_VERB	saOal_VERB	سأل	سأل	s a 2 a l	READY	
15346	374	OpenClass	ask	demander	سَأَل	JED		ask_VERB	demander_VERB	saOal_VERB	طلب	طلب	t. a l a b	READY	
15348	374	OpenClass	ask	demander	سَأَل	RIY		ask_VERB	demander_VERB	saOal_VERB	طلب	طلب	t. a l a b	READY	
15357	375	OpenClass	exchange	change	صَرْف	JED		exchange_NOUN	change_NOUN	Sarof_NOUN	تبديل	تبديل	t a b d ii l	READY	
15358	375	OpenClass	exchange	change	صَرْف	RIY		exchange_NOUN	change_NOUN	Sarof_NOUN	تبديل	تبديل	t a b d ii l	READY	
15364	375	OpenClass	exchange	change	صَرْف	JED		exchange_NOUN	change_NOUN	Sarof_NOUN	تغيير	تغيير	t a gh y ii r	READY	
15365	375	OpenClass	exchange	change	صَرْف	RIY		exchange_NOUN	change_NOUN	Sarof_NOUN	تغيير	تغيير	t a gh y ii r	READY	
15402	376	OpenClass	tour	excursion	جَوْلَة	JED		tour_NOUN	excursion_NOUN	jawolap_NOUN	تجوال	تجوال	t i j w aa l	READY	
15403	376	OpenClass	tour	excursion	جَوْلَة	RIY		tour_NOUN	excursion_NOUN	jawolap_NOUN	تجوال	تجوال	t i j w aa l	READY	
15416	376	OpenClass	tour	excursion	جَوْلَة	JED		tour_NOUN	excursion_NOUN	jawolap_NOUN	جولة	جولة	j a w l a	READY	
15419	376	OpenClass	tour	excursion	جَوْلَة	RIY		tour_NOUN	excursion_NOUN	jawolap_NOUN	جولة	جولة	j a w l a	READY	
15436	376	OpenClass	tour	excursion	جَوْلَة	JED		tour_NOUN	excursion_NOUN	jawolap_NOUN	رحلة	رحلة	r i 7 l a	READY	
15438	376	OpenClass	tour	excursion	جَوْلَة	RIY		tour_NOUN	excursion_NOUN	jawolap_NOUN	رحلة	رحلة	r i 7 l a	READY	
15439	376	OpenClass	tour	excursion	جَوْلَة	JED		tour_NOUN	excursion_NOUN	jawolap_NOUN	رحلة سياحية	رحلة سياحية	r i 7 l a # s i y aa 7 i y y a	READY	
15440	376	OpenClass	tour	excursion	جَوْلَة	RIY		tour_NOUN	excursion_NOUN	jawolap_NOUN	رحلة سياحية	رحلة سياحية	r i 7 l a # s i y aa 7 i y y a	READY	
15469	377	OpenClass	rent	louer	ٱِسْتَأْجَر	JED		rent_VERB	louer_VERB	LisotaOojar_VERB	اجر	اجر	2 a j j a r	READY	
15470	377	OpenClass	rent	louer	ٱِسْتَأْجَر	RIY		rent_VERB	louer_VERB	LisotaOojar_VERB	اجر	اجر	2 a j j a r	READY	
15476	377	OpenClass	rent	louer	ٱِسْتَأْجَر	JED		rent_VERB	louer_VERB	LisotaOojar_VERB	استأجر	استأجر	2 i s t a 2 j a r	READY	
15479	377	OpenClass	rent	louer	ٱِسْتَأْجَر	RIY		rent_VERB	louer_VERB	LisotaOojar_VERB	استأجر	استأجر	2 i s t a 2 j a r	READY	
15505	378	OpenClass	departure	départ	مُغادَرَة	JED		departure_NOUN	départ_NOUN	mugAdarap_NOUN	خروج	خروج	kh u r uu j	READY	
15507	378	OpenClass	departure	départ	مُغادَرَة	RIY		departure_NOUN	départ_NOUN	mugAdarap_NOUN	خروج	خروج	kh u r uu j	READY	
15535	378	OpenClass	departure	départ	مُغادَرَة	JED		departure_NOUN	départ_NOUN	mugAdarap_NOUN	مغادرة	مغادرة	m u gh aa d a r a	READY	
15539	378	OpenClass	departure	départ	مُغادَرَة	RIY		departure_NOUN	départ_NOUN	mugAdarap_NOUN	مغادرة	مغادرة	m u gh aa d a r a	READY	
15554	379	OpenClass	mistake	erreur	خَطَأ	JED		mistake_NOUN	erreur_NOUN	xaTaO_NOUN	خطأ	خطأ	kh a t. a 2	READY	
15558	379	OpenClass	mistake	erreur	خَطَأ	RIY		mistake_NOUN	erreur_NOUN	xaTaO_NOUN	خطأ	خطأ	kh a t. a 2	READY	
15581	379	OpenClass	mistake	erreur	خَطَأ	JED		mistake_NOUN	erreur_NOUN	xaTaO_NOUN	غلط	غلط	gh a l a t.	READY	
15586	379	OpenClass	mistake	erreur	خَطَأ	RIY		mistake_NOUN	erreur_NOUN	xaTaO_NOUN	غلط	غلط	gh a l a t.	READY	
15600	379	OpenClass	mistake	erreur	خَطَأ	JED		mistake_NOUN	erreur_NOUN	xaTaO_NOUN	غلطة	غلطة	gh a l t. a	READY	
15604	379	OpenClass	mistake	erreur	خَطَأ	RIY		mistake_NOUN	erreur_NOUN	xaTaO_NOUN	غلطة	غلطة	gh a l t. a	READY	
15610	379	OpenClass	mistake	erreur	خَطَأ	JED		mistake_NOUN	erreur_NOUN	xaTaO_NOUN	مغلوط	مغلوط	m a gh l uu t.	READY	
15611	379	OpenClass	mistake	erreur	خَطَأ	RIY		mistake_NOUN	erreur_NOUN	xaTaO_NOUN	مغلوط	مغلوط	m a gh l uu t.	READY	
15634	380	OpenClass	battery	pile	بَطّارِيَّة	JED		battery_NOUN	pile_NOUN	baTXAriyXap_NOUN	بطارية	بطارية	b a t. t. aa r i y y a	CHECK	Foreign
15637	380	OpenClass	battery	pile	بَطّارِيَّة	RIY		battery_NOUN	pile_NOUN	baTXAriyXap_NOUN	بطارية	بطارية	b a t. t. aa r i y y a	CHECK	Foreign
15660	381	OpenClass	cream	crème	قِشْدَة	JED		cream_NOUN	crème_NOUN	qicodap_NOUN	قشطة	قشطة	g i sh t. a	READY	
15662	381	OpenClass	cream	crème	قِشْدَة	RIY		cream_NOUN	crème_NOUN	qicodap_NOUN	قشطة	قشطة	g i sh t. a	READY	
15695	381	OpenClass	cream	crème	قِشْدَة	JED		cream_NOUN	crème_NOUN	qicodap_NOUN	كريمة	كريمة	k r ee m a	CHECK	Foreign
15698	381	OpenClass	cream	crème	قِشْدَة	RIY		cream_NOUN	crème_NOUN	qicodap_NOUN	كريمة	كريمة	k r ee m a	CHECK	Foreign
15723	382	OpenClass	company	compagnie	شَرِكَة	JED		company_NOUN	compagnie_NOUN	carikap_NOUN	شركة	شركة	sh i r k a	READY	
15724	382	OpenClass	company	compagnie	شَرِكَة	RIY		company_NOUN	compagnie_NOUN	carikap_NOUN	شركة	شركة	sh i r k a	READY	
15773	383	OpenClass	box	boîte	صُنْدُوق	JED		box_NOUN	boîte_NOUN	Sunoduwq_NOUN	صندوق	صندوق	s. u n d uu g	READY	
15774	383	OpenClass	box	boîte	صُنْدُوق	RIY		box_NOUN	boîte_NOUN	Sunoduwq_NOUN	صندوق	صندوق	s. u n d uu g	READY	
15783	383	OpenClass	box	boîte	صُنْدُوق	JED		box_NOUN	boîte_NOUN	Sunoduwq_NOUN	كرتون	كرتون	k a r t oo n	CHECK	Foreign
15784	383	OpenClass	box	boîte	صُنْدُوق	RIY		box_NOUN	boîte_NOUN	Sunoduwq_NOUN	كرتون	كرتون	k a r t oo n	CHECK	Foreign
15793	385	OpenClass	something , thing	chose	شَيْء	JED		something_NOUN , thing_NOUN	chose_NOUN	cayoC_NOUN	اش اسمه	اش اسم +ه	2 i sh # i s m u	READY	
15809	385	OpenClass	something , thing	chose	شَيْء	JED		something_NOUN , thing_NOUN	chose_NOUN	cayoC_NOUN	حاجة	حاجة	7 aa j a	READY	
15823	385	OpenClass	something , thing	chose	شَيْء	JED		something_NOUN , thing_NOUN	chose_NOUN	cayoC_NOUN	شي	شي	sh a y y	READY	
15824	385	OpenClass	something , thing	chose	شَيْء	RIY		something_NOUN , thing_NOUN	chose_NOUN	cayoC_NOUN	شي	شي	sh a y y	READY	
15848	386	OpenClass	work	travail	عَمَل	JED		work_NOUN	travail_NOUN	Eamal_NOUN	دوام	دوام	d a w aa m	READY	
15851	386	OpenClass	work	travail	عَمَل	RIY		work_NOUN	travail_NOUN	Eamal_NOUN	دوام	دوام	d a w aa m	READY	
15864	386	OpenClass	work	travail	عَمَل	JED		work_NOUN	travail_NOUN	Eamal_NOUN	شغل	شغل	sh u gh l	READY	
15866	386	OpenClass	work	travail	عَمَل	RIY		work_NOUN	travail_NOUN	Eamal_NOUN	شغل	شغل	sh u gh l	READY	
15883	386	OpenClass	work	travail	عَمَل	JED		work_NOUN	travail_NOUN	Eamal_NOUN	عمل	عمل	3 a m a l	READY	
15885	386	OpenClass	work	travail	عَمَل	RIY		work_NOUN	travail_NOUN	Eamal_NOUN	عمل	عمل	3 a m a l	READY	
15897	386	OpenClass	work	travail	عَمَل	RIY		work_NOUN	travail_NOUN	Eamal_NOUN	وظيفة	وظيفة	w a dh. ii f a	READY	
15902	386	OpenClass	work	travail	عَمَل	JED		work_NOUN	travail_NOUN	Eamal_NOUN	وظيفة	وظيفة	w a z. ii f a	READY	
15920	387	OpenClass	dessert	dessert	حَلْوَى	JED		dessert_NOUN	dessert_NOUN	HalowaY_NOUN	حلو	حلو	7 i l u	READY	
15922	387	OpenClass	dessert	dessert	حَلْوَى	RIY		dessert_NOUN	dessert_NOUN	HalowaY_NOUN	حلو	حلو	7 i l u	READY	
15949	387	OpenClass	dessert	dessert	حَلْوَى	JED		dessert_NOUN	dessert_NOUN	HalowaY_NOUN	حلى	حلى	7 a l a	READY	
15950	387	OpenClass	dessert	dessert	حَلْوَى	RIY		dessert_NOUN	dessert_NOUN	HalowaY_NOUN	حلى	حلى	7 a l a	READY	
15975	388	OpenClass	arrive	arriver	وَصَل	JED		arrive_VERB	arriver_VERB	waSal_VERB	جا	جا	j aa	READY	
15976	388	OpenClass	arrive	arriver	وَصَل	RIY		arrive_VERB	arriver_VERB	waSal_VERB	جا	جا	j aa	READY	
15985	388	OpenClass	arrive	arriver	وَصَل	JED		arrive_VERB	arriver_VERB	waSal_VERB	وصل	وصل	w a s. a l	READY	
15988	388	OpenClass	arrive	arriver	وَصَل	RIY		arrive_VERB	arriver_VERB	waSal_VERB	وصل	وصل	w a s. a l	READY	
16028	390	OpenClass	small , little	petit	صَغِير	JED		small_ADJ , little_ADJ	petit_ADJ	Sagiyr_ADJ	صغير	صغير	s. a gh ii r	READY	
16030	390	OpenClass	small , little	petit	صَغِير	RIY		small_ADJ , little_ADJ	petit_ADJ	Sagiyr_ADJ	صغير	صغير	s. a gh ii r	READY	
16091	391	OpenClass	press	appuyer	ضَغَط	JED		press_VERB	appuyer_VERB	DagaT_VERB	ضغط	ضغط	d. a gh a t.	READY	
16094	391	OpenClass	press	appuyer	ضَغَط	RIY		press_VERB	appuyer_VERB	DagaT_VERB	ضغط	ضغط	d. a gh a t.	READY	
16104	391	OpenClass	press	appuyer	ضَغَط	JED		press_VERB	appuyer_VERB	DagaT_VERB	عصر	عصر	3 a s. a r	READY	
16105	391	OpenClass	press	appuyer	ضَغَط	RIY		press_VERB	appuyer_VERB	DagaT_VERB	عصر	عصر	3 a s. a r	READY	
16111	391	OpenClass	press	appuyer	ضَغَط	JED		press_VERB	appuyer_VERB	DagaT_VERB	كبس	كبس	k a b a s	READY	
16141	392	OpenClass	tourism	tourisme	سِياحَة	JED		sightseeing_NOUN	tourisme_NOUN	siyAHap_NOUN	سياحة	سياحة	s i y aa 7 a	READY	
16144	392	OpenClass	tourism	tourisme	سِياحَة	RIY		sightseeing_NOUN	tourisme_NOUN	siyAHap_NOUN	سياحة	سياحة	s i y aa 7 a	READY	
16165	393	OpenClass	follow	suivre	ٱِتَّبَع	JED		follow_VERB	suivre_VERB	LitXabaE_VERB	اتبع	اتبع	2 i t t a b a 3	READY	
16166	393	OpenClass	follow	suivre	ٱِتَّبَع	RIY		follow_VERB	suivre_VERB	LitXabaE_VERB	اتبع	اتبع	2 i t t a b a 3	READY	
16169	393	OpenClass	follow	suivre	ٱِتَّبَع	JED		follow_VERB	suivre_VERB	LitXabaE_VERB	تابع	تابع	t aa b a 3	READY	
16172	393	OpenClass	follow	suivre	ٱِتَّبَع	RIY		follow_VERB	suivre_VERB	LitXabaE_VERB	تابع	تابع	t aa b a 3	READY	
16199	393	OpenClass	follow	suivre	ٱِتَّبَع	JED		follow_VERB	suivre_VERB	LitXabaE_VERB	راقب	راقب	r aa g a b	READY	
16200	393	OpenClass	follow	suivre	ٱِتَّبَع	RIY		follow_VERB	suivre_VERB	LitXabaE_VERB	راقب	راقب	r aa g a b	READY	
16206	393	OpenClass	follow	suivre	ٱِتَّبَع	JED		follow_VERB	suivre_VERB	LitXabaE_VERB	لاحق	لاحق	l aa 7 a g	READY	
16207	393	OpenClass	follow	suivre	ٱِتَّبَع	RIY		follow_VERB	suivre_VERB	LitXabaE_VERB	لاحق	لاحق	l aa 7 a g	READY	
16231	393	OpenClass	follow	suivre	ٱِتَّبَع	JED		follow_VERB	suivre_VERB	LitXabaE_VERB	مشي ورا	مشي ورا	m i sh i # w a r a	READY	
16233	393	OpenClass	follow	suivre	ٱِتَّبَع	RIY		follow_VERB	suivre_VERB	LitXabaE_VERB	مشي ورا	مشي ورا	m i sh i # w a r a	READY	
16241	394	OpenClass	list	liste	قائِمَة	JED		list_NOUN	liste_NOUN	qAQimap_NOUN	فهرس	فهرس	f a h r a s	READY	
16242	394	OpenClass	list	liste	قائِمَة	RIY		list_NOUN	liste_NOUN	qAQimap_NOUN	فهرس	فهرس	f a h r a s	READY	
16249	394	OpenClass	list	liste	قائِمَة	JED		list_NOUN	liste_NOUN	qAQimap_NOUN	قائمة	قائمة	q aa 2 i m a	READY	
16252	394	OpenClass	list	liste	قائِمَة	RIY		list_NOUN	liste_NOUN	qAQimap_NOUN	قائمة	قائمة	q aa 2 i m a	READY	
16272	394	OpenClass	list	liste	قائِمَة	JED		list_NOUN	liste_NOUN	qAQimap_NOUN	لايحة	لايحة	l aa y 7 a	READY	
16274	394	OpenClass	list	liste	قائِمَة	RIY		list_NOUN	liste_NOUN	qAQimap_NOUN	لايحة	لايحة	l aa y 7 a	READY	
16283	394	OpenClass	list	liste	قائِمَة	JED		list_NOUN	liste_NOUN	qAQimap_NOUN	لستة	لستة	l i s t a	CHECK	Foreign
16287	394	OpenClass	list	liste	قائِمَة	RIY		list_NOUN	liste_NOUN	qAQimap_NOUN	لستة	لستة	l i s t a	CHECK	Foreign
16309	395	OpenClass	international	international	دُوَلِيّ	JED		international_ADJ	international_ADJ	duwaliyX_ADJ	دولي	دولي	d a w l i	READY	
16313	395	OpenClass	international	international	دُوَلِيّ	RIY		international_ADJ	international_ADJ	duwaliyX_ADJ	دولي	دولي	d a w l i	READY	
16324	395	OpenClass	international	international	دُوَلِيّ	JED		international_ADJ	international_ADJ	duwaliyX_ADJ	دولي	دولي	d u w a l i	READY	
16339	395	OpenClass	international	international	دُوَلِيّ	JED		international_ADJ	international_ADJ	duwaliyX_ADJ	عالمي	عالمي	3 aa l a m i	READY	
16345	395	OpenClass	international	international	دُوَلِيّ	RIY		international_ADJ	international_ADJ	duwaliyX_ADJ	عالمي	عالمي	3 aa l a m i	READY	
16354	396	OpenClass	exit	sortie	خُرُوج	JED		exit_NOUN	sortie_NOUN	xuruwj_NOUN	خرجة	خرجة	kh a r j a	READY	
16355	396	OpenClass	exit	sortie	خُرُوج	RIY		exit_NOUN	sortie_NOUN	xuruwj_NOUN	خرجة	خرجة	kh a r j a	READY	
16364	396	OpenClass	exit	sortie	خُرُوج	JED		exit_NOUN	sortie_NOUN	xuruwj_NOUN	خروج	خروج	kh u r uu j	READY	
16368	396	OpenClass	exit	sortie	خُرُوج	RIY		exit_NOUN	sortie_NOUN	xuruwj_NOUN	خروج	خروج	kh u r uu j	READY	
16377	396	OpenClass	exit	sortie	خُرُوج	JED		exit_NOUN	sortie_NOUN	xuruwj_NOUN	طلعة	طلعة	t. a l 3 a	READY	
16378	396	OpenClass	exit	sortie	خُرُوج	RIY		exit_NOUN	sortie_NOUN	xuruwj_NOUN	طلعة	طلعة	t. a l 3 a	READY	
16390	396	OpenClass	exit	sortie	خُرُوج	JED		exit_NOUN	sortie_NOUN	xuruwj_NOUN	مخرج	مخرج	m a kh r a j	READY	
16393	396	OpenClass	exit	sortie	خُرُوج	RIY		exit_NOUN	sortie_NOUN	xuruwj_NOUN	مخرج	مخرج	m a kh r a j	READY	
16403	396	OpenClass	exit	sortie	خُرُوج	RIY		exit_NOUN	sortie_NOUN	xuruwj_NOUN	منفذ	منفذ	m a n f a dh	READY	
16410	396	OpenClass	exit	sortie	خُرُوج	JED		exit_NOUN	sortie_NOUN	xuruwj_NOUN	منفذ	منفذ	m a n f a z	READY	
16414	397	MixedClass	front	en face de , face à	أَمام	JED		front_NOUN	en_ADP face_NOUN de_ADP , face_NOUN à_ADP	OamAm_NOUN	امام	امام	2 a m aa m	READY	
16417	397	MixedClass	front	en face de , face à	أَمام	RIY		front_NOUN	en_ADP face_NOUN de_ADP , face_NOUN à_ADP	OamAm_NOUN	امام	امام	2 a m aa m	READY	
16422	397	MixedClass	front	en face de , face à	أَمام	JED		front_NOUN	en_ADP face_NOUN de_ADP , face_NOUN à_ADP	OamAm_NOUN	فالواجهة	ف+ ال+ واجهة	f i l w aa j h a	READY	
16423	397	MixedClass	front	en face de , face à	أَمام	RIY		front_NOUN	en_ADP face_NOUN de_ADP , face_NOUN à_ADP	OamAm_NOUN	فالواجهة	ف+ ال+ واجهة	f i l w aa j h a	READY	
16424	397	MixedClass	front	en face de , face à	أَمام	JED		front_NOUN	en_ADP face_NOUN de_ADP , face_NOUN à_ADP	OamAm_NOUN	فوش	ف+ وش	f w a sh sh	READY	
16425	397	MixedClass	front	en face de , face à	أَمام	RIY		front_NOUN	en_ADP face_NOUN de_ADP , face_NOUN à_ADP	OamAm_NOUN	فوش	ف+ وش	f w a sh sh	READY	
16430	397	MixedClass	front	en face de , face à	أَمام	RIY		front_NOUN	en_ADP face_NOUN de_ADP , face_NOUN à_ADP	OamAm_NOUN	قبال	قبال	2 i g b aa l	CHECK	
16452	397	MixedClass	front	en face de , face à	أَمام	JED		front_NOUN	en_ADP face_NOUN de_ADP , face_NOUN à_ADP	OamAm_NOUN	قدام	قدام	g u d d aa m	READY	
16453	397	MixedClass	front	en face de , face à	أَمام	RIY		front_NOUN	en_ADP face_NOUN de_ADP , face_NOUN à_ADP	OamAm_NOUN	قدام	قدام	g u d d aa m	READY	
16469	397	MixedClass	front	en face de , face à	أَمام	JED		front_NOUN	en_ADP face_NOUN de_ADP , face_NOUN à_ADP	OamAm_NOUN	مقابل	مقابل	m u g aa b i l	READY	
16470	397	MixedClass	front	en face de , face à	أَمام	RIY		front_NOUN	en_ADP face_NOUN de_ADP , face_NOUN à_ADP	OamAm_NOUN	مقابل	مقابل	m u g aa b i l	READY	
16484	398	OpenClass	single	simple	مُفْرَد	JED		single_ADJ	simple_ADJ	muforad_ADJ	اعزب	اعزب	2 a 3 z a b	READY	
16486	398	OpenClass	single	simple	مُفْرَد	RIY		single_ADJ	simple_ADJ	muforad_ADJ	اعزب	اعزب	2 a 3 z a b	READY	
16547	398	OpenClass	single	simple	مُفْرَد	JED		single_ADJ	simple_ADJ	muforad_ADJ	وحيد	وحيد	w a 7 ii d	READY	
16548	398	OpenClass	single	simple	مُفْرَد	RIY		single_ADJ	simple_ADJ	muforad_ADJ	وحيد	وحيد	w a 7 ii d	READY	
16564	399	OpenClass	part	partie	جُزْء	JED		part_NOUN	partie_NOUN	juzoC_NOUN	جزء	جزء	j u z 2	READY	
16567	399	OpenClass	part	partie	جُزْء	RIY		part_NOUN	partie_NOUN	juzoC_NOUN	جزء	جزء	j u z 2	READY	
16607	399	OpenClass	part	partie	جُزْء	JED		part_NOUN	partie_NOUN	juzoC_NOUN	قسم	قسم	g i s i m	READY	
16608	399	OpenClass	part	partie	جُزْء	RIY		part_NOUN	partie_NOUN	juzoC_NOUN	قسم	قسم	g i s i m	READY	
16621	399	OpenClass	part	partie	جُزْء	JED		part_NOUN	partie_NOUN	juzoC_NOUN	قطعة	قطعة	q i t. 3 a	READY	
16622	399	OpenClass	part	partie	جُزْء	RIY		part_NOUN	partie_NOUN	juzoC_NOUN	قطعة	قطعة	q i t. 3 a	READY	
16632	400	OpenClass	use	utiliser	ٱِسْتَخْدَم	JED		use_VERB	utiliser_VERB	Lisotaxodam_VERB	استخدم	استخدم	2 i s t a kh d a m	READY	
16635	400	OpenClass	use	utiliser	ٱِسْتَخْدَم	RIY		use_VERB	utiliser_VERB	Lisotaxodam_VERB	استخدم	استخدم	2 i s t a kh d a m	READY	
16650	400	OpenClass	use	utiliser	ٱِسْتَخْدَم	JED		use_VERB	utiliser_VERB	Lisotaxodam_VERB	استعمل	استعمل	2 i s t a 3 m a l	READY	
16654	400	OpenClass	use	utiliser	ٱِسْتَخْدَم	RIY		use_VERB	utiliser_VERB	Lisotaxodam_VERB	استعمل	استعمل	2 i s t a 3 m a l	READY	
16669	400	OpenClass	use	utiliser	ٱِسْتَخْدَم	JED		use_VERB	utiliser_VERB	Lisotaxodam_VERB	اشتغل ب+	اشتغل ب+	2 i sh t a gh a l # b i	READY	
16670	400	OpenClass	use	utiliser	ٱِسْتَخْدَم	RIY		use_VERB	utiliser_VERB	Lisotaxodam_VERB	اشتغل ب+	اشتغل ب+	2 i sh t a gh a l # b i	READY	
16699	401	OpenClass	mile	mille	مَيْل	JED		mile_NOUN	mille_NOUN	mayol_NOUN	ميل	ميل	m ii l	READY	
16705	401	OpenClass	mile	mille	مَيْل	RIY		mile_NOUN	mille_NOUN	mayol_NOUN	ميل	ميل	m ii l	READY	
16739	402	OpenClass	drink	boisson	مَشْرُوب	JED		drink_NOUN	boisson_NOUN	macoruwb_NOUN	مشروب	مشروب	m a sh r uu b	READY	
16743	402	OpenClass	drink	boisson	مَشْرُوب	RIY		drink_NOUN	boisson_NOUN	macoruwb_NOUN	مشروب	مشروب	m a sh r uu b	READY	
16752	403	OpenClass	great	génial	عَظِيم	JED		great_ADJ	génial_ADJ	EaZiym_ADJ	جبار	جبار	j a b b aa r	READY	
16753	403	OpenClass	great	génial	عَظِيم	RIY		great_ADJ	génial_ADJ	EaZiym_ADJ	جبار	جبار	j a b b aa r	READY	
16755	403	OpenClass	great	génial	عَظِيم	JED		great_ADJ	génial_ADJ	EaZiym_ADJ	جميل	جميل	j a m ii l	READY	
16756	403	OpenClass	great	génial	عَظِيم	RIY		great_ADJ	génial_ADJ	EaZiym_ADJ	جميل	جميل	j a m ii l	READY	
16757	403	OpenClass	great	génial	عَظِيم	JED		great_ADJ	génial_ADJ	EaZiym_ADJ	جيد	جيد	j a y y i d	READY	
16760	403	OpenClass	great	génial	عَظِيم	JED		great_ADJ	génial_ADJ	EaZiym_ADJ	حلو	حلو	7 i l u	READY	
16762	403	OpenClass	great	génial	عَظِيم	RIY		great_ADJ	génial_ADJ	EaZiym_ADJ	حلو	حلو	7 i l u	READY	
16768	403	OpenClass	great	génial	عَظِيم	JED		great_ADJ	génial_ADJ	EaZiym_ADJ	رائع	رائع	r aa 2 i 3	READY	
16769	403	OpenClass	great	génial	عَظِيم	RIY		great_ADJ	génial_ADJ	EaZiym_ADJ	رائع	رائع	r aa 2 i 3	READY	
16772	403	OpenClass	great	génial	عَظِيم	JED		great_ADJ	génial_ADJ	EaZiym_ADJ	رهيب	رهيب	r a h ii b	READY	
16774	403	OpenClass	great	génial	عَظِيم	RIY		great_ADJ	génial_ADJ	EaZiym_ADJ	رهيب	رهيب	r a h ii b	READY	
16778	403	OpenClass	great	génial	عَظِيم	JED		great_ADJ	génial_ADJ	EaZiym_ADJ	روعة	روعة	r a w 3 a	READY	
16779	403	OpenClass	great	génial	عَظِيم	RIY		great_ADJ	génial_ADJ	EaZiym_ADJ	روعة	روعة	r a w 3 a	READY	
16794	403	OpenClass	great	génial	عَظِيم	RIY		great_ADJ	génial_ADJ	EaZiym_ADJ	عظيم	عظيم	3 a dh. ii m	READY	
16805	403	OpenClass	great	génial	عَظِيم	JED		great_ADJ	génial_ADJ	EaZiym_ADJ	عظيم	عظيم	3 a z. ii m	READY	
16807	403	OpenClass	great	génial	عَظِيم	JED		great_ADJ	génial_ADJ	EaZiym_ADJ	كبير	كبير	k a b ii r	READY	
16808	403	OpenClass	great	génial	عَظِيم	RIY		great_ADJ	génial_ADJ	EaZiym_ADJ	كبير	كبير	k a b ii r	READY	
16838	404	OpenClass	drop	tomber	سَقَط	JED		drop_VERB	tomber_VERB	saqaT_VERB	انكب	انكب	2 i n k a b b	READY	
16839	404	OpenClass	drop	tomber	سَقَط	RIY		drop_VERB	tomber_VERB	saqaT_VERB	انكب	انكب	2 i n k a b b	READY	
16840	404	OpenClass	drop	tomber	سَقَط	JED		drop_VERB	tomber_VERB	saqaT_VERB	انكت	انكت	2 i n k a t t	READY	
16841	404	OpenClass	drop	tomber	سَقَط	RIY		drop_VERB	tomber_VERB	saqaT_VERB	انكت	انكت	2 i n k a t t	READY	
16844	404	OpenClass	drop	tomber	سَقَط	JED		drop_VERB	tomber_VERB	saqaT_VERB	سقط	سقط	s a q a t.	READY	
16846	404	OpenClass	drop	tomber	سَقَط	RIY		drop_VERB	tomber_VERB	saqaT_VERB	سقط	سقط	s a q a t.	READY	
16859	404	OpenClass	drop	tomber	سَقَط	JED		drop_VERB	tomber_VERB	saqaT_VERB	طاح	طاح	t. aa 7	READY	
16864	404	OpenClass	drop	tomber	سَقَط	RIY		drop_VERB	tomber_VERB	saqaT_VERB	طاح	طاح	t. aa 7	READY	
16881	404	OpenClass	drop	tomber	سَقَط	JED		drop_VERB	tomber_VERB	saqaT_VERB	كب	كب	k a b b	READY	
16882	404	OpenClass	drop	tomber	سَقَط	RIY		drop_VERB	tomber_VERB	saqaT_VERB	كب	كب	k a b b	READY	
16883	404	OpenClass	drop	tomber	سَقَط	JED		drop_VERB	tomber_VERB	saqaT_VERB	كت	كت	k a t t	READY	
16884	404	OpenClass	drop	tomber	سَقَط	RIY		drop_VERB	tomber_VERB	saqaT_VERB	كت	كت	k a t t	READY	
16905	404	OpenClass	drop	tomber	سَقَط	JED		drop_VERB	tomber_VERB	saqaT_VERB	وقع	وقع	w a q a 3	READY	
16908	404	OpenClass	drop	tomber	سَقَط	RIY		drop_VERB	tomber_VERB	saqaT_VERB	وقع	وقع	w a q a 3	READY	
16932	405	OpenClass	happen	passer	حَدَث	JED		happen_VERB	passer_VERB	Hadav_VERB	حدث	حدث	7 a d a th	READY	
16935	405	OpenClass	happen	passer	حَدَث	RIY		happen_VERB	passer_VERB	Hadav_VERB	حدث	حدث	7 a d a th	READY	
16943	405	OpenClass	happen	passer	حَدَث	JED		happen_VERB	passer_VERB	Hadav_VERB	حصل	حصل	7 a s. a l	READY	
16963	405	OpenClass	happen	passer	حَدَث	JED		happen_VERB	passer_VERB	Hadav_VERB	صار	صار	s. aa r	READY	
16967	405	OpenClass	happen	passer	حَدَث	RIY		happen_VERB	passer_VERB	Hadav_VERB	صار	صار	s. aa r	READY	
16973	405	OpenClass	happen	passer	حَدَث	RIY		happen_VERB	passer_VERB	Hadav_VERB	صار	صار	s. aa r	READY	
16998	406	OpenClass	change	monnaie	فَكَّة	JED		change_NOUN	monnaie_NOUN	fakXap_NOUN	صرف	صرف	s. a r f	READY	
17001	406	OpenClass	change	monnaie	فَكَّة	RIY		change_NOUN	monnaie_NOUN	fakXap_NOUN	صرف	صرف	s. a r f	READY	
17016	406	OpenClass	change	monnaie	فَكَّة	JED		change_NOUN	monnaie_NOUN	fakXap_NOUN	فكة	فكة	f a k k a	READY	
17018	406	OpenClass	change	monnaie	فَكَّة	RIY		change_NOUN	monnaie_NOUN	fakXap_NOUN	فكة	فكة	f a k k a	READY	
17054	407	OpenClass	department	rayon	قِسْم	JED		department_NOUN	rayon_NOUN	qisom_NOUN	قسم	قسم	g i s m	READY	
17055	407	OpenClass	department	rayon	قِسْم	RIY		department_NOUN	rayon_NOUN	qisom_NOUN	قسم	قسم	g i s m	READY	
17069	407	OpenClass	department	rayon	قِسْم	JED		department_NOUN	rayon_NOUN	qisom_NOUN	قسم	قسم	q i s m	READY	
17070	407	OpenClass	department	rayon	قِسْم	RIY		department_NOUN	rayon_NOUN	qisom_NOUN	قسم	قسم	q i s m	READY	
17081	409	OpenClass	fill	remplir	مَلَأ	JED		fill_VERB	remplir_VERB	malaO_VERB	حشا	حشا	7 a sh a	READY	
17083	409	OpenClass	fill	remplir	مَلَأ	RIY		fill_VERB	remplir_VERB	malaO_VERB	حشا	حشا	7 a sh a	READY	
17097	409	OpenClass	fill	remplir	مَلَأ	JED		fill_VERB	remplir_VERB	malaO_VERB	عبا	عبا	3 a b b a	READY	
17101	409	OpenClass	fill	remplir	مَلَأ	RIY		fill_VERB	remplir_VERB	malaO_VERB	عبا	عبا	3 a b b a	READY	
17128	409	OpenClass	fill	remplir	مَلَأ	JED		fill_VERB	remplir_VERB	malaO_VERB	ملا	ملا	m a l l a	READY	
17130	409	OpenClass	fill	remplir	مَلَأ	RIY		fill_VERB	remplir_VERB	malaO_VERB	ملا	ملا	m a l l a	READY	
17145	410	OpenClass	ticket	billet	تَذْكَرَة	JED		ticket_NOUN	billet_NOUN	taVokarap_NOUN	بطاقة	بطاقة	b i t. aa g a	READY	
17146	410	OpenClass	ticket	billet	تَذْكَرَة	RIY		ticket_NOUN	billet_NOUN	taVokarap_NOUN	بطاقة	بطاقة	b i t. aa g a	READY	
17151	410	OpenClass	ticket	billet	تَذْكَرَة	JED		ticket_NOUN	billet_NOUN	taVokarap_NOUN	بطاقة دخول	بطاقة دخول	b i t. aa g a t # d u kh uu l	READY	
17152	410	OpenClass	ticket	billet	تَذْكَرَة	RIY		ticket_NOUN	billet_NOUN	taVokarap_NOUN	بطاقة دخول	بطاقة دخول	b i t. aa g a t # d u kh uu l	READY	
17165	410	OpenClass	ticket	billet	تَذْكَرَة	JED		ticket_NOUN	billet_NOUN	taVokarap_NOUN	تذكرة	تذكرة	t a dh k i r a	READY	
17167	410	OpenClass	ticket	billet	تَذْكَرَة	RIY		ticket_NOUN	billet_NOUN	taVokarap_NOUN	تذكرة	تذكرة	t a dh k i r a	READY	
17175	410	OpenClass	ticket	billet	تَذْكَرَة	JED		ticket_NOUN	billet_NOUN	taVokarap_NOUN	تذكرة	تذكرة	t a z k i r a	READY	
17177	410	OpenClass	ticket	billet	تَذْكَرَة	RIY		ticket_NOUN	billet_NOUN	taVokarap_NOUN	تذكرة	تذكرة	t a z k i r a	READY	
17214	411	OpenClass	other	autre	أُخْرَى	JED		other_ADJ	autre_ADJ	OuxoraY_ADJ	ثاني	ثاني	t aa n i	READY	
17222	411	OpenClass	other	autre	أُخْرَى	RIY		other_ADJ	autre_ADJ	OuxoraY_ADJ	ثاني	ثاني	th aa n i	READY	
17229	411	OpenClass	other	autre	أُخْرَى	JED		other_ADJ	autre_ADJ	OuxoraY_ADJ	غير	غير	gh ee r	READY	
17230	411	OpenClass	other	autre	أُخْرَى	RIY		other_ADJ	autre_ADJ	OuxoraY_ADJ	غير	غير	gh ee r	READY	
17255	412	OpenClass	long	long	طَوِيل	JED		long_ADJ	long_ADJ	Tawiyl_ADJ	طويل	طويل	t. a w ii l	READY	
17258	412	OpenClass	long	long	طَوِيل	RIY		long_ADJ	long_ADJ	Tawiyl_ADJ	طويل	طويل	t. a w ii l	READY	
17277	413	OpenClass	price , rate	prix	سِعْر ، ثَمَن	JED		price_NOUN , rate_NOUN	prix_NOUN	siEor_NOUN , vaman_NOUN	تسعيرة	تسعيرة	t a s 3 ii r a	READY	
17278	413	OpenClass	price , rate	prix	سِعْر ، ثَمَن	RIY		price_NOUN , rate_NOUN	prix_NOUN	siEor_NOUN , vaman_NOUN	تسعيرة	تسعيرة	t a s 3 ii r a	READY	
17287	413	OpenClass	price , rate	prix	سِعْر ، ثَمَن	JED		price_NOUN , rate_NOUN	prix_NOUN	siEor_NOUN , vaman_NOUN	ثمن	ثمن	t a m a n	READY	
17295	413	OpenClass	price , rate	prix	سِعْر ، ثَمَن	RIY		price_NOUN , rate_NOUN	prix_NOUN	siEor_NOUN , vaman_NOUN	ثمن	ثمن	th a m a n	READY	
17326	413	OpenClass	price , rate	prix	سِعْر ، ثَمَن	JED		price_NOUN , rate_NOUN	prix_NOUN	siEor_NOUN , vaman_NOUN	سعر	سعر	s i 3 r	READY	
17327	413	OpenClass	price , rate	prix	سِعْر ، ثَمَن	RIY		price_NOUN , rate_NOUN	prix_NOUN	siEor_NOUN , vaman_NOUN	سعر	سعر	s i 3 r	READY	
17339	413	OpenClass	price , rate	prix	سِعْر ، ثَمَن	JED		price_NOUN , rate_NOUN	prix_NOUN	siEor_NOUN , vaman_NOUN	قيمة	قيمة	g ii m a	READY	
17340	413	OpenClass	price , rate	prix	سِعْر ، ثَمَن	RIY		price_NOUN , rate_NOUN	prix_NOUN	siEor_NOUN , vaman_NOUN	قيمة	قيمة	g ii m a	READY	
17366	414	OpenClass	have	devoir	ٱِضْطَرّ	JED		have_VERB	devoir_VERB	LiDoTarX_VERB	اضطر	اضطر	2 i t. t. a r r	CHECK	
17367	414	OpenClass	have	devoir	ٱِضْطَرّ	RIY		have_VERB	devoir_VERB	LiDoTarX_VERB	اضطر	اضطر	2 i t. t. a r r	CHECK	
17369	414	OpenClass	have	devoir	ٱِضْطَرّ	JED		have_VERB	devoir_VERB	LiDoTarX_VERB	التزم	التزم	2 i l t a z a m	READY	
17370	414	OpenClass	have	devoir	ٱِضْطَرّ	RIY		have_VERB	devoir_VERB	LiDoTarX_VERB	التزم	التزم	2 i l t a z a m	READY	
17385	414	OpenClass	have	devoir	ٱِضْطَرّ	RIY		have_VERB	devoir_VERB	LiDoTarX_VERB	لزم	لزم	l a z a m	READY	
17386	414	OpenClass	have	devoir	ٱِضْطَرّ	JED		have_VERB	devoir_VERB	LiDoTarX_VERB	لزم	لزم	l i z i m	READY	
17388	415	MixedClass	by the way	au fait	بِ+ ال+ مُناسَبَة	JED		by_ADP the_DET way_NOUN	au_ADP fait_NOUN	bi+_ADP Al+_DET munAsabap_NOUN	بالمناسبة	ب+ ال+ مناسبة	b i l m u n aa s a b a	READY	
17390	415	MixedClass	by the way	au fait	بِ+ ال+ مُناسَبَة	RIY		by_ADP the_DET way_NOUN	au_ADP fait_NOUN	bi+_ADP Al+_DET munAsabap_NOUN	بالمناسبة	ب+ ال+ مناسبة	b i l m u n aa s a b a	READY	
17407	415	MixedClass	by the way	au fait	بِ+ ال+ مُناسَبَة	JED		by_ADP the_DET way_NOUN	au_ADP fait_NOUN	bi+_ADP Al+_DET munAsabap_NOUN	ترى	ترى	t a r a	READY	
17408	415	MixedClass	by the way	au fait	بِ+ ال+ مُناسَبَة	RIY		by_ADP the_DET way_NOUN	au_ADP fait_NOUN	bi+_ADP Al+_DET munAsabap_NOUN	ترى	ترى	t a r a	READY	
17418	415	MixedClass	by the way	au fait	بِ+ ال+ مُناسَبَة	JED		by_ADP the_DET way_NOUN	au_ADP fait_NOUN	bi+_ADP Al+_DET munAsabap_NOUN	على فكرة	على فكرة	3 a l a # f i k r a	READY	
17421	415	MixedClass	by the way	au fait	بِ+ ال+ مُناسَبَة	RIY		by_ADP the_DET way_NOUN	au_ADP fait_NOUN	bi+_ADP Al+_DET munAsabap_NOUN	على فكرة	على فكرة	3 a l a # f i k r a	READY	
17473	416	OpenClass	how much	combien	كَمْ	JED		how_ADV much_ADJ	combien_ADV	kamo_ADV	كم	كم	k a m	READY	
17478	416	OpenClass	how much	combien	كَمْ	RIY		how_ADV much_ADJ	combien_ADV	kamo_ADV	كم	كم	k a m	READY	
17495	418	OpenClass	open	ouvrir	فَتَح	JED		open_VERB	ouvrir_VERB	fataH_VERB	فتح	فتح	f a t a 7	READY	
17499	418	OpenClass	open	ouvrir	فَتَح	RIY		open_VERB	ouvrir_VERB	fataH_VERB	فتح	فتح	f a t a 7	READY	
17511	418	OpenClass	open	ouvrir	فَتَح	JED		open_VERB	ouvrir_VERB	fataH_VERB	فك	فك	f a k k	READY	
17512	418	OpenClass	open	ouvrir	فَتَح	RIY		open_VERB	ouvrir_VERB	fataH_VERB	فك	فك	f a k k	READY	
17526	419	MixedClass	afternoon , p.m.	après-midi	بَعْد ال+ ظُهْر	RIY		afternoon_NOUN , p.m._NOUN	après-midi_NOUN	baEod_NOUN Al+_DET Zuhor_NOUN	بعد الظهر	بعد ال+ ظهر	b a 3 d # 2 a d. d. u h r	READY	
17527	419	MixedClass	afternoon , p.m.	après-midi	بَعْد ال+ ظُهْر	RIY		afternoon_NOUN , p.m._NOUN	après-midi_NOUN	baEod_NOUN Al+_DET Zuhor_NOUN	بعد الظهر	بعد ال+ ظهر	b a 3 d # 2 a dh. dh. u h r	READY	
17529	419	MixedClass	afternoon , p.m.	après-midi	بَعْد ال+ ظُهْر	JED		afternoon_NOUN , p.m._NOUN	après-midi_NOUN	baEod_NOUN Al+_DET Zuhor_NOUN	بعد الظهر	بعد ال+ ظهر	b a 3 d # a d. d. u h u r	READY	
17534	419	MixedClass	afternoon , p.m.	après-midi	بَعْد ال+ ظُهْر	JED		afternoon_NOUN , p.m._NOUN	après-midi_NOUN	baEod_NOUN Al+_DET Zuhor_NOUN	بعد الظهر	بعد ال+ ظهر	b a 3 d # a dh. dh. u h u r	READY	
17551	419	MixedClass	afternoon , p.m.	après-midi	بَعْد ال+ ظُهْر	JED		afternoon_NOUN , p.m._NOUN	après-midi_NOUN	baEod_NOUN Al+_DET Zuhor_NOUN	ظهرية	ظهرية	d. u h r i y y a	READY	
17568	419	MixedClass	afternoon , p.m.	après-midi	بَعْد ال+ ظُهْر	JED		afternoon_NOUN , p.m._NOUN	après-midi_NOUN	baEod_NOUN Al+_DET Zuhor_NOUN	عصر	عصر	3 a s. r	READY	
17569	419	MixedClass	afternoon , p.m.	après-midi	بَعْد ال+ ظُهْر	RIY		afternoon_NOUN , p.m._NOUN	après-midi_NOUN	baEod_NOUN Al+_DET Zuhor_NOUN	عصر	عصر	3 a s. r	READY	
17576	419	MixedClass	afternoon , p.m.	après-midi	بَعْد ال+ ظُهْر	JED		afternoon_NOUN , p.m._NOUN	après-midi_NOUN	baEod_NOUN Al+_DET Zuhor_NOUN	عصرية	عصرية	3 a s. r i y y a	READY	
17588	420	OpenClass	next	prochain	قادِم ، تالِي	JED		next_ADJ	prochain_ADJ	qAdim_ADJ , tAliy_ADJ	الجاي	ال+ جاي	2 a l j a y y	READY	
17590	420	OpenClass	next	prochain	قادِم ، تالِي	RIY		next_ADJ	prochain_ADJ	qAdim_ADJ , tAliy_ADJ	الجاي	ال+ جاي	2 a l j aa y	READY	
17599	420	OpenClass	next	prochain	قادِم ، تالِي	RIY		next_ADJ	prochain_ADJ	qAdim_ADJ , tAliy_ADJ	المقبل	ال+ مقبل	2 a l m u g b i l	READY	
17605	420	OpenClass	next	prochain	قادِم ، تالِي	JED		next_ADJ	prochain_ADJ	qAdim_ADJ , tAliy_ADJ	اللي بيجي	اللي ب+ يجي	2 i l l i # b y i j i	READY	
17606	420	OpenClass	next	prochain	قادِم ، تالِي	RIY		next_ADJ	prochain_ADJ	qAdim_ADJ , tAliy_ADJ	اللي بيجي	اللي ب+ يجي	2 i l l i # b y i j i	READY	
17654	421	OpenClass	order	commander	طَلَب	JED		order_VERB	commander_VERB	Talab_VERB	امر	امر	2 a m a r	READY	
17655	421	OpenClass	order	commander	طَلَب	RIY		order_VERB	commander_VERB	Talab_VERB	امر	امر	2 a m a r	READY	
17668	421	OpenClass	order	commander	طَلَب	JED		order_VERB	commander_VERB	Talab_VERB	طلب	طلب	t. a l a b	READY	
17673	421	OpenClass	order	commander	طَلَب	RIY		order_VERB	commander_VERB	Talab_VERB	طلب	طلب	t. a l a b	READY	
17708	422	OpenClass	information	information	ٱِسْتِعْلامات	JED		information_NOUN	information_NOUN	LisotiEolAm_NOUN	استعلامات	استعلامات	2 i s t i 3 l aa m aa t	READY	
17714	422	OpenClass	information	information	ٱِسْتِعْلامات	RIY		information_NOUN	information_NOUN	LisotiEolAm_NOUN	استعلامات	استعلامات	2 i s t i 3 l aa m aa t	READY	
17720	422	OpenClass	information	information	ٱِسْتِعْلامات	JED		information_NOUN	information_NOUN	LisotiEolAm_NOUN	معلومات	معلومات	m a 3 l uu m aa t	READY	
17723	422	OpenClass	information	information	ٱِسْتِعْلامات	RIY		information_NOUN	information_NOUN	LisotiEolAm_NOUN	معلومات	معلومات	m a 3 l uu m aa t	READY	
17737	423	OpenClass	full	complet	كامِل	JED		full_ADJ	complet_ADJ	kAmil_ADJ	تام	تام	t aa m m	READY	
17740	423	OpenClass	full	complet	كامِل	RIY		full_ADJ	complet_ADJ	kAmil_ADJ	تام	تام	t aa m m	READY	
17757	423	OpenClass	full	complet	كامِل	JED		full_ADJ	complet_ADJ	kAmil_ADJ	كامل	كامل	k aa m i l	READY	
17762	423	OpenClass	full	complet	كامِل	RIY		full_ADJ	complet_ADJ	kAmil_ADJ	كامل	كامل	k aa m i l	READY	
17799	424	OpenClass	finish	finir	ٱِنْتَهَى	JED		finish_VERB	finir_VERB	LinotahaY_VERB	اكتمل	اكتمل	2 i k t a m a l	READY	
17800	424	OpenClass	finish	finir	ٱِنْتَهَى	RIY		finish_VERB	finir_VERB	LinotahaY_VERB	اكتمل	اكتمل	2 i k t a m a l	READY	
17807	424	OpenClass	finish	finir	ٱِنْتَهَى	JED		finish_VERB	finir_VERB	LinotahaY_VERB	انتهى	انتهى	2 i n t a h a	READY	
17811	424	OpenClass	finish	finir	ٱِنْتَهَى	RIY		finish_VERB	finir_VERB	LinotahaY_VERB	انتهى	انتهى	2 i n t a h a	READY	
17818	424	OpenClass	finish	finir	ٱِنْتَهَى	JED		finish_VERB	finir_VERB	LinotahaY_VERB	تم	تم	t a m m	READY	
17819	424	OpenClass	finish	finir	ٱِنْتَهَى	RIY		finish_VERB	finir_VERB	LinotahaY_VERB	تم	تم	t a m m	READY	
17838	424	OpenClass	finish	finir	ٱِنْتَهَى	JED		finish_VERB	finir_VERB	LinotahaY_VERB	خلص	خلص	kh a l l a s.	READY	
17842	424	OpenClass	finish	finir	ٱِنْتَهَى	RIY		finish_VERB	finir_VERB	LinotahaY_VERB	خلص	خلص	kh a l l a s.	READY	
17857	424	OpenClass	finish	finir	ٱِنْتَهَى	JED		finish_VERB	finir_VERB	LinotahaY_VERB	فنش	فنش	f a n n a sh	READY	
17858	424	OpenClass	finish	finir	ٱِنْتَهَى	RIY		finish_VERB	finir_VERB	LinotahaY_VERB	فنش	فنش	f a n n a sh	READY	
17916	425	OpenClass	taxi	taxi	سَيّارَة أُجْرَة ، تاكْسِيّ	JED		taxi_NOUN	taxi_NOUN	sayXArap_NOUN Oujorap_NOUN , tAkosiyX_NOUN	تاكسي	تاكسي	t aa k s i	CHECK	Foreign
17917	425	OpenClass	taxi	taxi	سَيّارَة أُجْرَة ، تاكْسِيّ	RIY		taxi_NOUN	taxi_NOUN	sayXArap_NOUN Oujorap_NOUN , tAkosiyX_NOUN	تاكسي	تاكسي	t aa k s i	CHECK	Foreign
17936	425	OpenClass	taxi	taxi	سَيّارَة أُجْرَة ، تاكْسِيّ	JED		taxi_NOUN	taxi_NOUN	sayXArap_NOUN Oujorap_NOUN , tAkosiyX_NOUN	ليموزين	ليموزين	l i m u z ii n	CHECK	Foreign
17937	425	OpenClass	taxi	taxi	سَيّارَة أُجْرَة ، تاكْسِيّ	RIY		taxi_NOUN	taxi_NOUN	sayXArap_NOUN Oujorap_NOUN , tAkosiyX_NOUN	ليموزين	ليموزين	l i m u z ii n	CHECK	Foreign
17961	427	OpenClass	moment	moment	لَحْظَة	RIY		moment_NOUN	moment_NOUN	laHoZap_NOUN	لحظة	لحظة	l a 7 dh. a	READY	
17974	427	OpenClass	moment	moment	لَحْظَة	JED		moment_NOUN	moment_NOUN	laHoZap_NOUN	لحظة	لحظة	l a 7 z. a	READY	
18000	429	OpenClass	time	temps	وَقْت	JED		time_NOUN	temps_NOUN	waqot_NOUN	زمان	زمان	z a m aa n	READY	
18001	429	OpenClass	time	temps	وَقْت	RIY		time_NOUN	temps_NOUN	waqot_NOUN	زمان	زمان	z a m aa n	READY	
18009	429	OpenClass	time	temps	وَقْت	JED		time_NOUN	temps_NOUN	waqot_NOUN	زمن	زمن	z a m a n	READY	
18011	429	OpenClass	time	temps	وَقْت	RIY		time_NOUN	temps_NOUN	waqot_NOUN	زمن	زمن	z a m a n	READY	
18032	429	OpenClass	time	temps	وَقْت	JED		time_NOUN	temps_NOUN	waqot_NOUN	فترة	فترة	f a t r a	READY	
18034	429	OpenClass	time	temps	وَقْت	RIY		time_NOUN	temps_NOUN	waqot_NOUN	فترة	فترة	f a t r a	READY	
18042	429	OpenClass	time	temps	وَقْت	JED		time_NOUN	temps_NOUN	waqot_NOUN	مدة	مدة	m u d d a	READY	
18044	429	OpenClass	time	temps	وَقْت	RIY		time_NOUN	temps_NOUN	waqot_NOUN	مدة	مدة	m u d d a	READY	
18058	429	OpenClass	time	temps	وَقْت	JED		time_NOUN	temps_NOUN	waqot_NOUN	وقت	وقت	w a g t	READY	
18059	429	OpenClass	time	temps	وَقْت	RIY		time_NOUN	temps_NOUN	waqot_NOUN	وقت	وقت	w a g t	READY	
18081	431	OpenClass	know	savoir , connaître	عَرَف	RIY		know_VERB	savoir_VERB , connaître_VERB	Earaf_VERB	درى	درى	d a r a	READY	
18088	431	OpenClass	know	savoir , connaître	عَرَف	JED		know_VERB	savoir_VERB , connaître_VERB	Earaf_VERB	دري	دري	d i r i	READY	
18090	431	OpenClass	know	savoir , connaître	عَرَف	RIY		know_VERB	savoir_VERB , connaître_VERB	Earaf_VERB	دري	دري	d i r i	READY	
18091	431	OpenClass	know	savoir , connaître	عَرَف	RIY		know_VERB	savoir_VERB , connaître_VERB	Earaf_VERB	دري	دري	d i r i	READY	
18102	431	OpenClass	know	savoir , connaître	عَرَف	RIY		know_VERB	savoir_VERB , connaître_VERB	Earaf_VERB	عرف	عرف	3 a r a f	READY	
18120	431	OpenClass	know	savoir , connaître	عَرَف	JED		know_VERB	savoir_VERB , connaître_VERB	Earaf_VERB	عرف	عرف	3 i r i f	READY	
18158	432	MixedClass	do	faire	فَعَل ، قام بِ+	JED		do_VERB	faire_VERB	faEal_VERB , qAm_VERB bi+_ADP	سوى	سوى	s a w w a	READY	
18162	432	MixedClass	do	faire	فَعَل ، قام بِ+	RIY		do_VERB	faire_VERB	faEal_VERB , qAm_VERB bi+_ADP	سوى	سوى	s a w w a	READY	
18176	432	MixedClass	do	faire	فَعَل ، قام بِ+	RIY		do_VERB	faire_VERB	faEal_VERB , qAm_VERB bi+_ADP	عمل	عمل	3 a m a l	READY	
18179	432	MixedClass	do	faire	فَعَل ، قام بِ+	JED		do_VERB	faire_VERB	faEal_VERB , qAm_VERB bi+_ADP	عمل	عمل	3 i m i l	READY	
18213	433	OpenClass	tooth	dent	سِنّ	JED		tooth_NOUN	dent_NOUN	sinX_NOUN	سن	سن	s i n n	READY	
18216	433	OpenClass	tooth	dent	سِنّ	RIY		tooth_NOUN	dent_NOUN	sinX_NOUN	سن	سن	s i n n	READY	
18226	433	OpenClass	tooth	dent	سِنّ	JED		tooth_NOUN	dent_NOUN	sinX_NOUN	ضرس	ضرس	d. i r s	READY	
18228	433	OpenClass	tooth	dent	سِنّ	RIY		tooth_NOUN	dent_NOUN	sinX_NOUN	ضرس	ضرس	dh. i r s	READY	
18231	433	OpenClass	tooth	dent	سِنّ	JED		tooth_NOUN	dent_NOUN	sinX_NOUN	ناب	ناب	n aa b	READY	
18232	433	OpenClass	tooth	dent	سِنّ	RIY		tooth_NOUN	dent_NOUN	sinX_NOUN	ناب	ناب	n aa b	READY	
18249	434	OpenClass	traveler check	chèques-voyages	شِيك سِياحِي	JED		traveler_NOUN check_NOUN	chèques-voyages_NOUN	ciyk_NOUN siyAHiyX_ADJ	شيك سياحي	شيك سياحي	sh ee k # s i y aa 7 i	CHECK	Foreign
18252	434	OpenClass	traveler check	chèques-voyages	شِيك سِياحِي	RIY		traveler_NOUN check_NOUN	chèques-voyages_NOUN	ciyk_NOUN siyAHiyX_ADJ	شيك سياحي	شيك سياحي	sh ee k # s i y aa 7 i	CHECK	Foreign
18305	435	OpenClass	bag	sac	حَقِيبَة	JED		bag_NOUN	sac_NOUN	Haqiybap_NOUN	شنطة	شنطة	sh a n t. a	CHECK	Foreign
18308	435	OpenClass	bag	sac	حَقِيبَة	RIY		bag_NOUN	sac_NOUN	Haqiybap_NOUN	شنطة	شنطة	sh a n t. a	CHECK	Foreign
18315	435	OpenClass	bag	sac	حَقِيبَة	JED		bag_NOUN	sac_NOUN	Haqiybap_NOUN	كيس	كيس	k ii s	READY	
18317	435	OpenClass	bag	sac	حَقِيبَة	RIY		bag_NOUN	sac_NOUN	Haqiybap_NOUN	كيس	كيس	k ii s	READY	
18350	436	OpenClass	available	disponible	مُتاح	JED		available_ADJ	disponible_ADJ	mutAH_ADJ	متوفر	متوفر	m u t w a f f i r	READY	
18352	436	OpenClass	available	disponible	مُتاح	RIY		available_ADJ	disponible_ADJ	mutAH_ADJ	متوفر	متوفر	m u t w a f f i r	READY	
18368	436	OpenClass	available	disponible	مُتاح	JED		available_ADJ	disponible_ADJ	mutAH_ADJ	موجود	موجود	m a w j uu d	READY	
18371	436	OpenClass	available	disponible	مُتاح	RIY		available_ADJ	disponible_ADJ	mutAH_ADJ	موجود	موجود	m a w j uu d	READY	
18394	437	OpenClass	laundry	linge	غَسِيل	JED		laundry_NOUN	linge_NOUN	gasiyl_NOUN	غسيل	غسيل	gh a s ii l	READY	
18398	437	OpenClass	laundry	linge	غَسِيل	RIY		laundry_NOUN	linge_NOUN	gasiyl_NOUN	غسيل	غسيل	gh a s ii l	READY	
18417	438	OpenClass	change	changer	غَيَّر	JED		change_VERB	changer_VERB	gayXar_VERB	بدل	بدل	b a d d a l	READY	
18422	438	OpenClass	change	changer	غَيَّر	RIY		change_VERB	changer_VERB	gayXar_VERB	بدل	بدل	b a d d a l	READY	
18440	438	OpenClass	change	changer	غَيَّر	JED		change_VERB	changer_VERB	gayXar_VERB	حول	حول	7 a w w a l	READY	
18444	438	OpenClass	change	changer	غَيَّر	RIY		change_VERB	changer_VERB	gayXar_VERB	حول	حول	7 a w w a l	READY	
18458	438	OpenClass	change	changer	غَيَّر	JED		change_VERB	changer_VERB	gayXar_VERB	غير	غير	gh a y y a r	READY	
18463	438	OpenClass	change	changer	غَيَّر	RIY		change_VERB	changer_VERB	gayXar_VERB	غير	غير	gh a y y a r	READY	
18486	439	OpenClass	food	cuisine	طَعام	JED		food_NOUN	cuisine_NOUN	TaEAm_NOUN	اكل	اكل	2 a k l	READY	
18488	439	OpenClass	food	cuisine	طَعام	RIY		food_NOUN	cuisine_NOUN	TaEAm_NOUN	اكل	اكل	2 a k l	READY	
18496	439	OpenClass	food	cuisine	طَعام	JED		food_NOUN	cuisine_NOUN	TaEAm_NOUN	طعام	طعام	t. a 3 aa m	READY	
18498	439	OpenClass	food	cuisine	طَعام	RIY		food_NOUN	cuisine_NOUN	TaEAm_NOUN	طعام	طعام	t. a 3 aa m	READY	
18523	440	OpenClass	leave	partir	غادَر	JED		leave_VERB	partir_VERB	gAdar_VERB	ترك	ترك	t a r a k	READY	
18525	440	OpenClass	leave	partir	غادَر	RIY		leave_VERB	partir_VERB	gAdar_VERB	ترك	ترك	t a r a k	READY	
18531	440	OpenClass	leave	partir	غادَر	JED		leave_VERB	partir_VERB	gAdar_VERB	خرج	خرج	kh a r a j	READY	
18532	440	OpenClass	leave	partir	غادَر	RIY		leave_VERB	partir_VERB	gAdar_VERB	خرج	خرج	kh a r a j	READY	
18568	440	OpenClass	leave	partir	غادَر	JED		leave_VERB	partir_VERB	gAdar_VERB	طلع	طلع	t. i l i 3	READY	
18570	440	OpenClass	leave	partir	غادَر	RIY		leave_VERB	partir_VERB	gAdar_VERB	طلع	طلع	t. i l i 3	READY	
18582	440	OpenClass	leave	partir	غادَر	RIY		leave_VERB	partir_VERB	gAdar_VERB	مشى	مشى	m a sh a	READY	
18601	440	OpenClass	leave	partir	غادَر	JED		leave_VERB	partir_VERB	gAdar_VERB	مشي	مشي	m i sh i	READY	
18603	440	OpenClass	leave	partir	غادَر	RIY		leave_VERB	partir_VERB	gAdar_VERB	مشي	مشي	m i sh i	READY	
18615	441	OpenClass	too , also	aussi	أَيْضاً	JED		too_ADV , also_ADV	aussi_ADV	OayoDAF_ADV	برضو	برضو	b a r d. u	READY	
18644	441	OpenClass	too , also	aussi	أَيْضاً	JED		too_ADV , also_ADV	aussi_ADV	OayoDAF_ADV	كمان	كمان	k a m aa n	READY	
18646	441	OpenClass	too , also	aussi	أَيْضاً	RIY		too_ADV , also_ADV	aussi_ADV	OayoDAF_ADV	كمان	كمان	k a m aa n	READY	
18667	442	OpenClass	last	dernier	ماضِي	JED		last_ADJ	dernier_ADJ	mADiy_ADJ	آخر	آخر	2 aa kh i r	READY	
18669	442	OpenClass	last	dernier	ماضِي	RIY		last_ADJ	dernier_ADJ	mADiy_ADJ	آخر	آخر	2 aa kh i r	READY	
18682	442	OpenClass	last	dernier	ماضِي	JED		last_ADJ	dernier_ADJ	mADiy_ADJ	اخير	اخير	2 a kh ii r	READY	
18684	442	OpenClass	last	dernier	ماضِي	RIY		last_ADJ	dernier_ADJ	mADiy_ADJ	اخير	اخير	2 a kh ii r	READY	
18689	442	OpenClass	last	dernier	ماضِي	JED		last_ADJ	dernier_ADJ	mADiy_ADJ	اللي راح	اللي راح	2 i l l i # r aa 7	READY	
18693	442	OpenClass	last	dernier	ماضِي	JED		last_ADJ	dernier_ADJ	mADiy_ADJ	اللي فات	اللي فات	2 i l l i # f aa t	READY	
18694	442	OpenClass	last	dernier	ماضِي	RIY		last_ADJ	dernier_ADJ	mADiy_ADJ	اللي فات	اللي فات	2 i l l i # f aa t	READY	
18712	442	OpenClass	last	dernier	ماضِي	JED		last_ADJ	dernier_ADJ	mADiy_ADJ	ماضي	ماضي	m aa d. i	READY	
18717	442	OpenClass	last	dernier	ماضِي	RIY		last_ADJ	dernier_ADJ	mADiy_ADJ	ماضي	ماضي	m aa dh. i	READY	
18732	443	OpenClass	hour	heure	ساعَة	JED		hour_NOUN	heure_NOUN	sAEap_NOUN	ساعة	ساعة	s aa 3 a	READY	
18738	443	OpenClass	hour	heure	ساعَة	RIY		hour_NOUN	heure_NOUN	sAEap_NOUN	ساعة	ساعة	s aa 3 a	READY	
18756	444	OpenClass	need	falloir	ٱِحْتاج	JED		need_VERB	falloir_VERB	LiHotAj_VERB	احتاج	احتاج	2 a 7 t aa j	READY	
18757	444	OpenClass	need	falloir	ٱِحْتاج	RIY		need_VERB	falloir_VERB	LiHotAj_VERB	احتاج	احتاج	2 a 7 t aa j	READY	
18801	444	OpenClass	need	falloir	ٱِحْتاج	JED		need_VERB	falloir_VERB	LiHotAj_VERB	كان يبغى له	كان يبغى ل +ه	k aa n # y i b gh aa # l o	READY	
18802	444	OpenClass	need	falloir	ٱِحْتاج	RIY		need_VERB	falloir_VERB	LiHotAj_VERB	كان يبي له	كان يبي ل +ه	k aa n # y i b ii # l o	READY	
18803	444	OpenClass	need	falloir	ٱِحْتاج	JED		need_VERB	falloir_VERB	LiHotAj_VERB	لازم له	لازم ل +ه	l aa z i m # l u	READY	
18823	445	OpenClass	money	argent	نُقود	JED		money_NOUN	argent_NOUN	naqod_NOUN	فكة	فكة	f a k k a	READY	
18824	445	OpenClass	money	argent	نُقود	RIY		money_NOUN	argent_NOUN	naqod_NOUN	فكة	فكة	f a k k a	READY	
18836	445	OpenClass	money	argent	نُقود	JED		money_NOUN	argent_NOUN	naqod_NOUN	فلوس	فلوس	f l uu s	READY	
18840	445	OpenClass	money	argent	نُقود	RIY		money_NOUN	argent_NOUN	naqod_NOUN	فلوس	فلوس	f l uu s	READY	
18851	445	OpenClass	money	argent	نُقود	JED		money_NOUN	argent_NOUN	naqod_NOUN	كاش	كاش	k aa sh	READY	
18852	445	OpenClass	money	argent	نُقود	RIY		money_NOUN	argent_NOUN	naqod_NOUN	كاش	كاش	k aa sh	READY	
18887	446	OpenClass	show	spectacle	عَرْض	JED		show_NOUN	spectacle_NOUN	EaroD_NOUN	عرض	عرض	3 a r d.	READY	
18899	446	OpenClass	show	spectacle	عَرْض	RIY		show_NOUN	spectacle_NOUN	EaroD_NOUN	عرض	عرض	3 a r dh.	READY	
18915	446	OpenClass	show	spectacle	عَرْض	JED		show_NOUN	spectacle_NOUN	EaroD_NOUN	فرجة	فرجة	f u r j a	READY	
18919	447	OpenClass	lady	dame	سَيِّدَة	JED		lady_NOUN	dame_NOUN	sayXidap_NOUN	امي	ام +ي	2 u m. m. i	READY	
18920	447	OpenClass	lady	dame	سَيِّدَة	RIY		lady_NOUN	dame_NOUN	sayXidap_NOUN	امي	ام +ي	2 u m. m. i	READY	
18922	447	OpenClass	lady	dame	سَيِّدَة	JED		lady_NOUN	dame_NOUN	sayXidap_NOUN	حرمة	حرمة	7 u r m a	READY	
18923	447	OpenClass	lady	dame	سَيِّدَة	RIY		lady_NOUN	dame_NOUN	sayXidap_NOUN	حرمة	حرمة	7 u r m a	READY	
18926	447	OpenClass	lady	dame	سَيِّدَة	JED		lady_NOUN	dame_NOUN	sayXidap_NOUN	خالة	خالة	kh aa l a	READY	
18927	447	OpenClass	lady	dame	سَيِّدَة	RIY		lady_NOUN	dame_NOUN	sayXidap_NOUN	خالة	خالة	kh aa l a	READY	
18935	447	OpenClass	lady	dame	سَيِّدَة	JED		lady_NOUN	dame_NOUN	sayXidap_NOUN	ست	ست	s i t t	READY	
18944	447	OpenClass	lady	dame	سَيِّدَة	JED		lady_NOUN	dame_NOUN	sayXidap_NOUN	عمة	عمة	3 a m m a	READY	
18945	447	OpenClass	lady	dame	سَيِّدَة	RIY		lady_NOUN	dame_NOUN	sayXidap_NOUN	عمة	عمة	3 a m m a	READY	
18955	447	OpenClass	lady	dame	سَيِّدَة	JED		lady_NOUN	dame_NOUN	sayXidap_NOUN	مادام	مادام	m a d aa m	CHECK	Foreign
18972	447	OpenClass	lady	dame	سَيِّدَة	RIY		lady_NOUN	dame_NOUN	sayXidap_NOUN	مرة	مرة	m a r a	READY	
18999	448	OpenClass	style	style	طِراز	JED		style_NOUN	style_NOUN	TirAz_NOUN	اسلوب	اسلوب	2 u s l uu b	READY	
19000	448	OpenClass	style	style	طِراز	RIY		style_NOUN	style_NOUN	TirAz_NOUN	اسلوب	اسلوب	2 u s l uu b	READY	
19012	448	OpenClass	style	style	طِراز	JED		style_NOUN	style_NOUN	TirAz_NOUN	ستايل	ستايل	s t aa y l	CHECK	Foreign
19016	448	OpenClass	style	style	طِراز	RIY		style_NOUN	style_NOUN	TirAz_NOUN	ستايل	ستايل	s t aa y l	CHECK	Foreign
19034	448	OpenClass	style	style	طِراز	JED		style_NOUN	style_NOUN	TirAz_NOUN	صورة	صورة	s. uu r a	READY	
19035	448	OpenClass	style	style	طِراز	RIY		style_NOUN	style_NOUN	TirAz_NOUN	صورة	صورة	s. uu r a	READY	
19036	448	OpenClass	style	style	طِراز	JED		style_NOUN	style_NOUN	TirAz_NOUN	صيغة	صيغة	s. ii gh a	READY	
19037	448	OpenClass	style	style	طِراز	RIY		style_NOUN	style_NOUN	TirAz_NOUN	صيغة	صيغة	s. ii gh a	READY	
19048	448	OpenClass	style	style	طِراز	JED		style_NOUN	style_NOUN	TirAz_NOUN	طراز	طراز	t. i r aa z	READY	
19051	448	OpenClass	style	style	طِراز	RIY		style_NOUN	style_NOUN	TirAz_NOUN	طراز	طراز	t. i r aa z	READY	
19059	448	OpenClass	style	style	طِراز	JED		style_NOUN	style_NOUN	TirAz_NOUN	موديل	موديل	m u d ee l	CHECK	Foreign
19078	448	OpenClass	style	style	طِراز	JED		style_NOUN	style_NOUN	TirAz_NOUN	نمط	نمط	n a m a t.	READY	
19080	448	OpenClass	style	style	طِراز	RIY		style_NOUN	style_NOUN	TirAz_NOUN	نمط	نمط	n a m a t.	READY	
19098	450	OpenClass	pharmacy	pharmacie	صَيْدَلِيَّة	JED		pharmacy_NOUN	pharmacie_NOUN	SayodaliyXap_NOUN	صيدلية	صيدلية	s. a y d a l i y y a	READY	
19100	450	OpenClass	pharmacy	pharmacie	صَيْدَلِيَّة	RIY		pharmacy_NOUN	pharmacie_NOUN	SayodaliyXap_NOUN	صيدلية	صيدلية	s. a y d a l i y y a	READY	
19129	451	OpenClass	report	rapport	تَقْرِير	JED		report_NOUN	rapport_NOUN	taqoriyr_NOUN	تقرير	تقرير	t a g r ii r	READY	
19130	451	OpenClass	report	rapport	تَقْرِير	RIY		report_NOUN	rapport_NOUN	taqoriyr_NOUN	تقرير	تقرير	t a g r ii r	READY	
19165	451	OpenClass	report	rapport	تَقْرِير	JED		report_NOUN	rapport_NOUN	taqoriyr_NOUN	كشف	كشف	k a sh f	READY	
19166	451	OpenClass	report	rapport	تَقْرِير	RIY		report_NOUN	rapport_NOUN	taqoriyr_NOUN	كشف	كشف	k a sh f	READY	
19174	451	OpenClass	report	rapport	تَقْرِير	JED		report_NOUN	rapport_NOUN	taqoriyr_NOUN	نبأ	نبأ	n a b a 2	READY	
19175	451	OpenClass	report	rapport	تَقْرِير	RIY		report_NOUN	rapport_NOUN	taqoriyr_NOUN	نبأ	نبأ	n a b a 2	READY	
19191	453	OpenClass	try	essayer	جَرَّب ، حاوَل	JED		try_VERB	essayer_VERB	jarXab_VERB , HAwal_VERB	جرب	جرب	j a r r a b	READY	
19194	453	OpenClass	try	essayer	جَرَّب ، حاوَل	RIY		try_VERB	essayer_VERB	jarXab_VERB , HAwal_VERB	جرب	جرب	j a r r a b	READY	
19207	453	OpenClass	try	essayer	جَرَّب ، حاوَل	JED		try_VERB	essayer_VERB	jarXab_VERB , HAwal_VERB	حاول	حاول	7 aa w a l	READY	
19212	453	OpenClass	try	essayer	جَرَّب ، حاوَل	RIY		try_VERB	essayer_VERB	jarXab_VERB , HAwal_VERB	حاول	حاول	7 aa w a l	READY	
19254	454	OpenClass	enjoy	apprécier	ٱِسْتَمْتَع	JED		enjoy_VERB	apprécier_VERB	LisotamotaE_VERB	استمتع	استمتع	2 i s t a m t a 3	READY	
19257	454	OpenClass	enjoy	apprécier	ٱِسْتَمْتَع	RIY		enjoy_VERB	apprécier_VERB	LisotamotaE_VERB	استمتع	استمتع	2 i s t a m t a 3	READY	
19274	454	OpenClass	enjoy	apprécier	ٱِسْتَمْتَع	JED		enjoy_VERB	apprécier_VERB	LisotamotaE_VERB	انبسط	انبسط	2 i n b a s. a t.	READY	
19276	454	OpenClass	enjoy	apprécier	ٱِسْتَمْتَع	RIY		enjoy_VERB	apprécier_VERB	LisotamotaE_VERB	انبسط	انبسط	2 i n b a s. a t.	READY	
19372	455	OpenClass	person	personne	شَخْص	JED		person_NOUN	personne_NOUN	caxoS_NOUN	شخص	شخص	sh a kh s.	READY	
19375	455	OpenClass	person	personne	شَخْص	RIY		person_NOUN	personne_NOUN	caxoS_NOUN	شخص	شخص	sh a kh s.	READY	
19407	455	OpenClass	person	personne	شَخْص	JED		person_NOUN	personne_NOUN	caxoS_NOUN	نفر	نفر	n a f a r	READY	
19410	455	OpenClass	person	personne	شَخْص	RIY		person_NOUN	personne_NOUN	caxoS_NOUN	نفر	نفر	n a f a r	READY	
19427	455	OpenClass	person	personne	شَخْص	JED		person_NOUN	personne_NOUN	caxoS_NOUN	واحد	واحد	w aa 7 i d	READY	
19429	455	OpenClass	person	personne	شَخْص	RIY		person_NOUN	personne_NOUN	caxoS_NOUN	واحد	واحد	w aa 7 i d	READY	
19436	456	OpenClass	party	fête	حَفْلَة	JED		party_NOUN	fête_NOUN	Hafolap_NOUN	احتفال	احتفال	2 i 7 t i f aa l	READY	
19437	456	OpenClass	party	fête	حَفْلَة	RIY		party_NOUN	fête_NOUN	Hafolap_NOUN	احتفال	احتفال	2 i 7 t i f aa l	READY	
19439	456	OpenClass	party	fête	حَفْلَة	JED		party_NOUN	fête_NOUN	Hafolap_NOUN	جمعة	جمعة	j a m 3 a	READY	
19440	456	OpenClass	party	fête	حَفْلَة	RIY		party_NOUN	fête_NOUN	Hafolap_NOUN	جمعة	جمعة	j a m 3 a	READY	
19448	456	OpenClass	party	fête	حَفْلَة	JED		party_NOUN	fête_NOUN	Hafolap_NOUN	حفلة	حفلة	7 a f l a	READY	
19453	456	OpenClass	party	fête	حَفْلَة	RIY		party_NOUN	fête_NOUN	Hafolap_NOUN	حفلة	حفلة	7 a f l a	READY	
19468	456	OpenClass	party	fête	حَفْلَة	JED		party_NOUN	fête_NOUN	Hafolap_NOUN	عزومة	عزومة	3 u z uu m a	READY	
19469	456	OpenClass	party	fête	حَفْلَة	RIY		party_NOUN	fête_NOUN	Hafolap_NOUN	عزومة	عزومة	3 u z uu m a	READY	
19470	456	OpenClass	party	fête	حَفْلَة	JED		party_NOUN	fête_NOUN	Hafolap_NOUN	عزيمة	عزيمة	3 a z ii m a	READY	
19471	456	OpenClass	party	fête	حَفْلَة	RIY		party_NOUN	fête_NOUN	Hafolap_NOUN	عزيمة	عزيمة	3 a z ii m a	READY	
19478	457	OpenClass	movie , film	film	فِيلْم	JED		movie_NOUN , film_NOUN	film_NOUN	fiylom_NOUN	فلم	فلم	f i l m	CHECK	Foreign
19479	457	OpenClass	movie , film	film	فِيلْم	RIY		movie_NOUN , film_NOUN	film_NOUN	fiylom_NOUN	فلم	فلم	f i l m	CHECK	Foreign
19519	458	OpenClass	post , mail	poste	بَرِيد	JED		post_NOUN , mail_NOUN	poste_NOUN	bariyd_NOUN	بريد	بريد	b a r ii d	READY	
19524	458	OpenClass	post , mail	poste	بَرِيد	RIY		post_NOUN , mail_NOUN	poste_NOUN	bariyd_NOUN	بريد	بريد	b a r ii d	READY	
19540	459	OpenClass	way	chemin	طَرِيق	JED		way_NOUN	chemin_NOUN	Tariyq_NOUN	خط	خط	kh a t. t.	READY	
19566	459	OpenClass	way	chemin	طَرِيق	JED		way_NOUN	chemin_NOUN	Tariyq_NOUN	سكة	سكة	s i k k a	READY	
19573	459	OpenClass	way	chemin	طَرِيق	JED		way_NOUN	chemin_NOUN	Tariyq_NOUN	شارع	شارع	sh aa r i 3	READY	
19574	459	OpenClass	way	chemin	طَرِيق	RIY		way_NOUN	chemin_NOUN	Tariyq_NOUN	شارع	شارع	sh aa r i 3	READY	
19584	459	OpenClass	way	chemin	طَرِيق	JED		way_NOUN	chemin_NOUN	Tariyq_NOUN	طريق	طريق	t. a r ii g	READY	
19585	459	OpenClass	way	chemin	طَرِيق	RIY		way_NOUN	chemin_NOUN	Tariyq_NOUN	طريق	طريق	t. a r ii g	READY	
19629	461	OpenClass	turn	tourner	ٱِتَّجَه	JED		turn_VERB	tourner_VERB	LitXajah_VERB	اخذ	اخذ	2 a kh a d	READY	
19630	461	OpenClass	turn	tourner	ٱِتَّجَه	RIY		turn_VERB	tourner_VERB	LitXajah_VERB	اخذ	اخذ	2 a kh a dh	READY	
19684	461	OpenClass	turn	tourner	ٱِتَّجَه	JED		turn_VERB	tourner_VERB	LitXajah_VERB	لف	لف	l u f f	READY	
19685	461	OpenClass	turn	tourner	ٱِتَّجَه	RIY		turn_VERB	tourner_VERB	LitXajah_VERB	لف	لف	l u f f	READY	
19687	462	OpenClass	glass	verre	كُوب	JED		glass_NOUN	verre_NOUN	kuwb_NOUN	فنجان	فنجان	f i n j aa n	READY	
19688	462	OpenClass	glass	verre	كُوب	RIY		glass_NOUN	verre_NOUN	kuwb_NOUN	فنجان	فنجان	f i n j aa n	READY	
19708	462	OpenClass	glass	verre	كُوب	JED		glass_NOUN	verre_NOUN	kuwb_NOUN	كاسة	كاسة	k aa s a	READY	
19709	462	OpenClass	glass	verre	كُوب	RIY		glass_NOUN	verre_NOUN	kuwb_NOUN	كاسة	كاسة	k aa s a	READY	
19728	462	OpenClass	glass	verre	كُوب	JED		glass_NOUN	verre_NOUN	kuwb_NOUN	كوباية	كوباية	k u b b aa y a	READY	
19736	462	OpenClass	glass	verre	كُوب	JED		glass_NOUN	verre_NOUN	kuwb_NOUN	مقة	مقة	m a g g a	READY	
19737	462	OpenClass	glass	verre	كُوب	RIY		glass_NOUN	verre_NOUN	kuwb_NOUN	مقة	مقة	m a g g a	READY	
19763	463	MixedClass	then , so	alors , donc	إِذَنْ ، فَ+	JED		then_ADV , so_ADP	alors_ADV , donc_ADV	IiVano_ADV , fa+_CCONJ	بعدين	بعدين	b a 3 d ee n	READY	
19766	463	MixedClass	then , so	alors , donc	إِذَنْ ، فَ+	RIY		then_ADV , so_ADP	alors_ADV , donc_ADV	IiVano_ADV , fa+_CCONJ	بعدين	بعدين	b a 3 d ee n	READY	
19791	463	MixedClass	then , so	alors , donc	إِذَنْ ، فَ+	JED		then_ADV , so_ADP	alors_ADV , donc_ADV	IiVano_ADV , fa+_CCONJ	ف+	ف+	f a	READY	
19792	463	MixedClass	then , so	alors , donc	إِذَنْ ، فَ+	RIY		then_ADV , so_ADP	alors_ADV , donc_ADV	IiVano_ADV , fa+_CCONJ	ف+	ف+	f a	READY	
19814	466	OpenClass	live	vivre	عاش	JED		live_VERB	vivre_VERB	EAc_VERB	سكن	سكن	s a k a n	READY	
19818	466	OpenClass	live	vivre	عاش	RIY		live_VERB	vivre_VERB	EAc_VERB	سكن	سكن	s a k a n	READY	
19837	466	OpenClass	live	vivre	عاش	JED		live_VERB	vivre_VERB	EAc_VERB	عاش	عاش	3 aa sh	READY	
19843	466	OpenClass	live	vivre	عاش	RIY		live_VERB	vivre_VERB	EAc_VERB	عاش	عاش	3 aa sh	READY	
19878	467	OpenClass	mean	vouloir dire	عَنَى	JED		mean_VERB	vouloir_VERB dire_VERB	EanaY_VERB	قصد	قصد	q a s. a d	READY	
19880	467	OpenClass	mean	vouloir dire	عَنَى	RIY		mean_VERB	vouloir_VERB dire_VERB	EanaY_VERB	قصد	قصد	q a s. a d	READY	
19889	467	OpenClass	mean	vouloir dire	عَنَى	JED		mean_VERB	vouloir_VERB dire_VERB	EanaY_VERB	كان يعني	كان يعني	k aa n # y a 3 n i	READY	
19890	467	OpenClass	mean	vouloir dire	عَنَى	RIY		mean_VERB	vouloir_VERB dire_VERB	EanaY_VERB	كان يعني	كان يعني	k aa n # y a 3 n i	READY	
19894	467	OpenClass	mean	vouloir dire	عَنَى	JED		mean_VERB	vouloir_VERB dire_VERB	EanaY_VERB	نوى	نوى	n a w a	READY	
19896	467	OpenClass	mean	vouloir dire	عَنَى	RIY		mean_VERB	vouloir_VERB dire_VERB	EanaY_VERB	نوى	نوى	n a w a	READY	
19948	470	MixedClass	show me	montres moi	أرِ +نِي	JED		show_VERB i_PRON	montrer_VERB moi_PRON	>aro>aY_VERB +niy_PRON	وريني	وري +ني	w a r r ii n i	READY	
19952	470	MixedClass	show me	montres moi	أرِ +نِي	RIY		show_VERB i_PRON	montrer_VERB moi_PRON	>aro>aY_VERB +niy_PRON	وريني	وري +ني	w a r r ii n i	READY	
19964	472	OpenClass	work	marcher , travailler	عَمِل	JED		work_VERB	marcher_VERB , travailler_VERB	Eamil_VERB	اشتغل	اشتغل	2 i sh t a gh a l	READY	
19968	472	OpenClass	work	marcher , travailler	عَمِل	RIY		work_VERB	marcher_VERB , travailler_VERB	Eamil_VERB	اشتغل	اشتغل	2 i sh t a gh a l	READY	
19994	472	OpenClass	work	marcher , travailler	عَمِل	JED		work_VERB	marcher_VERB , travailler_VERB	Eamil_VERB	طبق	طبق	t. a b b a g	READY	
19995	472	OpenClass	work	marcher , travailler	عَمِل	RIY		work_VERB	marcher_VERB , travailler_VERB	Eamil_VERB	طبق	طبق	t. a b b a g	READY	
20001	472	OpenClass	work	marcher , travailler	عَمِل	JED		work_VERB	marcher_VERB , travailler_VERB	Eamil_VERB	عمل	عمل	3 a m a l	READY	
20004	472	OpenClass	work	marcher , travailler	عَمِل	RIY		work_VERB	marcher_VERB , travailler_VERB	Eamil_VERB	عمل	عمل	3 a m a l	READY	
20022	473	OpenClass	call	appeler , rappeler	ٱِتَّصَل	JED		call_VERB	appeler_VERB , rappeler_VERB	LitXaSal_VERB	اتصل	اتصل	2 i t t a s. a l	READY	
20024	473	OpenClass	call	appeler , rappeler	ٱِتَّصَل	RIY		call_VERB	appeler_VERB , rappeler_VERB	LitXaSal_VERB	اتصل	اتصل	2 i t t a s. a l	READY	
20057	473	OpenClass	call	appeler , rappeler	ٱِتَّصَل	JED		call_VERB	appeler_VERB , rappeler_VERB	LitXaSal_VERB	زهم	زهم	z a h a m	READY	
20071	473	OpenClass	call	appeler , rappeler	ٱِتَّصَل	JED		call_VERB	appeler_VERB , rappeler_VERB	LitXaSal_VERB	كلم	كلم	k a l l a m	READY	
20072	473	OpenClass	call	appeler , rappeler	ٱِتَّصَل	RIY		call_VERB	appeler_VERB , rappeler_VERB	LitXaSal_VERB	كلم	كلم	k a l l a m	READY	
20076	473	OpenClass	call	appeler , rappeler	ٱِتَّصَل	JED		call_VERB	appeler_VERB , rappeler_VERB	LitXaSal_VERB	نادى	نادى	n aa d a	READY	
20078	473	OpenClass	call	appeler , rappeler	ٱِتَّصَل	RIY		call_VERB	appeler_VERB , rappeler_VERB	LitXaSal_VERB	نادى	نادى	n aa d a	READY	
20090	474	OpenClass	house	maison	مَنْزِل	JED		house_NOUN	maison_NOUN	manozil_NOUN	بيت	بيت	b ee t	READY	
20093	474	OpenClass	house	maison	مَنْزِل	RIY		house_NOUN	maison_NOUN	manozil_NOUN	بيت	بيت	b ee t	READY	
20114	474	OpenClass	house	maison	مَنْزِل	RIY		house_NOUN	maison_NOUN	manozil_NOUN	دار	دار	d aa r	READY	
20125	474	OpenClass	house	maison	مَنْزِل	JED		house_NOUN	maison_NOUN	manozil_NOUN	سكن	سكن	s a k a n	READY	
20128	474	OpenClass	house	maison	مَنْزِل	RIY		house_NOUN	maison_NOUN	manozil_NOUN	سكن	سكن	s a k a n	READY	
20142	476	OpenClass	phone , telephone	téléphone	هاتِف	RIY		phone_NOUN , telephone_NOUN	téléphone_NOUN	hAtif_NOUN	تلفون	تلفون	t a l f oo n	CHECK	Foreign
20150	476	OpenClass	phone , telephone	téléphone	هاتِف	JED		phone_NOUN , telephone_NOUN	téléphone_NOUN	hAtif_NOUN	تلفون	تلفون	t i l f oo n	CHECK	Foreign
20151	476	OpenClass	phone , telephone	téléphone	هاتِف	RIY		phone_NOUN , telephone_NOUN	téléphone_NOUN	hAtif_NOUN	تلفون	تلفون	t i l f oo n	CHECK	Foreign
20152	476	OpenClass	phone , telephone	téléphone	هاتِف	JED		phone_NOUN , telephone_NOUN	téléphone_NOUN	hAtif_NOUN	تلفون	تلفون	t i l i f oo n	CHECK	Foreign
20187	478	OpenClass	let	laisser	دَعّ	RIY		let_VERB	laisser_VERB	daEX_VERB	اترك	اترك	2 i t r i k	READY	
20190	478	OpenClass	let	laisser	دَعّ	JED		let_VERB	laisser_VERB	daEX_VERB	اترك	اترك	2 u t r u k	READY	
20208	478	OpenClass	let	laisser	دَعّ	RIY		let_VERB	laisser_VERB	daEX_VERB	خل	خل	kh a l l	READY	
20227	478	OpenClass	let	laisser	دَعّ	JED		let_VERB	laisser_VERB	daEX_VERB	خلي	خلي	kh a l l i	READY	
20254	479	OpenClass	bill	note	فاتُورَة	JED		bill_NOUN	note_NOUN	fAtuwrap_NOUN	حساب	حساب	7 i s aa b	READY	
20256	479	OpenClass	bill	note	فاتُورَة	RIY		bill_NOUN	note_NOUN	fAtuwrap_NOUN	حساب	حساب	7 i s aa b	READY	
20281	479	OpenClass	bill	note	فاتُورَة	JED		bill_NOUN	note_NOUN	fAtuwrap_NOUN	فاتورة	فاتورة	f aa t uu r a	READY	
20284	479	OpenClass	bill	note	فاتُورَة	RIY		bill_NOUN	note_NOUN	fAtuwrap_NOUN	فاتورة	فاتورة	f aa t uu r a	READY	
20299	480	MixedClass	tonight	ce soir	ال+ لَيْلَة	JED		tonight_NOUN	ce_DET soir_NOUN	Al+_DET layolap_NOUN	الليلة	ال+ ليلة	2 a l l ee l a	READY	
20300	480	MixedClass	tonight	ce soir	ال+ لَيْلَة	RIY		tonight_NOUN	ce_DET soir_NOUN	Al+_DET layolap_NOUN	الليلة	ال+ ليلة	2 a l l ee l a	READY	
20336	481	OpenClass	year	an , année	عام ، سَنَة	JED		year_NOUN	an_NOUN , année_NOUN	EAm_NOUN , sanap_NOUN	حول	حول	7 oo l	READY	
20338	481	OpenClass	year	an , année	عام ، سَنَة	RIY		year_NOUN	an_NOUN , année_NOUN	EAm_NOUN , sanap_NOUN	حول	حول	7 oo l	READY	
20346	481	OpenClass	year	an , année	عام ، سَنَة	JED		year_NOUN	an_NOUN , année_NOUN	EAm_NOUN , sanap_NOUN	سنة	سنة	s a n a	READY	
20351	481	OpenClass	year	an , année	عام ، سَنَة	RIY		year_NOUN	an_NOUN , année_NOUN	EAm_NOUN , sanap_NOUN	سنة	سنة	s a n a	READY	
20369	481	OpenClass	year	an , année	عام ، سَنَة	JED		year_NOUN	an_NOUN , année_NOUN	EAm_NOUN , sanap_NOUN	عام	عام	3 aa m	READY	
20374	481	OpenClass	year	an , année	عام ، سَنَة	RIY		year_NOUN	an_NOUN , année_NOUN	EAm_NOUN , sanap_NOUN	عام	عام	3 aa m	READY	
20380	482	OpenClass	discount	remise	خَصْم	JED		discount_NOUN	remise_NOUN	xaSom_NOUN	اوكازيون	اوكازيون	2 u k aa z y oo n	CHECK	Foreign
20393	482	OpenClass	discount	remise	خَصْم	JED		discount_NOUN	remise_NOUN	xaSom_NOUN	تخفيض	تخفيض	t a kh f ii d.	READY	
20396	482	OpenClass	discount	remise	خَصْم	RIY		discount_NOUN	remise_NOUN	xaSom_NOUN	تخفيض	تخفيض	t a kh f ii d.	READY	
20429	482	OpenClass	discount	remise	خَصْم	JED		discount_NOUN	remise_NOUN	xaSom_NOUN	خصم	خصم	kh a s. m	READY	
20431	482	OpenClass	discount	remise	خَصْم	RIY		discount_NOUN	remise_NOUN	xaSom_NOUN	خصم	خصم	kh a s. m	READY	
20449	483	OpenClass	kind	genre	نَوْع	JED		kind_NOUN	genre_NOUN	nawoE_NOUN	جنس	جنس	j i n s	READY	
20451	483	OpenClass	kind	genre	نَوْع	RIY		kind_NOUN	genre_NOUN	nawoE_NOUN	جنس	جنس	j i n s	READY	
20457	483	OpenClass	kind	genre	نَوْع	JED		kind_NOUN	genre_NOUN	nawoE_NOUN	شكل	شكل	sh a k l	READY	
20458	483	OpenClass	kind	genre	نَوْع	RIY		kind_NOUN	genre_NOUN	nawoE_NOUN	شكل	شكل	sh a k l	READY	
20472	483	OpenClass	kind	genre	نَوْع	JED		kind_NOUN	genre_NOUN	nawoE_NOUN	صيغة	صيغة	s. ii gh a	READY	
20473	483	OpenClass	kind	genre	نَوْع	RIY		kind_NOUN	genre_NOUN	nawoE_NOUN	صيغة	صيغة	s. ii gh a	READY	
20478	483	OpenClass	kind	genre	نَوْع	JED		kind_NOUN	genre_NOUN	nawoE_NOUN	طراز	طراز	t. i r aa z	READY	
20480	483	OpenClass	kind	genre	نَوْع	RIY		kind_NOUN	genre_NOUN	nawoE_NOUN	طراز	طراز	t. i r aa z	READY	
20503	483	OpenClass	kind	genre	نَوْع	JED		kind_NOUN	genre_NOUN	nawoE_NOUN	نوع	نوع	n oo 3	READY	
20506	483	OpenClass	kind	genre	نَوْع	RIY		kind_NOUN	genre_NOUN	nawoE_NOUN	نوع	نوع	n oo 3	READY	
20519	484	OpenClass	say	dire	قال	JED		say_VERB	dire_VERB	qAl_VERB	اتكلم	اتكلم	2 i t k a l l a m	READY	
20552	484	OpenClass	say	dire	قال	JED		say_VERB	dire_VERB	qAl_VERB	قال	قال	q aa l	READY	
20556	484	OpenClass	say	dire	قال	RIY		say_VERB	dire_VERB	qAl_VERB	قال	قال	q aa l	READY	
20561	484	OpenClass	say	dire	قال	JED		say_VERB	dire_VERB	qAl_VERB	هرج	هرج	h i r i j	READY	
20565	485	OpenClass	package	paquet	طَرْد	JED		package_NOUN	paquet_NOUN	Tarod_NOUN	بريد	بريد	b a r ii d	READY	
20567	485	OpenClass	package	paquet	طَرْد	RIY		package_NOUN	paquet_NOUN	Tarod_NOUN	بريد	بريد	b a r ii d	READY	
20578	485	OpenClass	package	paquet	طَرْد	JED		package_NOUN	paquet_NOUN	Tarod_NOUN	طرد	طرد	t. a r d	READY	
20580	485	OpenClass	package	paquet	طَرْد	RIY		package_NOUN	paquet_NOUN	Tarod_NOUN	طرد	طرد	t. a r d	READY	
20599	486	OpenClass	write	écrire	كَتَب	JED		write_VERB	écrire_VERB	katab_VERB	الف	الف	2 a l l a f	READY	
20601	486	OpenClass	write	écrire	كَتَب	RIY		write_VERB	écrire_VERB	katab_VERB	الف	الف	2 a l l a f	READY	
20618	486	OpenClass	write	écrire	كَتَب	JED		write_VERB	écrire_VERB	katab_VERB	كتب	كتب	k a t a b	READY	
20622	486	OpenClass	write	écrire	كَتَب	RIY		write_VERB	écrire_VERB	katab_VERB	كتب	كتب	k a t a b	READY	
20655	487	OpenClass	come	venir	أَتَى ، حَضَر ، جاء	JED		come_VERB	venir_VERB	OataY_VERB , HaDar_VERB , jAC_VERB	جا	جا	j aa	READY	
20656	487	OpenClass	come	venir	أَتَى ، حَضَر ، جاء	RIY		come_VERB	venir_VERB	OataY_VERB , HaDar_VERB , jAC_VERB	جا	جا	j aa	READY	
20680	487	OpenClass	come	venir	أَتَى ، حَضَر ، جاء	RIY		come_VERB	venir_VERB	OataY_VERB , HaDar_VERB , jAC_VERB	وصل	وصل	w a s. a l	READY	
20681	487	OpenClass	come	venir	أَتَى ، حَضَر ، جاء	JED		come_VERB	venir_VERB	OataY_VERB , HaDar_VERB , jAC_VERB	وصل	وصل	w i s. i l	READY	
20712	488	OpenClass	think	croire	ٱِعْتَقَد	RIY		think_VERB	croire_VERB	LiEotaqad_VERB	حسب	حسب	7 a s a b	READY	
20716	488	OpenClass	think	croire	ٱِعْتَقَد	JED		think_VERB	croire_VERB	LiEotaqad_VERB	حسب	حسب	7 i s i b	READY	
20726	488	OpenClass	think	croire	ٱِعْتَقَد	JED		think_VERB	croire_VERB	LiEotaqad_VERB	شاف	شاف	sh aa f	READY	
20728	488	OpenClass	think	croire	ٱِعْتَقَد	RIY		think_VERB	croire_VERB	LiEotaqad_VERB	شاف	شاف	sh aa f	READY	
20739	488	OpenClass	think	croire	ٱِعْتَقَد	JED		think_VERB	croire_VERB	LiEotaqad_VERB	ظن	ظن	dh. a n n	READY	
20741	488	OpenClass	think	croire	ٱِعْتَقَد	RIY		think_VERB	croire_VERB	LiEotaqad_VERB	ظن	ظن	dh. a n n	READY	
20748	488	OpenClass	think	croire	ٱِعْتَقَد	JED		think_VERB	croire_VERB	LiEotaqad_VERB	ظن	ظن	z. a n n	READY	
20755	488	OpenClass	think	croire	ٱِعْتَقَد	JED		think_VERB	croire_VERB	LiEotaqad_VERB	فكر	فكر	f a k k a r	READY	
20758	488	OpenClass	think	croire	ٱِعْتَقَد	RIY		think_VERB	croire_VERB	LiEotaqad_VERB	فكر	فكر	f a k k a r	READY	
20776	489	OpenClass	take	prendre	أَخَذ	JED		take_VERB	prendre_VERB	OaxaV_VERB	اخذ	اخذ	2 a kh a d	READY	
20784	489	OpenClass	take	prendre	أَخَذ	RIY		take_VERB	prendre_VERB	OaxaV_VERB	اخذ	اخذ	2 a kh a dh	READY	
20801	489	OpenClass	take	prendre	أَخَذ	RIY		take_VERB	prendre_VERB	OaxaV_VERB	خذ	خذ	kh a dh	READY	
20857	490	OpenClass	store , shop	magasin	مَتْجَر ، مَحَلّ	JED		store_NOUN , shop_NOUN	magasin_NOUN	matojar_NOUN , maHalX_NOUN	دكان	دكان	d u k k aa n	READY	
20872	490	OpenClass	store , shop	magasin	مَتْجَر ، مَحَلّ	JED		store_NOUN , shop_NOUN	magasin_NOUN	matojar_NOUN , maHalX_NOUN	سوق	سوق	s uu g	READY	
20873	490	OpenClass	store , shop	magasin	مَتْجَر ، مَحَلّ	RIY		store_NOUN , shop_NOUN	magasin_NOUN	matojar_NOUN , maHalX_NOUN	سوق	سوق	s uu g	READY	
20891	490	OpenClass	store , shop	magasin	مَتْجَر ، مَحَلّ	JED		store_NOUN , shop_NOUN	magasin_NOUN	matojar_NOUN , maHalX_NOUN	محل	محل	m i 7 i l l	READY	
20892	490	OpenClass	store , shop	magasin	مَتْجَر ، مَحَلّ	RIY		store_NOUN , shop_NOUN	magasin_NOUN	matojar_NOUN , maHalX_NOUN	محل	محل	m i 7 i l l	READY	
20912	491	OpenClass	just , only	seulement	فَقَط	JED		just_ADV , only_ADV	seulement_ADV	faqaT_ADV	بس	بس	b a s s	READY	
20917	491	OpenClass	just , only	seulement	فَقَط	RIY		just_ADV , only_ADV	seulement_ADV	faqaT_ADV	بس	بس	b a s s	READY	
20942	492	OpenClass	large	grand	كَبِير	JED		large_ADJ	grand_ADJ	kabiyr_ADJ	ضخم	ضخم	d. a kh m	READY	
20946	492	OpenClass	large	grand	كَبِير	RIY		large_ADJ	grand_ADJ	kabiyr_ADJ	ضخم	ضخم	dh. a kh m	READY	
20956	492	OpenClass	large	grand	كَبِير	JED		large_ADJ	grand_ADJ	kabiyr_ADJ	كبير	كبير	k a b ii r	READY	
20959	492	OpenClass	large	grand	كَبِير	RIY		large_ADJ	grand_ADJ	kabiyr_ADJ	كبير	كبير	k a b ii r	READY	
21011	494	OpenClass	have , get	avoir	حَصَل	JED		have_VERB , get_VERB	avoir_VERB	HaSal_VERB	جا ل+ه	جا ل+ه	j aa # l u	READY	
21012	494	OpenClass	have , get	avoir	حَصَل	RIY		have_VERB , get_VERB	avoir_VERB	HaSal_VERB	جا ل+ه	جا ل+ه	j aa # l u	READY	
21014	494	OpenClass	have , get	avoir	حَصَل	JED		have_VERB , get_VERB	avoir_VERB	HaSal_VERB	جاب	جاب	j aa b	READY	
21015	494	OpenClass	have , get	avoir	حَصَل	RIY		have_VERB , get_VERB	avoir_VERB	HaSal_VERB	جاب	جاب	j aa b	READY	
21035	494	OpenClass	have , get	avoir	حَصَل	JED		have_VERB , get_VERB	avoir_VERB	HaSal_VERB	حصل على	حصل على	7 a s. a l # 3 a l a	READY	
21036	494	OpenClass	have , get	avoir	حَصَل	RIY		have_VERB , get_VERB	avoir_VERB	HaSal_VERB	حصل على	حصل على	7 a s. a l # 3 a l a	READY	
21110	495	MixedClass	make a call	passer un appel	أَجْرَى مُكالَمَة	JED		make_VERB a_DET call_NOUN	passer_VERB un_DET appel_NOUN	OajoraY_VERB mukAlamap_NOUN	زهم	زهم	z a h a m	READY	
21124	495	MixedClass	make a call	passer un appel	أَجْرَى مُكالَمَة	JED		make_VERB a_DET call_NOUN	passer_VERB un_DET appel_NOUN	OajoraY_VERB mukAlamap_NOUN	كلم	كلم	k a l l a m	READY	
21126	495	MixedClass	make a call	passer un appel	أَجْرَى مُكالَمَة	RIY		make_VERB a_DET call_NOUN	passer_VERB un_DET appel_NOUN	OajoraY_VERB mukAlamap_NOUN	كلم	كلم	k a l l a m	READY	
21133	496	OpenClass	tell	indiquer	أَخْبَر	JED		tell_VERB	indiquer_VERB	Oaxobar_VERB	اعطى المعلومة	اعطى ال+ معلومة	2 a 3 t. a # l m a 3 l uu m a	READY	
21173	496	OpenClass	tell	indiquer	أَخْبَر	RIY		tell_VERB	indiquer_VERB	Oaxobar_VERB	خبر	خبر	kh a b b a r	READY	
21200	496	OpenClass	tell	indiquer	أَخْبَر	JED		tell_VERB	indiquer_VERB	Oaxobar_VERB	قال	قال	g aa l	READY	
21202	496	OpenClass	tell	indiquer	أَخْبَر	RIY		tell_VERB	indiquer_VERB	Oaxobar_VERB	قال	قال	g aa l	READY	
21249	497	OpenClass	check	vérifier	فَحَص	JED		check_VERB	vérifier_VERB	faHaS_VERB	حقق	حقق	7 a g g a g	READY	
21250	497	OpenClass	check	vérifier	فَحَص	RIY		check_VERB	vérifier_VERB	faHaS_VERB	حقق	حقق	7 a g g a g	READY	
21268	497	OpenClass	check	vérifier	فَحَص	JED		check_VERB	vérifier_VERB	faHaS_VERB	شيك	شيك	sh a y y a k	CHECK	Foreign
21270	497	OpenClass	check	vérifier	فَحَص	RIY		check_VERB	vérifier_VERB	faHaS_VERB	شيك	شيك	sh a y y a k	CHECK	Foreign
21345	498	OpenClass	stay , remain	rester	مَكَث	RIY		stay_VERB , remain_VERB	rester_VERB	makav_VERB	جلس	جلس	j a l a s	READY	
21346	498	OpenClass	stay , remain	rester	مَكَث	JED		stay_VERB , remain_VERB	rester_VERB	makav_VERB	جلس	جلس	j i l i s	READY	
21384	498	OpenClass	stay , remain	rester	مَكَث	RIY		stay_VERB , remain_VERB	rester_VERB	makav_VERB	قعد	قعد	g a 3 a d	READY	
21388	498	OpenClass	stay , remain	rester	مَكَث	JED		stay_VERB , remain_VERB	rester_VERB	makav_VERB	قعد	قعد	g i 3 i d	READY	
21407	499	OpenClass	beautiful	beau	جَمِيل	JED		beautiful_ADJ	beau_ADJ	jamiyl_ADJ	جميل	جميل	j a m ii l	READY	
21410	499	OpenClass	beautiful	beau	جَمِيل	RIY		beautiful_ADJ	beau_ADJ	jamiyl_ADJ	جميل	جميل	j a m ii l	READY	
21422	499	OpenClass	beautiful	beau	جَمِيل	JED		beautiful_ADJ	beau_ADJ	jamiyl_ADJ	حلو	حلو	7 i l u	READY	
21426	499	OpenClass	beautiful	beau	جَمِيل	RIY		beautiful_ADJ	beau_ADJ	jamiyl_ADJ	حلو	حلو	7 i l u	READY	
21433	499	OpenClass	beautiful	beau	جَمِيل	JED		beautiful_ADJ	beau_ADJ	jamiyl_ADJ	حليوة	حليوة	7 i l ee w a	READY	
21434	499	OpenClass	beautiful	beau	جَمِيل	RIY		beautiful_ADJ	beau_ADJ	jamiyl_ADJ	حليوة	حليوة	7 i l ee w a	READY	
21468	499	OpenClass	beautiful	beau	جَمِيل	JED		beautiful_ADJ	beau_ADJ	jamiyl_ADJ	وسيم	وسيم	w a s ii m	READY	
21470	499	OpenClass	beautiful	beau	جَمِيل	RIY		beautiful_ADJ	beau_ADJ	jamiyl_ADJ	وسيم	وسيم	w a s ii m	READY	
21510	500	OpenClass	recommend	recommander	أَوْصَى	JED		recommend_VERB	recommander_VERB	OawoSaY_VERB	وصى	وصى	w a s. s. a	READY	
21515	500	OpenClass	recommend	recommander	أَوْصَى	RIY		recommend_VERB	recommander_VERB	OawoSaY_VERB	وصى	وصى	w a s. s. a	READY	
21534	501	MixedClass	please	s' il vous plait , veuillez	مِن فَضْل +ك	RIY		please_VERB	se_PRON il_PRON vous_PRON plait_VERB , veuillez_VERB	min_ADP faDol_NOUN +ki_PRON	بعد اذنك	بعد اذن +ك	b a 3 d # 2 i dh n a k	READY	
21535	501	MixedClass	please	s' il vous plait , veuillez	مِن فَضْل +ك	JED		please_VERB	se_PRON il_PRON vous_PRON plait_VERB , veuillez_VERB	min_ADP faDol_NOUN +ki_PRON	بعد اذنك	بعد اذن +ك	b a 3 d # 2 i z n a k	READY	
21568	501	MixedClass	please	s' il vous plait , veuillez	مِن فَضْل +ك	JED		please_VERB	se_PRON il_PRON vous_PRON plait_VERB , veuillez_VERB	min_ADP faDol_NOUN +ki_PRON	لو سمحت	لو سمحت	l a w # s a m a 7 t	READY	
21571	501	MixedClass	please	s' il vous plait , veuillez	مِن فَضْل +ك	RIY		please_VERB	se_PRON il_PRON vous_PRON plait_VERB , veuillez_VERB	min_ADP faDol_NOUN +ki_PRON	لو سمحت	لو سمحت	l a w # s a m a 7 t	READY	
21593	501	MixedClass	please	s' il vous plait , veuillez	مِن فَضْل +ك	JED		please_VERB	se_PRON il_PRON vous_PRON plait_VERB , veuillez_VERB	min_ADP faDol_NOUN +ki_PRON	من فضلك	من فضل +ك	m i n # f a d. l. a k	READY	
21595	501	MixedClass	please	s' il vous plait , veuillez	مِن فَضْل +ك	RIY		please_VERB	se_PRON il_PRON vous_PRON plait_VERB , veuillez_VERB	min_ADP faDol_NOUN +ki_PRON	من فضلك	من فضل +ك	m i n # f a d. l. a k	READY	
21627	503	OpenClass	have	avoir	لَدَى	JED		have_VERB	avoir_VERB	ladaY_NOUN	عند	عند	3 i n d	READY	
21631	503	OpenClass	have	avoir	لَدَى	RIY		have_VERB	avoir_VERB	ladaY_NOUN	عند	عند	3 i n d	READY	
21640	503	OpenClass	have	avoir	لَدَى	JED		have_VERB	avoir_VERB	ladaY_NOUN	ل+	ل+	l i	READY	
21641	503	OpenClass	have	avoir	لَدَى	RIY		have_VERB	avoir_VERB	ladaY_NOUN	ل+	ل+	l i	READY	
21649	503	OpenClass	have	avoir	لَدَى	JED		have_VERB	avoir_VERB	ladaY_NOUN	مع	مع	m a 3 a	READY	
21650	503	OpenClass	have	avoir	لَدَى	RIY		have_VERB	avoir_VERB	ladaY_NOUN	مع	مع	m a 3 a	READY	
21662	515	OpenClass	tomorrow	demain	غَداً	RIY		tomorrow_NOUN	demain_ADV	gad_NOUN	باكر	باكر	b aa tsh i r	CHECK	
21674	515	OpenClass	tomorrow	demain	غَداً	JED		tomorrow_NOUN	demain_ADV	gad_NOUN	بكرة	بكرة	b u k r a	READY	
21679	515	OpenClass	tomorrow	demain	غَداً	RIY		tomorrow_NOUN	demain_ADV	gad_NOUN	بكرة	بكرة	b u k r a	READY	
21715	520	MixedClass	excuse me	excuser moi	ال+ مَعْذِرَة	JED		excuse_VERB i_PRON	excuser_VERB moi_PRON	Al+_DET maEoVirap_NOUN	سوري	سوري	~ s oo r ii	CHECK	Foreign
21721	520	MixedClass	excuse me	excuser moi	ال+ مَعْذِرَة	JED		excuse_VERB i_PRON	excuser_VERB moi_PRON	Al+_DET maEoVirap_NOUN	عفوا	عفوا	3 a f w a n	READY	
21725	520	MixedClass	excuse me	excuser moi	ال+ مَعْذِرَة	RIY		excuse_VERB i_PRON	excuser_VERB moi_PRON	Al+_DET maEoVirap_NOUN	عفوا	عفوا	3 a f w a n	READY	
21729	520	MixedClass	excuse me	excuser moi	ال+ مَعْذِرَة	JED		excuse_VERB i_PRON	excuser_VERB moi_PRON	Al+_DET maEoVirap_NOUN	لا مؤاخذة	لا مؤاخذة	l a # m 2 aa kh a z a	READY	
21733	520	MixedClass	excuse me	excuser moi	ال+ مَعْذِرَة	JED		excuse_VERB i_PRON	excuser_VERB moi_PRON	Al+_DET maEoVirap_NOUN	لا مؤاخذة	لا مؤاخذة	l a # m u 2 aa kh a dh a	READY	
21735	520	MixedClass	excuse me	excuser moi	ال+ مَعْذِرَة	JED		excuse_VERB i_PRON	excuser_VERB moi_PRON	Al+_DET maEoVirap_NOUN	لو سمحت	لو سمحت	l a w # s a m a 7 t	READY	
21737	520	MixedClass	excuse me	excuser moi	ال+ مَعْذِرَة	RIY		excuse_VERB i_PRON	excuser_VERB moi_PRON	Al+_DET maEoVirap_NOUN	لو سمحت	لو سمحت	l a w # s a m a 7 t	READY	
21746	520	MixedClass	excuse me	excuser moi	ال+ مَعْذِرَة	JED		excuse_VERB i_PRON	excuser_VERB moi_PRON	Al+_DET maEoVirap_NOUN	معليش	معليش	m a 3 l ee sh	CHECK	
21749	520	MixedClass	excuse me	excuser moi	ال+ مَعْذِرَة	RIY		excuse_VERB i_PRON	excuser_VERB moi_PRON	Al+_DET maEoVirap_NOUN	معليش	معليش	m a 3 l ee sh	CHECK	
21762	525	OpenClass	sorry	désoler	آسِف	JED		sorry_ADJ	désoler_VERB	Msif_NOUN	آسف	آسف	2 aa s i f	READY	
21767	525	OpenClass	sorry	désoler	آسِف	RIY		sorry_ADJ	désoler_VERB	Msif_NOUN	آسف	آسف	2 aa s i f	READY	
21783	525	OpenClass	sorry	désoler	آسِف	JED		sorry_ADJ	désoler_VERB	Msif_NOUN	سامحني	سامح +ني	s aa m i 7 n i	READY	
21796	525	OpenClass	sorry	désoler	آسِف	JED		sorry_ADJ	désoler_VERB	Msif_NOUN	لا مؤاخذة	لا مؤاخذة	l a # m u 2 aa kh a z a	READY	
21803	525	OpenClass	sorry	désoler	آسِف	JED		sorry_ADJ	désoler_VERB	Msif_NOUN	متأسف	متأسف	m u t 2 a s s i f	READY	
21804	525	OpenClass	sorry	désoler	آسِف	RIY		sorry_ADJ	désoler_VERB	Msif_NOUN	متأسف	متأسف	m u t 2 a s s i f	READY	
21811	525	OpenClass	sorry	désoler	آسِف	JED		sorry_ADJ	désoler_VERB	Msif_NOUN	معليش	معليش	m a 3 l ee sh	CHECK	
21817	530	MixedClass	today	aujourd'hui	ال+ يَوْم	JED		today_NOUN	aujourd'hui_ADV	Al+_DET yawom_NOUN	اليوم	ال+ يوم	2 a l y oo m	READY	
21818	530	MixedClass	today	aujourd'hui	ال+ يَوْم	RIY		today_NOUN	aujourd'hui_ADV	Al+_DET yawom_NOUN	اليوم	ال+ يوم	2 a l y oo m	READY	
21837	530	MixedClass	today	aujourd'hui	ال+ يَوْم	RIY		today_NOUN	aujourd'hui_ADV	Al+_DET yawom_NOUN	ذا اليوم	ذا ال+ يوم	dh a # l y oo m	CHECK	
21850	532	MixedClass	now	maintenant	ال+ آن	RIY		now_ADV	maintenant_ADV	Al+_DET Mn_NOUN	تو	تو	t a w w	READY	
21862	532	MixedClass	now	maintenant	ال+ آن	JED		now_ADV	maintenant_ADV	Al+_DET Mn_NOUN	دحين	دحين	d a 7 7 ii n	READY	
21870	532	MixedClass	now	maintenant	ال+ آن	JED		now_ADV	maintenant_ADV	Al+_DET Mn_NOUN	دوب	دوب	d uu b	READY	
21871	532	MixedClass	now	maintenant	ال+ آن	RIY		now_ADV	maintenant_ADV	Al+_DET Mn_NOUN	ذا الحين	ذا ال+ حين	dh a # l 7 ii n	CHECK	
21930	539	MixedClass	very	très	جِدّاً ، ل+ ال+ غاية	JED		very_ADV	très_ADV	jidX_NOUN , li+_ADP Al+_DET gAyap_NOUN	مرة	مرة	m a r r a	READY	
21931	539	MixedClass	very	très	جِدّاً ، ل+ ال+ غاية	RIY		very_ADV	très_ADV	jidX_NOUN , li+_ADP Al+_DET gAyap_NOUN	مرة	مرة	m a r r a	READY	
21935	546	OpenClass	well	eh bien	حَسَناً	JED		well_ADV	eh_INTJ bien_ADV	Hasan_NOUN	الحمد لالله	ال+ حمد ل+ الله	2 a l 7 a m d u # l i l l aa h	READY	
21936	546	OpenClass	well	eh bien	حَسَناً	RIY		well_ADV	eh_INTJ bien_ADV	Hasan_NOUN	الحمد لالله	ال+ حمد ل+ الله	2 a l 7 a m d u # l i l l aa h	READY	
21950	546	OpenClass	well	eh bien	حَسَناً	JED		well_ADV	eh_INTJ bien_ADV	Hasan_NOUN	تمام	تمام	t a m aa m	READY	
21953	546	OpenClass	well	eh bien	حَسَناً	RIY		well_ADV	eh_INTJ bien_ADV	Hasan_NOUN	تمام	تمام	t a m aa m	READY	
21966	546	OpenClass	well	eh bien	حَسَناً	RIY		well_ADV	eh_INTJ bien_ADV	Hasan_NOUN	زين	زين	z ee n	READY	
21974	546	OpenClass	well	eh bien	حَسَناً	JED		well_ADV	eh_INTJ bien_ADV	Hasan_NOUN	طيب	طيب	t. a y y i b	READY	
21977	546	OpenClass	well	eh bien	حَسَناً	RIY		well_ADV	eh_INTJ bien_ADV	Hasan_NOUN	طيب	طيب	t. a y y i b	READY	
21986	546	OpenClass	well	eh bien	حَسَناً	JED		well_ADV	eh_INTJ bien_ADV	Hasan_NOUN	كويس	كويس	k w a y y i s	READY	
21987	546	OpenClass	well	eh bien	حَسَناً	RIY		well_ADV	eh_INTJ bien_ADV	Hasan_NOUN	كويس	كويس	k w a y y i s	READY	
21994	549	MixedClass	o'clock	heure	ال+ ساعَة	JED		o'clock_ADV	heure_NOUN	Al+_DET sAEap_NOUN	الساعة	ال+ ساعة	2 a l s aa 3 a	READY	
21995	549	MixedClass	o'clock	heure	ال+ ساعَة	RIY		o'clock_ADV	heure_NOUN	Al+_DET sAEap_NOUN	الساعة	ال+ ساعة	2 a l s aa 3 a	READY	
22040	MISC_007	OpenClass	ah!	ah!	أَه!	JED		ah_INTJ	ah_INTJ	Oah_INTJ	آه	آه	2 aa h	READY	
22042	MISC_007	OpenClass	ah!	ah!	أَه!	RIY		ah_INTJ	ah_INTJ	Oah_INTJ	آه	آه	2 aa h	READY	
22060	MISC_007	OpenClass	ah!	ah!	أَه!	JED		ah_INTJ	ah_INTJ	Oah_INTJ	اي	اي	2 a y y	READY	
22073	MISC_010	MixedClass	as soon as	dès que	بِ+ مُجَرَّد	JED		as_ADV soon_ADV as_ADP	dès_ADP que_ADV	bi+_ADP mujarXad_NOUN	بمجرد	ب+ مجرد	b i m j a r r a d	READY	
22074	MISC_010	MixedClass	as soon as	dès que	بِ+ مُجَرَّد	RIY		as_ADV soon_ADV as_ADP	dès_ADP que_ADV	bi+_ADP mujarXad_NOUN	بمجرد	ب+ مجرد	b i m j a r r a d	READY	
22092	MISC_010	MixedClass	as soon as	dès que	بِ+ مُجَرَّد	JED		as_ADV soon_ADV as_ADP	dès_ADP que_ADV	bi+_ADP mujarXad_NOUN	بس انه	بس ان +ه	b a s s # 2 i n n u	READY	
22121	MISC_011	MixedClass	is ... true ?	est -ce que ... ?	هَلْ ... ؟ ، أَ+ ... ؟	RIY	Yes/No question marker.	be_VERB ... true_ADJ ?_PUNCT	être_VERB -ce_PRON que_PRON .. ?	halo_PART ... ? , Oa+_PART ... ?	جد	جد	j i d d	READY	
22122	MISC_011	MixedClass	is ... true ?	est -ce que ... ?	هَلْ ... ؟ ، أَ+ ... ؟	JED	Yes/No question marker.	be_VERB ... true_ADJ ?_PUNCT	être_VERB -ce_PRON que_PRON .. ?	halo_PART ... ? , Oa+_PART ... ?	حقيقي	حقيقي	7 a g ii g i	READY	
22125	MISC_011	MixedClass	is ... true ?	est -ce que ... ?	هَلْ ... ؟ ، أَ+ ... ؟	RIY	Yes/No question marker.	be_VERB ... true_ADJ ?_PUNCT	être_VERB -ce_PRON que_PRON .. ?	halo_PART ... ? , Oa+_PART ... ?	صادق	صادق	s. aa d i g	READY	
22129	MISC_011	MixedClass	is ... true ?	est -ce que ... ?	هَلْ ... ؟ ، أَ+ ... ؟	JED	Yes/No question marker.	be_VERB ... true_ADJ ?_PUNCT	être_VERB -ce_PRON que_PRON .. ?	halo_PART ... ? , Oa+_PART ... ?	صحيح انه	صحيح ان +ه	s. a 7 ii 7 # 2 i n n u	READY	
22130	MISC_011	MixedClass	is ... true ?	est -ce que ... ?	هَلْ ... ؟ ، أَ+ ... ؟	RIY	Yes/No question marker.	be_VERB ... true_ADJ ?_PUNCT	être_VERB -ce_PRON que_PRON .. ?	halo_PART ... ? , Oa+_PART ... ?	صحيح انه	صحيح ان +ه	s. a 7 ii 7 # 2 i n n u	READY	
22132	MISC_011	MixedClass	is ... true ?	est -ce que ... ?	هَلْ ... ؟ ، أَ+ ... ؟	RIY	Yes/No question marker.	be_VERB ... true_ADJ ?_PUNCT	être_VERB -ce_PRON que_PRON .. ?	halo_PART ... ? , Oa+_PART ... ?	صدق	صدق	s. i d i g	READY	
22139	MISC_011	MixedClass	is ... true ?	est -ce que ... ?	هَلْ ... ؟ ، أَ+ ... ؟	JED	Yes/No question marker.	be_VERB ... true_ADJ ?_PUNCT	être_VERB -ce_PRON que_PRON .. ?	halo_PART ... ? , Oa+_PART ... ?	من جد	من جد	m i n # j i d d	READY	
22183	MISC_013	MixedClass	could you ... ? , can you ... ?	peux -tu ... ?	هَل يُمكِنُ +كَ أن ... ؟	JED		could_PART you_PRON ... ?_PUNCT , can_PART you_PRON ... ?_PUNCT	pouvoir_VERB -tu_PRON ... ?	halo_PART Oamokan_VERB +ka_PRON OanXa_SCONJ ... ?	عفوا	عفوا	3 a f w a n	READY	
22184	MISC_013	MixedClass	could you ... ? , can you ... ?	peux -tu ... ?	هَل يُمكِنُ +كَ أن ... ؟	RIY		could_PART you_PRON ... ?_PUNCT , can_PART you_PRON ... ?_PUNCT	pouvoir_VERB -tu_PRON ... ?	halo_PART Oamokan_VERB +ka_PRON OanXa_SCONJ ... ?	عفوا	عفوا	3 a f w a n	READY	
22189	MISC_013	MixedClass	could you ... ? , can you ... ?	peux -tu ... ?	هَل يُمكِنُ +كَ أن ... ؟	JED		could_PART you_PRON ... ?_PUNCT , can_PART you_PRON ... ?_PUNCT	pouvoir_VERB -tu_PRON ... ?	halo_PART Oamokan_VERB +ka_PRON OanXa_SCONJ ... ?	لو سمحت	لو سمحت	l a w # s a m a 7 t	READY	
22197	MISC_013	MixedClass	could you ... ? , can you ... ?	peux -tu ... ?	هَل يُمكِنُ +كَ أن ... ؟	JED		could_PART you_PRON ... ?_PUNCT , can_PART you_PRON ... ?_PUNCT	pouvoir_VERB -tu_PRON ... ?	halo_PART Oamokan_VERB +ka_PRON OanXa_SCONJ ... ?	ممكن	ممكن	m u m k i n	READY	
22200	MISC_013	MixedClass	could you ... ? , can you ... ?	peux -tu ... ?	هَل يُمكِنُ +كَ أن ... ؟	RIY		could_PART you_PRON ... ?_PUNCT , can_PART you_PRON ... ?_PUNCT	pouvoir_VERB -tu_PRON ... ?	halo_PART Oamokan_VERB +ka_PRON OanXa_SCONJ ... ?	ممكن	ممكن	m u m k i n	READY	
22218	MISC_014	MixedClass	darn	zut	ال+ لَعْنَة	JED		darn_ADV	zut_INTJ	Al+_DET laEonap_NOUN	اقلب وشك	اقلب وش +ك	2 i g l i b # w a sh sh a k	READY	
22222	MISC_014	MixedClass	darn	zut	ال+ لَعْنَة	RIY		darn_ADV	zut_INTJ	Al+_DET laEonap_NOUN	الله يلعنك	الله يلعن +ك	2 a l. l. aa h # y i l 3 a n k	READY	
22229	MISC_014	MixedClass	darn	zut	ال+ لَعْنَة	JED		darn_ADV	zut_INTJ	Al+_DET laEonap_NOUN	بلا	بلا	b a l a	READY	
22238	MISC_014	MixedClass	darn	zut	ال+ لَعْنَة	RIY		darn_ADV	zut_INTJ	Al+_DET laEonap_NOUN	ظف وجهك	ظف وجه +ك	z. u f f # w a j h a k	READY	
22239	MISC_014	MixedClass	darn	zut	ال+ لَعْنَة	RIY		darn_ADV	zut_INTJ	Al+_DET laEonap_NOUN	كل تبن	كل تبن	k i l l # t i b i n	READY	
22240	MISC_014	MixedClass	darn	zut	ال+ لَعْنَة	RIY		darn_ADV	zut_INTJ	Al+_DET laEonap_NOUN	كل زق	كل زق	k i l l # z a g g	READY	
22246	MISC_014	MixedClass	darn	zut	ال+ لَعْنَة	JED		darn_ADV	zut_INTJ	Al+_DET laEonap_NOUN	وجع	وجع	w a dj a 3	READY	
22247	MISC_014	MixedClass	darn	zut	ال+ لَعْنَة	RIY		darn_ADV	zut_INTJ	Al+_DET laEonap_NOUN	وجع	وجع	w i j a 3	READY	
22248	MISC_014	MixedClass	darn	zut	ال+ لَعْنَة	JED		darn_ADV	zut_INTJ	Al+_DET laEonap_NOUN	وه	وه	w a h	CHECK	
22249	MISC_014	MixedClass	darn	zut	ال+ لَعْنَة	JED		darn_ADV	zut_INTJ	Al+_DET laEonap_NOUN	وي	وي	w e y	CHECK	
22261	MISC_014	MixedClass	darn	zut	ال+ لَعْنَة	JED		darn_ADV	zut_INTJ	Al+_DET laEonap_NOUN	يكشف حالهم	يكشف حال +هم	y i k sh i f # 7 aa l a h u m	READY	
22281	MISC_015	MixedClass	duty-free	hors taxe	مُعْفَى مِن ال+ جُمْرُك	JED		duty-free_ADJ	hors_ADP taxe_NOUN	muEofaY_ADJ min_ADP Al+_DET jumoruk_NOUN	بدون ضرايب	ب+ دون ضرايب	b i d uu n # d. a r aa y i b	READY	
22282	MISC_015	MixedClass	duty-free	hors taxe	مُعْفَى مِن ال+ جُمْرُك	RIY		duty-free_ADJ	hors_ADP taxe_NOUN	muEofaY_ADJ min_ADP Al+_DET jumoruk_NOUN	بدون ضرايب	ب+ دون ضرايب	b i d uu n # dh. a r aa y i b	READY	
22306	MISC_015	MixedClass	duty-free	hors taxe	مُعْفَى مِن ال+ جُمْرُك	JED		duty-free_ADJ	hors_ADP taxe_NOUN	muEofaY_ADJ min_ADP Al+_DET jumoruk_NOUN	من غير ضرايب	من غير ضرايب	m i n # gh ee r # d. a r aa y i b	READY	
22307	MISC_015	MixedClass	duty-free	hors taxe	مُعْفَى مِن ال+ جُمْرُك	RIY		duty-free_ADJ	hors_ADP taxe_NOUN	muEofaY_ADJ min_ADP Al+_DET jumoruk_NOUN	من غير ضرايب	من غير ضرايب	m i n # gh ee r # dh. a r aa y i b	READY	
22319	MISC_016	MixedClass	even	même	حَتَّى	JED		even_ADV	même_ADV	HatXaY_PART	حتى	حتى	7 a t t a	READY	
22324	MISC_016	MixedClass	even	même	حَتَّى	RIY		even_ADV	même_ADV	HatXaY_PART	حتى	حتى	7 a t t a	READY	
22333	MISC_016	MixedClass	even	même	حَتَّى	JED		even_ADV	même_ADV	HatXaY_PART	لو	لو	l a w	READY	
22342	MISC_016	MixedClass	even	même	حَتَّى	JED		even_ADV	même_ADV	HatXaY_PART	واذا	و+ اذا	2 u 2 i z a	CHECK	
22352	MISC_017	MixedClass	good evening	bonsoir	مَساء ال+ خَيْر	JED		good_ADJ evening_NOUN	bonsoir_INTJ	masAC_NOUN Al+_DET xayor_NOUN	مساكم الله بالخير	مسا +كم الله ب+ ال+ خير	m a s s aa k u m # a l. l. aa h # b i l kh ee r	READY	
22353	MISC_017	MixedClass	good evening	bonsoir	مَساء ال+ خَيْر	RIY		good_ADJ evening_NOUN	bonsoir_INTJ	masAC_NOUN Al+_DET xayor_NOUN	مساكم الله بالخير	مسا +كم الله ب+ ال+ خير	m a s s aa k u m # a l. l. aa h # b i l kh ee r	READY	
22359	MISC_017	MixedClass	good evening	bonsoir	مَساء ال+ خَيْر	JED		good_ADJ evening_NOUN	bonsoir_INTJ	masAC_NOUN Al+_DET xayor_NOUN	مسا الخير	مسا ال+ خير	m a s a # l kh ee r	READY	
22362	MISC_017	MixedClass	good evening	bonsoir	مَساء ال+ خَيْر	RIY		good_ADJ evening_NOUN	bonsoir_INTJ	masAC_NOUN Al+_DET xayor_NOUN	مسا الخير	مسا ال+ خير	m a s a # l kh ee r	READY	
22395	MISC_018	OpenClass	farewell	adieu	وَداعاً	JED		farewell_PROPN	adieu_INTJ	wadAE_NOUN	اودعناكم الله	اودعنا +كم الله	2 a w d a 3 n aa k u m # a l. l. a	READY	
22404	MISC_018	OpenClass	farewell	adieu	وَداعاً	JED		farewell_PROPN	adieu_INTJ	wadAE_NOUN	باي	باي	b aa y	CHECK	Foreign
22405	MISC_018	OpenClass	farewell	adieu	وَداعاً	RIY		farewell_PROPN	adieu_INTJ	wadAE_NOUN	باي	باي	b aa y	CHECK	Foreign
22423	MISC_018	OpenClass	farewell	adieu	وَداعاً	JED		farewell_PROPN	adieu_INTJ	wadAE_NOUN	في امان الله	في امان الله	f ii # 2 a m aa n # i l l aa	READY	
22424	MISC_018	OpenClass	farewell	adieu	وَداعاً	RIY		farewell_PROPN	adieu_INTJ	wadAE_NOUN	في امان الله	في امان الله	f ii # 2 a m aa n # i l l aa	READY	
22447	MISC_018	OpenClass	farewell	adieu	وَداعاً	JED		farewell_PROPN	adieu_INTJ	wadAE_NOUN	مع السلامة	مع ال+ سلامة	m a 3 a # s s a l aa m a	READY	
22448	MISC_018	OpenClass	farewell	adieu	وَداعاً	RIY		farewell_PROPN	adieu_INTJ	wadAE_NOUN	مع السلامة	مع ال+ سلامة	m a 3 a # s s a l aa m a	READY	
22457	MISC_019	MixedClass	few	quelque	بِضْع	JED		few_ADJ	quelque_PRON	biDoE_DET	بعض	بعض	b a 3 d.	READY	
22459	MISC_019	MixedClass	few	quelque	بِضْع	RIY		few_ADJ	quelque_PRON	biDoE_DET	بعض	بعض	b a 3 dh.	READY	
22501	MISC_019	MixedClass	few	quelque	بِضْع	JED		few_ADJ	quelque_PRON	biDoE_DET	كم	كم	k a m	READY	
22502	MISC_019	MixedClass	few	quelque	بِضْع	RIY		few_ADJ	quelque_PRON	biDoE_DET	كم	كم	k a m	READY	
22514	MISC_020	MixedClass	in front	devant	أَمام	JED		in_ADP front_NOUN	devant_ADP	OamAm_NOUN	قبال	قبال	g u b aa l	READY	
22515	MISC_020	MixedClass	in front	devant	أَمام	RIY		in_ADP front_NOUN	devant_ADP	OamAm_NOUN	قبال	قبال	g u b aa l	READY	
22538	MISC_020	MixedClass	in front	devant	أَمام	JED		in_ADP front_NOUN	devant_ADP	OamAm_NOUN	قدام	قدام	g u d d aa m	READY	
22539	MISC_020	MixedClass	in front	devant	أَمام	RIY		in_ADP front_NOUN	devant_ADP	OamAm_NOUN	قدام	قدام	g u d d aa m	READY	
22558	MISC_022	OpenClass	hello	bonjour	مَرْحَباً	JED		hello_INTJ	bonjour_NOUN	maroHab_NOUN	السلام عليكم	ال+ سلام على +كم	2 a s s a l aa m # 3 a l a y k u m	CHECK	
22559	MISC_022	OpenClass	hello	bonjour	مَرْحَباً	RIY		hello_INTJ	bonjour_NOUN	maroHab_NOUN	السلام عليكم	ال+ سلام على +كم	2 a s s a l aa m # 3 a l a y k u m	CHECK	
22571	MISC_022	OpenClass	hello	bonjour	مَرْحَباً	JED		hello_INTJ	bonjour_NOUN	maroHab_NOUN	اهلا	اهلا	2 a h l a n	READY	
22585	MISC_022	OpenClass	hello	bonjour	مَرْحَباً	RIY		hello_INTJ	bonjour_NOUN	maroHab_NOUN	حياكم الله	حيا +كم الله	7 a y y aa k u m # a l l a	READY	
22595	MISC_022	OpenClass	hello	bonjour	مَرْحَباً	JED		hello_INTJ	bonjour_NOUN	maroHab_NOUN	سلام	سلام	s a l aa m	READY	
22599	MISC_022	OpenClass	hello	bonjour	مَرْحَباً	RIY		hello_INTJ	bonjour_NOUN	maroHab_NOUN	سلام	سلام	s a l aa m	READY	
22607	MISC_022	OpenClass	hello	bonjour	مَرْحَباً	JED		hello_INTJ	bonjour_NOUN	maroHab_NOUN	سلام عليكم	سلام على +كم	s a l aa m # 3 a l ee k u m	CHECK	
22609	MISC_022	OpenClass	hello	bonjour	مَرْحَباً	RIY		hello_INTJ	bonjour_NOUN	maroHab_NOUN	سلام عليكم	سلام على +كم	s a l aa m # 3 a l ee k u m	CHECK	
22672	MISC_023	OpenClass	hey	hé!	يا	JED	Vocative / أداة النداء	hey_INTJ	eh_INTJ	yA_INTJ	يا	يا	y aa	READY	
22676	MISC_023	OpenClass	hey	hé!	يا	RIY	Vocative / أداة النداء	hey_INTJ	eh_INTJ	yA_INTJ	يا	يا	y aa	READY	
22719	MISC_025	MixedClass	how much	combien	بِ+ كَمْ	JED		how_ADV much_ADV	combien_ADV	bi+_ADP kamo_ADV	قديش	قديش	g a d d ee sh	CHECK	
22720	MISC_025	MixedClass	how much	combien	بِ+ كَمْ	RIY		how_ADV much_ADV	combien_ADV	bi+_ADP kamo_ADV	قديش	قديش	g a d d ee sh	CHECK	
22730	MISC_025	MixedClass	how much	combien	بِ+ كَمْ	JED		how_ADV much_ADV	combien_ADV	bi+_ADP kamo_ADV	كم	كم	k a m	READY	
22733	MISC_025	MixedClass	how much	combien	بِ+ كَمْ	RIY		how_ADV much_ADV	combien_ADV	bi+_ADP kamo_ADV	كم	كم	k a m	READY	
22747	MISC_026	MixedClass	most , more	plus	أَكْثَر	JED		most_ADJ , more_ADJ	plus_ADV	Oakovar_DET	اكثر	اكثر	2 a k t a r	READY	
22755	MISC_026	MixedClass	most , more	plus	أَكْثَر	RIY		most_ADJ , more_ADJ	plus_ADV	Oakovar_DET	اكثر	اكثر	2 a k th a r	READY	
22778	MISC_027	MixedClass	most	la plupart	مُعْظَم ، أَغْلَب	JED		most_ADJ	le_DET plupart_NOUN	muEoZam_DET , Oagolab_DET	اغلب	اغلب	2 a gh l a b	READY	
22783	MISC_027	MixedClass	most	la plupart	مُعْظَم ، أَغْلَب	RIY		most_ADJ	le_DET plupart_NOUN	muEoZam_DET , Oagolab_DET	اغلب	اغلب	2 a gh l a b	READY	
22795	MISC_027	MixedClass	most	la plupart	مُعْظَم ، أَغْلَب	JED		most_ADJ	le_DET plupart_NOUN	muEoZam_DET , Oagolab_DET	اكثر	اكثر	2 a k t a r	READY	
22802	MISC_027	MixedClass	most	la plupart	مُعْظَم ، أَغْلَب	RIY		most_ADJ	le_DET plupart_NOUN	muEoZam_DET , Oagolab_DET	اكثر	اكثر	2 a k th a r	READY	
22822	MISC_027	MixedClass	most	la plupart	مُعْظَم ، أَغْلَب	RIY		most_ADJ	le_DET plupart_NOUN	muEoZam_DET , Oagolab_DET	معظم	معظم	m u 3 dh. a m	READY	
22829	MISC_027	MixedClass	most	la plupart	مُعْظَم ، أَغْلَب	JED		most_ADJ	le_DET plupart_NOUN	muEoZam_DET , Oagolab_DET	معظم	معظم	m u 3 z. a m	READY	
22855	MISC_030	MixedClass	must , should	devoir	لا+ بُدّ ، وَجَب ، يَنْبَغِي ، تَعَيَّن	JED		must_PART , should_PART	devoir_VERB	lA+_SCONJ budX_NOUN , wajab_VERB , LinobagaY_VERB , taEayXan_VERB	لا بد	لا بد	l aa # b u d d	READY	
22872	MISC_030	MixedClass	must , should	devoir	لا+ بُدّ ، وَجَب ، يَنْبَغِي ، تَعَيَّن	JED		must_PART , should_PART	devoir_VERB	lA+_SCONJ budX_NOUN , wajab_VERB , LinobagaY_VERB , taEayXan_VERB	لازم	لازم	l aa z i m	READY	
22877	MISC_030	MixedClass	must , should	devoir	لا+ بُدّ ، وَجَب ، يَنْبَغِي ، تَعَيَّن	RIY		must_PART , should_PART	devoir_VERB	lA+_SCONJ budX_NOUN , wajab_VERB , LinobagaY_VERB , taEayXan_VERB	لازم	لازم	l aa z i m	READY	
22900	MISC_031	MixedClass	not	ne pas	لا	JED		not_ADV	ne_ADV pas_ADV	lA_PART	لأ	لأ	l a 2 2	READY	
22902	MISC_031	MixedClass	not	ne pas	لا	RIY		not_ADV	ne_ADV pas_ADV	lA_PART	لأ	لأ	l a 2 2	READY	
22921	MISC_031	MixedClass	not	ne pas	لا	JED		not_ADV	ne_ADV pas_ADV	lA_PART	لا	لا	l aa	CHECK	
22923	MISC_031	MixedClass	not	ne pas	لا	RIY		not_ADV	ne_ADV pas_ADV	lA_PART	لا	لا	l aa	CHECK	
22945	MISC_031	MixedClass	not	ne pas	لا	JED		not_ADV	ne_ADV pas_ADV	lA_PART	ما	ما	m aa	CHECK	
22951	MISC_031	MixedClass	not	ne pas	لا	RIY		not_ADV	ne_ADV pas_ADV	lA_PART	ما	ما	m aa	CHECK	
22957	MISC_031	MixedClass	not	ne pas	لا	RIY		not_ADV	ne_ADV pas_ADV	lA_PART	مانيب	ما +ني +ب	m aa n ii b	CHECK	
22985	MISC_031	MixedClass	not	ne pas	لا	JED		not_ADV	ne_ADV pas_ADV	lA_PART	مو	مو	m uu	READY	
22988	MISC_031	MixedClass	not	ne pas	لا	RIY		not_ADV	ne_ADV pas_ADV	lA_PART	موب	موب	m u b	CHECK	
22991	MISC_031	MixedClass	not	ne pas	لا	JED		not_ADV	ne_ADV pas_ADV	lA_PART	مي	مي	m ii	READY	
23008	MISC_032	MixedClass	did not	ne pas	لَمْ	JED		do_VERB not_ADV	ne_ADV pas_ADV	lamo_PART	ما	ما	m aa	CHECK	
23014	MISC_032	MixedClass	did not	ne pas	لَمْ	RIY		do_VERB not_ADV	ne_ADV pas_ADV	lamo_PART	ما	ما	m aa	CHECK	
23033	MISC_033	MixedClass	will not	ne pas	لَنْ	JED		will_PART not_ADV	ne_ADV pas_ADV	lano_PART	ما	ما	m aa	CHECK	
23035	MISC_033	MixedClass	will not	ne pas	لَنْ	RIY		will_PART not_ADV	ne_ADV pas_ADV	lano_PART	ما	ما	m aa	CHECK	
23041	MISC_033	MixedClass	will not	ne pas	لَنْ	RIY		will_PART not_ADV	ne_ADV pas_ADV	lano_PART	مانيب	ما +ني +ب	m aa n ii b	CHECK	
23086	MISC_034	MixedClass	get off	descendre	نَزِل	JED		get_VERB off_PART	descendre_VERB	nazal_VERB	نزل	نزل	n a z a l	READY	
23090	MISC_034	MixedClass	get off	descendre	نَزِل	RIY		get_VERB off_PART	descendre_VERB	nazal_VERB	نزل	نزل	n a z a l	READY	
23104	MISC_034	MixedClass	get off	descendre	نَزِل	JED		get_VERB off_PART	descendre_VERB	nazal_VERB	نزل	نزل	n i z i l	READY	
23138	MISC_035	OpenClass	oh!	oh!	أَه!	RIY		oh_INTJ	oh_INTJ	Oah_INTJ	ها	ها	h aa	CHECK	
23139	MISC_035	OpenClass	oh!	oh!	أَه!	RIY		oh_INTJ	oh_INTJ	Oah_INTJ	هو	هو	h a w	READY	
23143	MISC_035	OpenClass	oh!	oh!	أَه!	JED		oh_INTJ	oh_INTJ	Oah_INTJ	وه	وه	w a h	CHECK	
23144	MISC_035	OpenClass	oh!	oh!	أَه!	RIY		oh_INTJ	oh_INTJ	Oah_INTJ	وه	وه	w a h	CHECK	
23147	MISC_035	OpenClass	oh!	oh!	أَه!	JED		oh_INTJ	oh_INTJ	Oah_INTJ	وي	وي	w a y	READY	
23157	MISC_036	OpenClass	okay	ok	حَسَناً	JED		okay_INTJ	ok_NOUN	Hasan_NOUN	اوكي	اوكي	2 o k k ee	CHECK	Foreign
23158	MISC_036	OpenClass	okay	ok	حَسَناً	RIY		okay_INTJ	ok_NOUN	Hasan_NOUN	اوكي	اوكي	2 o k k ee	CHECK	Foreign
23179	MISC_036	OpenClass	okay	ok	حَسَناً	RIY		okay_INTJ	ok_NOUN	Hasan_NOUN	ايه	ايه	2 ii h	CHECK	
23180	MISC_036	OpenClass	okay	ok	حَسَناً	JED		okay_INTJ	ok_NOUN	Hasan_NOUN	ايوة	ايوة	2 ii w a	READY	
23221	MISC_036	OpenClass	okay	ok	حَسَناً	JED		okay_INTJ	ok_NOUN	Hasan_NOUN	طيب	طيب	t. a y y i b	READY	
23248	MISC_037	MixedClass	go out	sortir	خَرَج	JED		go_VERB out_PART	sortir_VERB	xuruwj_NOUN	خرج	خرج	kh a r a j	READY	
23249	MISC_037	MixedClass	go out	sortir	خَرَج	RIY		go_VERB out_PART	sortir_VERB	xuruwj_NOUN	خرج	خرج	kh a r a j	READY	
23269	MISC_037	MixedClass	go out	sortir	خَرَج	RIY		go_VERB out_PART	sortir_VERB	xuruwj_NOUN	طلع	طلع	t. a l a 3	READY	
23283	MISC_037	MixedClass	go out	sortir	خَرَج	JED		go_VERB out_PART	sortir_VERB	xuruwj_NOUN	طلع	طلع	t. i l i 3	READY	
23315	MISC_038	MixedClass	pardon , excuse me	pardon	عَفْواً	JED		pardon_NOUN , excuse_VERB i_PRON	pardon_INTJ	Eafow_NOUN	بعد اذنك	بعد اذن +ك	b a 3 a d # i z n a k	READY	
23328	MISC_038	MixedClass	pardon , excuse me	pardon	عَفْواً	JED		pardon_NOUN , excuse_VERB i_PRON	pardon_INTJ	Eafow_NOUN	عفوا	عفوا	3 a f w a n	READY	
23340	MISC_038	MixedClass	pardon , excuse me	pardon	عَفْواً	RIY		pardon_NOUN , excuse_VERB i_PRON	pardon_INTJ	Eafow_NOUN	عن اذنك	عن اذن +ك	3 a n # i dh n a k	READY	
23341	MISC_038	MixedClass	pardon , excuse me	pardon	عَفْواً	JED		pardon_NOUN , excuse_VERB i_PRON	pardon_INTJ	Eafow_NOUN	عن اذنك	عن اذن +ك	3 a n # i z n a k	READY	
23347	MISC_038	MixedClass	pardon , excuse me	pardon	عَفْواً	RIY		pardon_NOUN , excuse_VERB i_PRON	pardon_INTJ	Eafow_NOUN	لو سمحت	لو سمحت	l a w # s a m a 7 t	READY	
23367	MISC_039	MixedClass	percent	pour cent	بِ+ ال+ مِئَة	JED		percent_NOUN	pour_CCONJ cent_NUM	bi+_ADP Al+_DET miQap_NOUN	بالمية	ب+ ال+ مية	b i l m i y y a	READY	
23369	MISC_039	MixedClass	percent	pour cent	بِ+ ال+ مِئَة	RIY		percent_NOUN	pour_CCONJ cent_NUM	bi+_ADP Al+_DET miQap_NOUN	بالمية	ب+ ال+ مية	b i l m i y y a	READY	
23381	MISC_039	MixedClass	percent	pour cent	بِ+ ال+ مِئَة	JED		percent_NOUN	pour_CCONJ cent_NUM	bi+_ADP Al+_DET miQap_NOUN	في المية	في ال+ مية	f i # l m i y y a	CHECK	
23383	MISC_039	MixedClass	percent	pour cent	بِ+ ال+ مِئَة	RIY		percent_NOUN	pour_CCONJ cent_NUM	bi+_ADP Al+_DET miQap_NOUN	في المية	في ال+ مية	f i # l m i y y a	CHECK	
23398	MISC_042	MixedClass	quarter	quart	رُبُع	JED		quarter_NOUN	quart_NOUN	rubuE_DET	ربع	ربع	r u b 3	READY	
23400	MISC_042	MixedClass	quarter	quart	رُبُع	RIY		quarter_NOUN	quart_NOUN	rubuE_DET	ربع	ربع	r u b 3	READY	
23419	MISC_044	MixedClass	someone	quelqu'un	شَخْص ما	JED		someone_NOUN	quelqu'un_PRON	caxoS_NOUN mA_PRON	احد	احد	2 a 7 a d	READY	
23423	MISC_044	MixedClass	someone	quelqu'un	شَخْص ما	JED		someone_NOUN	quelqu'un_PRON	caxoS_NOUN mA_PRON	بني آدم	بني آدم	b a n i # 2 aa d a m	READY	
23448	MISC_044	MixedClass	someone	quelqu'un	شَخْص ما	RIY		someone_NOUN	quelqu'un_PRON	caxoS_NOUN mA_PRON	شخص	شخص	sh a kh s.	READY	
23473	MISC_044	MixedClass	someone	quelqu'un	شَخْص ما	JED		someone_NOUN	quelqu'un_PRON	caxoS_NOUN mA_PRON	واحد	واحد	w aa 7 i d	READY	
23477	MISC_044	MixedClass	someone	quelqu'un	شَخْص ما	RIY		someone_NOUN	quelqu'un_PRON	caxoS_NOUN mA_PRON	واحد	واحد	w aa 7 i d	READY	
23490	MISC_045	MixedClass	such	tel que	مِثْل	JED		such_ADJ	tel_DET que_ADV	mivol_NOUN	زي	زي	z a y y	READY	
23499	MISC_045	MixedClass	such	tel que	مِثْل	JED		such_ADJ	tel_DET que_ADV	mivol_NOUN	كان	ك+ ان	k a 2 a n n	READY	
23521	MISC_045	MixedClass	such	tel que	مِثْل	RIY		such_ADJ	tel_DET que_ADV	mivol_NOUN	مثل	مثل	m i th l	READY	
23549	MISC_046	OpenClass	uh!	euh!	آه!	JED		uh_ADV	euh_INTJ	Mh_VERB	ام	ام	2 a m. m.	READY	
23550	MISC_046	OpenClass	uh!	euh!	آه!	RIY		uh_ADV	euh_INTJ	Mh_VERB	ام	ام	2 a m. m.	READY	
23568	MISC_047	MixedClass	get up	se lever	ٱِسْتَيْقَظ	RIY		get_VERB up_PART	se_PRON lever_VERB	LisotayoqaZ_VERB	صحى	صحى	s. a 7 a	READY	
23575	MISC_047	MixedClass	get up	se lever	ٱِسْتَيْقَظ	JED		get_VERB up_PART	se_PRON lever_VERB	LisotayoqaZ_VERB	صحي	صحي	s. i 7 i	READY	
23577	MISC_047	MixedClass	get up	se lever	ٱِسْتَيْقَظ	RIY		get_VERB up_PART	se_PRON lever_VERB	LisotayoqaZ_VERB	صحي	صحي	s. i 7 i	READY	
23594	MISC_047	MixedClass	get up	se lever	ٱِسْتَيْقَظ	JED		get_VERB up_PART	se_PRON lever_VERB	LisotayoqaZ_VERB	قام	قام	g aa m	READY	
23596	MISC_047	MixedClass	get up	se lever	ٱِسْتَيْقَظ	RIY		get_VERB up_PART	se_PRON lever_VERB	LisotayoqaZ_VERB	قام	قام	g aa m	READY	
23620	MISC_048	MixedClass	what	quoi	ماذا	JED		what_ADV	quoi_PRON	mAVA_PRON	اش	اش	2 i sh	CHECK	
23625	MISC_048	MixedClass	what	quoi	ماذا	JED		what_ADV	quoi_PRON	mAVA_PRON	ايش	ايش	2 ee sh	READY	
23666	MISC_048	MixedClass	what	quoi	ماذا	RIY		what_ADV	quoi_PRON	mAVA_PRON	وش	وش	w i sh sh	READY	
23668	MISC_048	MixedClass	what	quoi	ماذا	RIY		what_ADV	quoi_PRON	mAVA_PRON	وشو	وشو	w i sh sh uu	CHECK	
23703	MISC_049	MixedClass	when	quand	مَتَى	RIY		when_ADV	quand_CCONJ	mataY_ADV	متى	متى	m a t a	READY	
23708	MISC_049	MixedClass	when	quand	مَتَى	JED		when_ADV	quand_CCONJ	mataY_ADV	متى	متى	m i t a	READY	
23757	MISC_050	MixedClass	which	quel	أَيّ	JED		which_ADV	quel_ADV	OayX_PRON	اي	اي	2 a y y	READY	
23759	MISC_050	MixedClass	which	quel	أَيّ	RIY		which_ADV	quel_ADV	OayX_PRON	اي	اي	2 a y y	READY	
23765	MISC_050	MixedClass	which	quel	أَيّ	JED		which_ADV	quel_ADV	OayX_PRON	اية	اية	2 a y y a t	READY	
23776	MISC_052	MixedClass	will , shall	aller	سَوْفَ ، سَ+	RIY		will_PART , shall_PART	aller_VERB	sa+_PART , sawofa_PART	ب+	ب+	b i	READY	
23795	MISC_052	MixedClass	will , shall	aller	سَوْفَ ، سَ+	JED		will_PART , shall_PART	aller_VERB	sa+_PART , sawofa_PART	ح+	ح+	7 a	CHECK	
23798	MISC_052	MixedClass	will , shall	aller	سَوْفَ ، سَ+	RIY		will_PART , shall_PART	aller_VERB	sa+_PART , sawofa_PART	ح+	ح+	7 a	CHECK	
23804	MISC_052	MixedClass	will , shall	aller	سَوْفَ ، سَ+	JED		will_PART , shall_PART	aller_VERB	sa+_PART , sawofa_PART	راح	راح	r aa 7	READY	
23833	MISC_055	OpenClass	wow	wouaou	واو	JED		wow_NOUN	wouaou_INTJ	wAw_NOUN	الله	الله	2 a l. l. aa h	READY	
23846	MISC_055	OpenClass	wow	wouaou	واو	RIY		wow_NOUN	wouaou_INTJ	wAw_NOUN	هو	هو	h a w	READY	
23861	MISC_055	OpenClass	wow	wouaou	واو	JED		wow_NOUN	wouaou_INTJ	wAw_NOUN	واو	واو	w aa w	READY	
23865	MISC_055	OpenClass	wow	wouaou	واو	JED		wow_NOUN	wouaou_INTJ	wAw_NOUN	وه	وه	w a h	CHECK	
23866	MISC_055	OpenClass	wow	wouaou	واو	RIY		wow_NOUN	wouaou_INTJ	wAw_NOUN	يا زينه	يا زين +ه	y aa # z ii n a	READY	
23889	MISC_058	OpenClass	yes , yeah	oui , ouais	نَعَم ، أَجَل	RIY		yes_INTJ , yeah_INTJ	oui_INTJ , ouais_INTJ	naEam_INTJ , Oajal_INTJ	اي	اي	2 ii	READY	
23900	MISC_058	OpenClass	yes , yeah	oui , ouais	نَعَم ، أَجَل	JED		yes_INTJ , yeah_INTJ	oui_INTJ , ouais_INTJ	naEam_INTJ , Oajal_INTJ	ايوة	ايوة	2 ii w a	READY	
23913	MISC_058	OpenClass	yes , yeah	oui , ouais	نَعَم ، أَجَل	RIY		yes_INTJ , yeah_INTJ	oui_INTJ , ouais_INTJ	naEam_INTJ , Oajal_INTJ	سم	سم	s a m m	READY	
23922	MISC_058	OpenClass	yes , yeah	oui , ouais	نَعَم ، أَجَل	JED		yes_INTJ , yeah_INTJ	oui_INTJ , ouais_INTJ	naEam_INTJ , Oajal_INTJ	نعم	نعم	n a 3 a m	READY	
23926	MISC_058	OpenClass	yes , yeah	oui , ouais	نَعَم ، أَجَل	RIY		yes_INTJ , yeah_INTJ	oui_INTJ , ouais_INTJ	naEam_INTJ , Oajal_INTJ	نعم	نعم	n a 3 a m	READY	
23962	NUM_001	MixedClass	zero , o	zéro	صِفْر	JED	0	zero_NUM , o_NOUN	zéro_NUM	Sifor_NUM	صفر	صفر	s. i f i r	READY	
23970	NUM_001	MixedClass	zero , o	zéro	صِفْر	RIY	0	zero_NUM , o_NOUN	zéro_NUM	Sifor_NUM	صفر	صفر	s. i f r	READY	
23973	NUM_001	MixedClass	zero , o	zéro	صِفْر	JED	0	zero_NUM , o_NOUN	zéro_NUM	Sifor_NUM	صفر	صفر	s. u f u r	READY	
23993	NUM_002	ClosedClass	one	un	واحِد	JED	1	one_NUM	un_NUM	wAHid_NUM	واحد	واحد	w aa 7 i d	READY	
23997	NUM_002	ClosedClass	one	un	واحِد	RIY	1	one_NUM	un_NUM	wAHid_NUM	واحد	واحد	w aa 7 i d	READY	
24009	NUM_003	ClosedClass	two	deux	إثْنَان	JED	2	two_NUM	deux_NUM	Livon_NUM	اثنين	اثنين	2 i t n ee n	READY	
24018	NUM_003	ClosedClass	two	deux	إثْنَان	RIY	2	two_NUM	deux_NUM	Livon_NUM	اثنين	اثنين	2 i th n ee n	READY	
24024	NUM_003	ClosedClass	two	deux	إثْنَان	RIY	2	two_NUM	deux_NUM	Livon_NUM	اثنين	اثنين	th n ee n	READY	
24033	NUM_003	ClosedClass	two	deux	إثْنَان	RIY	2	two_NUM	deux_NUM	Livon_NUM	ثنتين	ثنتين	th i n t ee n	READY	
24046	NUM_004	ClosedClass	three	trois	ثَلاثَة	RIY	3	three_NUM	trois_NUM	valAv_NUM	ثلاث	ثلاث	th a l aa th	READY	
24054	NUM_004	ClosedClass	three	trois	ثَلاثَة	JED	3	three_NUM	trois_NUM	valAv_NUM	ثلاثة	ثلاثة	t a l aa t a	READY	
24071	NUM_004	ClosedClass	three	trois	ثَلاثَة	RIY	3	three_NUM	trois_NUM	valAv_NUM	ثلاثة	ثلاثة	th a l aa th a	READY	
24085	NUM_005	ClosedClass	four	quatre	أَرْبَعَة	RIY	4	four_NUM	quatre_NUM	OarobaE_NUM	اربع	اربع	2 a r b a 3	READY	
24092	NUM_005	ClosedClass	four	quatre	أَرْبَعَة	RIY	4	four_NUM	quatre_NUM	OarobaE_NUM	اربعة	اربعة	2 a r b 3 a	READY	
24103	NUM_005	ClosedClass	four	quatre	أَرْبَعَة	JED	4	four_NUM	quatre_NUM	OarobaE_NUM	اربعة	اربعة	2 a r b a 3 a	READY	
24122	NUM_006	ClosedClass	five	cinq	خَمْسَة	RIY	5	five_NUM	cinq_NUM	xamos_NUM	خمس	خمس	kh a m s	READY	
24131	NUM_006	ClosedClass	five	cinq	خَمْسَة	JED	5	five_NUM	cinq_NUM	xamos_NUM	خمسة	خمسة	kh a m s a	READY	
24136	NUM_006	ClosedClass	five	cinq	خَمْسَة	RIY	5	five_NUM	cinq_NUM	xamos_NUM	خمسة	خمسة	kh a m s a	READY	
24155	NUM_007	ClosedClass	six	six	سِتَّة	RIY	6	six_NUM	six_NUM	sitX_NUM	ست	ست	s i t t	READY	
24167	NUM_007	ClosedClass	six	six	سِتَّة	JED	6	six_NUM	six_NUM	sitX_NUM	ستة	ستة	s i t t a	READY	
24171	NUM_007	ClosedClass	six	six	سِتَّة	RIY	6	six_NUM	six_NUM	sitX_NUM	ستة	ستة	s i t t a	READY	
24182	NUM_008	ClosedClass	seven	sept	سَبْعَة	RIY	7	seven_NUM	sept_NUM	saboE_NUM	سبع	سبع	s a b 3	READY	
24203	NUM_008	ClosedClass	seven	sept	سَبْعَة	JED	7	seven_NUM	sept_NUM	saboE_NUM	سبعة	سبعة	s a b 3 a	READY	
24207	NUM_008	ClosedClass	seven	sept	سَبْعَة	RIY	7	seven_NUM	sept_NUM	saboE_NUM	سبعة	سبعة	s a b 3 a	READY	
24226	NUM_009	ClosedClass	eight	huit	ثَمانِيَة	RIY	8	eight_NUM	huit_NUM	vamAniy_NUM	ثمان	ثمان	th m aa n	READY	
24241	NUM_009	ClosedClass	eight	huit	ثَمانِيَة	JED	8	eight_NUM	huit_NUM	vamAniy_NUM	ثمانية	ثمانية	t a m a n y a	READY	
24263	NUM_009	ClosedClass	eight	huit	ثَمانِيَة	RIY	8	eight_NUM	huit_NUM	vamAniy_NUM	ثمانية	ثمانية	th m aa n y a	READY	
24267	NUM_010	ClosedClass	nine	neuf	تِسْعَة	RIY	9	nine_NUM	neuf_NUM	tisoE_NUM	تسع	تسع	t i s 3	READY	
24284	NUM_010	ClosedClass	nine	neuf	تِسْعَة	JED	9	nine_NUM	neuf_NUM	tisoE_NUM	تسعة	تسعة	t i s 3 a	READY	
24289	NUM_010	ClosedClass	nine	neuf	تِسْعَة	RIY	9	nine_NUM	neuf_NUM	tisoE_NUM	تسعة	تسعة	t i s 3 a	READY	
24303	NUM_011	ClosedClass	ten	dix	عَشَرَة	RIY	10	ten_NUM	dix_NUM	Eacar_NUM	عشر	عشر	3 a sh a r	READY	
24314	NUM_011	ClosedClass	ten	dix	عَشَرَة	JED	10	ten_NUM	dix_NUM	Eacar_NUM	عشرة	عشرة	3 a sh a r a	READY	
24318	NUM_011	ClosedClass	ten	dix	عَشَرَة	RIY	10	ten_NUM	dix_NUM	Eacar_NUM	عشرة	عشرة	3 a sh a r a	READY	
24335	NUM_011	ClosedClass	ten	dix	عَشَرَة	RIY	10	ten_NUM	dix_NUM	Eacar_NUM	عشرة	عشرة	3 a sh r a	READY	
24340	NUM_012	ClosedClass	eleven	onze	أَحَد عَشَر	JED	11	eleven_NUM	onze_NUM	OaHad_NUM Eacar_NUM	احدعش	احدعش	2 i 7 d a 3 sh	READY	
24342	NUM_012	ClosedClass	eleven	onze	أَحَد عَشَر	RIY	11	eleven_NUM	onze_NUM	OaHad_NUM Eacar_NUM	احدعش	احدعش	2 i 7 d a 3 sh	READY	
24352	NUM_012	ClosedClass	eleven	onze	أَحَد عَشَر	RIY	11	eleven_NUM	onze_NUM	OaHad_NUM Eacar_NUM	احدعش	احدعش	7 d a 3 sh	READY	
24396	NUM_013	ClosedClass	twelve	douze	إثْنَا عَشَر	JED	12	twelve_NUM	douze_NUM	Livon_NUM Eacar_NUM	اثنعش	اثنعش	2 i t. n a 3 sh	READY	
24415	NUM_013	ClosedClass	twelve	douze	إثْنَا عَشَر	RIY	12	twelve_NUM	douze_NUM	Livon_NUM Eacar_NUM	اثنعش	اثنعش	th n a 3 sh	READY	
24445	NUM_014	ClosedClass	thirteen	treize	ثَلاثَة عَشَر	JED	13	thirteen_NUM	treize_NUM	valAv_NUM Eacar_NUM	ثلاثتعش	ثلاثتعش	t. a l a t. t. a 3 sh	READY	
24451	NUM_014	ClosedClass	thirteen	treize	ثَلاثَة عَشَر	RIY	13	thirteen_NUM	treize_NUM	valAv_NUM Eacar_NUM	ثلاثتعش	ثلاثتعش	th a l a t. t. a 3 sh	READY	
24488	NUM_015	ClosedClass	fourteen	quatorze	أَرْبَعَة عَشَر	JED	14	fourteen_NUM	quatorze_NUM	OarobaE_NUM Eacar_NUM	اربعتعش	اربعتعش	2 a r b a 3 t. a 3 sh	READY	
24490	NUM_015	ClosedClass	fourteen	quatorze	أَرْبَعَة عَشَر	RIY	14	fourteen_NUM	quatorze_NUM	OarobaE_NUM Eacar_NUM	اربعتعش	اربعتعش	2 a r b a 3 t. a 3 sh	READY	
24523	NUM_016	ClosedClass	fifteen	quinze	خَمْسَة عَشَر	RIY	15	fifteen_NUM	quinze_NUM	xamos_NUM Eacar_NUM	خمستعش	خمستعش	kh a m a s t. a 3 sh	READY	
24535	NUM_016	ClosedClass	fifteen	quinze	خَمْسَة عَشَر	JED	15	fifteen_NUM	quinze_NUM	xamos_NUM Eacar_NUM	خمستعش	خمستعش	kh a m i s t. a 3 sh	READY	
24536	NUM_016	ClosedClass	fifteen	quinze	خَمْسَة عَشَر	RIY	15	fifteen_NUM	quinze_NUM	xamos_NUM Eacar_NUM	خمستعش	خمستعش	kh a m i s t. a 3 sh	READY	
24585	NUM_017	ClosedClass	sixteen	seize	سِتَّة عَشَر	JED	16	sixteen_NUM	seize_NUM	sitX_NUM Eacar_NUM	ستتعش	ستتعش	s i t. t. a 3 sh	READY	
24586	NUM_017	ClosedClass	sixteen	seize	سِتَّة عَشَر	RIY	16	sixteen_NUM	seize_NUM	sitX_NUM Eacar_NUM	ستتعش	ستتعش	s i t. t. a 3 sh	READY	
24618	NUM_018	ClosedClass	seventeen	dix-sept	سَبْعَة عَشَر	JED	17	seventeen_NUM	dix-sept_NUM	saboE_NUM Eacar_NUM	سبعتعش	سبعتعش	s a b a 3 t. a 3 sh	READY	
24633	NUM_018	ClosedClass	seventeen	dix-sept	سَبْعَة عَشَر	RIY	17	seventeen_NUM	dix-sept_NUM	saboE_NUM Eacar_NUM	سبعتعش	سبعتعش	s a b i 3 t. a 3 sh	READY	
24653	NUM_019	ClosedClass	eighteen	dix-huit	ثَمانِيَة عَشَر	JED	18	eighteen_NUM	dix-huit_NUM	vamAniy_NUM Eacar_NUM	ثمانتعش	ثمانتعش	t a m a n t. a 3 sh	READY	
24669	NUM_019	ClosedClass	eighteen	dix-huit	ثَمانِيَة عَشَر	RIY	18	eighteen_NUM	dix-huit_NUM	vamAniy_NUM Eacar_NUM	ثمانتعش	ثمانتعش	th m a n t. a 3 sh	READY	
24698	NUM_020	ClosedClass	nineteen	dix-neuf	تِسْعَة عَشَر	JED	19	nineteen_NUM	dix-neuf_NUM	tisoE_NUM Eacar_NUM	تسعتعش	تسعتعش	t i s a 3 t. a 3 sh	READY	
24700	NUM_020	ClosedClass	nineteen	dix-neuf	تِسْعَة عَشَر	RIY	19	nineteen_NUM	dix-neuf_NUM	tisoE_NUM Eacar_NUM	تسعتعش	تسعتعش	t i s a 3 t. a 3 sh	READY	
24710	NUM_020	ClosedClass	nineteen	dix-neuf	تِسْعَة عَشَر	RIY	19	nineteen_NUM	dix-neuf_NUM	tisoE_NUM Eacar_NUM	تسعتعش	تسعتعش	t s a 3 t. a 3 sh	READY	
24757	NUM_021	ClosedClass	twenty	vingt	عِشْرُون	JED	20	twenty_NUM	vingt_NUM	Eicoruwn_NUM	عشرين	عشرين	3 i sh r ii n	READY	
24761	NUM_021	ClosedClass	twenty	vingt	عِشْرُون	RIY	20	twenty_NUM	vingt_NUM	Eicoruwn_NUM	عشرين	عشرين	3 i sh r ii n	READY	
24783	NUM_022	ClosedClass	twenty-one	vingt-et-un	واحد وَ+ عِشْرُون	JED	21	twenty-one_NUM	vingt-et-un_NUM	wAHid_NUM wa+_CCONJ Eicoruwn_NUM	واحد وعشرين	واحد و+ عشرين	w aa 7 i d # u 3 i sh r ii n	READY	
24784	NUM_022	ClosedClass	twenty-one	vingt-et-un	واحد وَ+ عِشْرُون	RIY	21	twenty-one_NUM	vingt-et-un_NUM	wAHid_NUM wa+_CCONJ Eicoruwn_NUM	واحد وعشرين	واحد و+ عشرين	w aa 7 i d # u 3 i sh r ii n	READY	
24797	NUM_023	ClosedClass	twenty-two	vingt-deux	إٍثْنَان وَ+ عِشْرُون	JED	22	twenty-two_NUM	vingt-deux_NUM	Livon_NUM wa+_CCONJ Eicoruwn_NUM	اثنين وعشرين	اثنين و+ عشرين	2 i t n ee n # u 3 i sh r ii n	READY	
24812	NUM_023	ClosedClass	twenty-two	vingt-deux	إٍثْنَان وَ+ عِشْرُون	RIY	22	twenty-two_NUM	vingt-deux_NUM	Livon_NUM wa+_CCONJ Eicoruwn_NUM	اثنين وعشرين	اثنين و+ عشرين	th n ee n # u 3 i sh r ii n	READY	
24824	NUM_024	ClosedClass	twenty-three	vingt-trois	ثَلاثَة وَ+ عِشْرُون	JED	23	twenty-three_NUM	vingt-trois_NUM	valAv_NUM wa+_CCONJ Eicoruwn_NUM	ثلاثة وعشرين	ثلاثة و+ عشرين	t a l aa t a # w 3 i sh r ii n	READY	
24848	NUM_024	ClosedClass	twenty-three	vingt-trois	ثَلاثَة وَ+ عِشْرُون	RIY	23	twenty-three_NUM	vingt-trois_NUM	valAv_NUM wa+_CCONJ Eicoruwn_NUM	ثلاثة وعشرين	ثلاثة و+ عشرين	th l aa th a # w 3 i sh r ii n	CHECK	
24857	NUM_025	ClosedClass	twenty-four	vingt-quatre	أَرْبَعَة وَ+ عِشْرُون	RIY	24	twenty-four_NUM	vingt-quatre_NUM	OarobaE_NUM wa+_CCONJ Eicoruwn_NUM	اربعة وعشرين	اربعة و+ عشرين	2 a r b 3 a # w 3 i sh r ii n	READY	
24863	NUM_025	ClosedClass	twenty-four	vingt-quatre	أَرْبَعَة وَ+ عِشْرُون	JED	24	twenty-four_NUM	vingt-quatre_NUM	OarobaE_NUM wa+_CCONJ Eicoruwn_NUM	اربعة وعشرين	اربعة و+ عشرين	2 a r b a 3 a # w 3 i sh r ii n	READY	
24866	NUM_025	ClosedClass	twenty-four	vingt-quatre	أَرْبَعَة وَ+ عِشْرُون	RIY	24	twenty-four_NUM	vingt-quatre_NUM	OarobaE_NUM wa+_CCONJ Eicoruwn_NUM	اربعة وعشرين	اربعة و+ عشرين	2 a r b a 3 a # w 3 i sh r ii n	READY	
24885	NUM_026	ClosedClass	twenty-five	vingt-cinq	خَمْسَة وَ+ عِشْرُون	JED	25	twenty-five_NUM	vingt-cinq_NUM	xamos_NUM wa+_CCONJ Eicoruwn_NUM	خمسة وعشرين	خمسة و+ عشرين	kh a m s a # w 3 i sh r ii n	READY	
24888	NUM_026	ClosedClass	twenty-five	vingt-cinq	خَمْسَة وَ+ عِشْرُون	RIY	25	twenty-five_NUM	vingt-cinq_NUM	xamos_NUM wa+_CCONJ Eicoruwn_NUM	خمسة وعشرين	خمسة و+ عشرين	kh a m s a # w 3 i sh r ii n	READY	
24910	NUM_027	ClosedClass	twenty-six	vingt-six	سِتَّة وَ+ عِشْرُون	JED	26	twenty-six_NUM	vingt-six_NUM	sitX_NUM wa+_CCONJ Eicoruwn_NUM	ستة وعشرين	ستة و+ عشرين	s i t t a # w 3 i sh r ii n	READY	
24913	NUM_027	ClosedClass	twenty-six	vingt-six	سِتَّة وَ+ عِشْرُون	RIY	26	twenty-six_NUM	vingt-six_NUM	sitX_NUM wa+_CCONJ Eicoruwn_NUM	ستة وعشرين	ستة و+ عشرين	s i t t a # w 3 i sh r ii n	READY	
24933	NUM_028	ClosedClass	twenty-seven	vingt-sept	سَبْعَة وَ+ عِشْرُون	JED	27	twenty-seven_NUM	vingt-sept_NUM	saboE_NUM wa+_CCONJ Eicoruwn_NUM	سبعة وعشرين	سبعة و+ عشرين	s a b 3 a # w 3 i sh r ii n	READY	
24937	NUM_028	ClosedClass	twenty-seven	vingt-sept	سَبْعَة وَ+ عِشْرُون	RIY	27	twenty-seven_NUM	vingt-sept_NUM	saboE_NUM wa+_CCONJ Eicoruwn_NUM	سبعة وعشرين	سبعة و+ عشرين	s a b 3 a # w 3 i sh r ii n	READY	
24962	NUM_029	ClosedClass	twenty-eight	vingt-huit	ثَمانِيَة وَ+ عِشْرُون	JED	28	twenty-eight_NUM	vingt-huit_NUM	vamAniy_NUM wa+_CCONJ Eicoruwn_NUM	ثمانية وعشرين	ثمانية و+ عشرين	t a m a n y a # w 3 i sh r ii n	READY	
24981	NUM_029	ClosedClass	twenty-eight	vingt-huit	ثَمانِيَة وَ+ عِشْرُون	RIY	28	twenty-eight_NUM	vingt-huit_NUM	vamAniy_NUM wa+_CCONJ Eicoruwn_NUM	ثمانية وعشرين	ثمانية و+ عشرين	th m a n y a # w 3 i sh r ii n	READY	
24993	NUM_030	ClosedClass	twenty-nine	vingt-neuf	تِسْعَة وَ+ عِشْرُون	JED	29	twenty-nine_NUM	vingt-neuf_NUM	tisoE_NUM wa+_CCONJ Eicoruwn_NUM	تسعة وعشرين	تسعة و+ عشرين	t i s 3 a # w 3 i sh r ii n	READY	
24997	NUM_030	ClosedClass	twenty-nine	vingt-neuf	تِسْعَة وَ+ عِشْرُون	RIY	29	twenty-nine_NUM	vingt-neuf_NUM	tisoE_NUM wa+_CCONJ Eicoruwn_NUM	تسعة وعشرين	تسعة و+ عشرين	t i s 3 a # w 3 i sh r ii n	READY	
25015	NUM_031	ClosedClass	thirty	trente	ثَلاثُون	JED	30	thirty_NUM	trente_NUM	valAvuwn_NUM	ثلاثين	ثلاثين	t a l a t ii n	READY	
25037	NUM_031	ClosedClass	thirty	trente	ثَلاثُون	RIY	30	thirty_NUM	trente_NUM	valAvuwn_NUM	ثلاثين	ثلاثين	th l aa th ii n	READY	
25044	NUM_032	ClosedClass	forty	quarante	أَرْبَعُون	RIY	40	forty_NUM	quarante_NUM	OarobaEuwn_NUM	اربعين	اربعين	2 a r b 3 ii n	READY	
25051	NUM_032	ClosedClass	forty	quarante	أَرْبَعُون	JED	40	forty_NUM	quarante_NUM	OarobaEuwn_NUM	اربعين	اربعين	2 a r b a 3 ii n	READY	
25053	NUM_032	ClosedClass	forty	quarante	أَرْبَعُون	RIY	40	forty_NUM	quarante_NUM	OarobaEuwn_NUM	اربعين	اربعين	2 a r b a 3 ii n	READY	
25079	NUM_033	ClosedClass	fifty	cinquante	خَمْسُون	JED	50	fifty_NUM	cinquante_NUM	xamosuwn_NUM	خمسين	خمسين	kh a m s ii n	READY	
25084	NUM_033	ClosedClass	fifty	cinquante	خَمْسُون	RIY	50	fifty_NUM	cinquante_NUM	xamosuwn_NUM	خمسين	خمسين	kh a m s ii n	READY	
25107	NUM_034	ClosedClass	sixty	soixante	سِتُّون	JED	60	sixty_NUM	soixante_NUM	sitXuwn_NUM	ستين	ستين	s i t t ii n	READY	
25112	NUM_034	ClosedClass	sixty	soixante	سِتُّون	RIY	60	sixty_NUM	soixante_NUM	sitXuwn_NUM	ستين	ستين	s i t t ii n	READY	
25129	NUM_035	ClosedClass	seventy	soixante-dix	سَبْعُون	JED	70	seventy_NUM	soixante-dix_NUM	saboEuwn_NUM	سبعين	سبعين	s a b 3 ii n	READY	
25134	NUM_035	ClosedClass	seventy	soixante-dix	سَبْعُون	RIY	70	seventy_NUM	soixante-dix_NUM	saboEuwn_NUM	سبعين	سبعين	s a b 3 ii n	READY	
25148	NUM_036	ClosedClass	eighty	quatre-vingts	ثَمانُون	JED	80	eighty_NUM	quatre-vingts_NUM	vamAnuwn_NUM	ثمانين	ثمانين	t a m a n ii n	READY	
25152	NUM_036	ClosedClass	eighty	quatre-vingts	ثَمانُون	JED	80	eighty_NUM	quatre-vingts_NUM	vamAnuwn_NUM	ثمانين	ثمانين	t a m aa n ii n	READY	
25168	NUM_036	ClosedClass	eighty	quatre-vingts	ثَمانُون	RIY	80	eighty_NUM	quatre-vingts_NUM	vamAnuwn_NUM	ثمانين	ثمانين	th m aa n ii n	READY	
25186	NUM_037	ClosedClass	ninety	quatre-vingt-dix	تِسْعُون	JED	90	ninety_NUM	quatre-vingt-dix_NUM	tisoEuwn_NUM	تسعين	تسعين	t i s 3 ii n	READY	
25191	NUM_037	ClosedClass	ninety	quatre-vingt-dix	تِسْعُون	RIY	90	ninety_NUM	quatre-vingt-dix_NUM	tisoEuwn_NUM	تسعين	تسعين	t i s 3 ii n	READY	
25210	NUM_038	ClosedClass	one hundred	cent	مِئَة	JED	100	one_NUM hundred_NUM	cent_NUM	miQap_NUM	مية	مية	m i y y a	READY	
25213	NUM_038	ClosedClass	one hundred	cent	مِئَة	RIY	100	one_NUM hundred_NUM	cent_NUM	miQap_NUM	مية	مية	m i y y a	READY	
25239	NUM_039	ClosedClass	one thousand	mille	أَلْف	JED	1000	one_NUM thousand_NUM	mille_NUM	Oalof_NUM	الف	الف	2 a l f	READY	
25243	NUM_039	ClosedClass	one thousand	mille	أَلْف	RIY	1000	one_NUM thousand_NUM	mille_NUM	Oalof_NUM	الف	الف	2 a l f	READY	
25259	NUM_040	ClosedClass	ten thousand	dix-mille	عَشَرَة آلاف	JED	10000	ten_NUM thousand_NUM	dix-mille_NUM	Eacar_NUM Oalof_NUM	عشر آلاف	عشر آلاف	3 a sh a r # aa l aa f	READY	
25260	NUM_040	ClosedClass	ten thousand	dix-mille	عَشَرَة آلاف	RIY	10000	ten_NUM thousand_NUM	dix-mille_NUM	Eacar_NUM Oalof_NUM	عشر آلاف	عشر آلاف	3 a sh a r # aa l aa f	READY	
25293	NUM_041	ClosedClass	one hundred thousand	cent-mille	مِئَة أَلْف	JED	100000	one_NUM hundred_NUM thousand_NUM	cent-mille_NUM	miQap_NUM Oalof_NUM	مية الف	مية الف	m i y y a t # a l f	READY	
25294	NUM_041	ClosedClass	one hundred thousand	cent-mille	مِئَة أَلْف	RIY	100000	one_NUM hundred_NUM thousand_NUM	cent-mille_NUM	miQap_NUM Oalof_NUM	مية الف	مية الف	m i y y a t # a l f	READY	
25309	NUM_041	ClosedClass	one hundred thousand	cent-mille	مِئَة أَلْف	JED	100000	one_NUM hundred_NUM thousand_NUM	cent-mille_NUM	miQap_NUM Oalof_NUM	مية الف	مية الف	m ii t # a l f	READY	
25311	NUM_041	ClosedClass	one hundred thousand	cent-mille	مِئَة أَلْف	RIY	100000	one_NUM hundred_NUM thousand_NUM	cent-mille_NUM	miQap_NUM Oalof_NUM	مية الف	مية الف	m ii t # a l f	READY	
25337	NUM_042	ClosedClass	one million	million	مِلْيُون	JED	1000000	one_NUM million_NUM	million_NUM	miloyuwn_NUM	مليون	مليون	m i l y oo n	READY	
25339	NUM_042	ClosedClass	one million	million	مِلْيُون	RIY	1000000	one_NUM million_NUM	million_NUM	miloyuwn_NUM	مليون	مليون	m i l y oo n	READY	
25362	NUM_043	ClosedClass	one billion	milliard	بِلْيُون	JED	10000000	one_NUM billion_NUM	milliard_NUM	biloyuwn_NUM	بليون	بليون	b i l y oo n	READY	
25363	NUM_043	ClosedClass	one billion	milliard	بِلْيُون	RIY	10000000	one_NUM billion_NUM	milliard_NUM	biloyuwn_NUM	بليون	بليون	b i l y oo n	READY	
25379	NUM_044	MixedClass	zeroth	zéro	ال+ صِفْر	JED	0th	zeroth_ADJ	zéro_NUM	Sifor_NUM	الصفر	ال+ صفر	2 a s. s. i f i r	READY	
25381	NUM_044	MixedClass	zeroth	zéro	ال+ صِفْر	RIY	0th	zeroth_ADJ	zéro_NUM	Sifor_NUM	الصفر	ال+ صفر	2 a s. s. i f r	READY	
25384	NUM_044	MixedClass	zeroth	zéro	ال+ صِفْر	JED	0th	zeroth_ADJ	zéro_NUM	Sifor_NUM	الصفر	ال+ صفر	2 a s. s. u f u r	READY	
25410	NUM_045	MixedClass	first	premier	ال+ أَوَّل	JED	1st	first_ADJ	premier_NUM	Al+_DET OawXal_NUM	الاول	ال+ اول	2 a l 2 a w w a l	READY	
25412	NUM_045	MixedClass	first	premier	ال+ أَوَّل	RIY	1st	first_ADJ	premier_NUM	Al+_DET OawXal_NUM	الاول	ال+ اول	2 a l 2 a w w a l	READY	
25442	NUM_046	MixedClass	second	deuxième	ال+ ثانِي	JED	2nd	second_ADJ	deuxième_NUM	Al+_DET vAniy_NUM	الثاني	ال+ ثاني	2 a t t aa n i	READY	
25444	NUM_046	MixedClass	second	deuxième	ال+ ثانِي	RIY	2nd	second_ADJ	deuxième_NUM	Al+_DET vAniy_NUM	الثاني	ال+ ثاني	2 a th th aa n i	READY	
25481	NUM_047	MixedClass	third	troisième	ال+ ثالِث	JED	3rd	third_ADJ	troisième_NUM	Al+_DET vAliv_NUM	الثالث	ال+ ثالث	2 a t t aa l i t	READY	
25483	NUM_047	MixedClass	third	troisième	ال+ ثالِث	RIY	3rd	third_ADJ	troisième_NUM	Al+_DET vAliv_NUM	الثالث	ال+ ثالث	2 a th th aa l i th	READY	
25514	NUM_048	MixedClass	fourth	quatrième	ال+ رابِع	JED	4th	fourth_ADJ	quatrième_NUM	Al+_DET rAbiE_NUM	الرابع	ال+ رابع	2 a r r aa b i 3	READY	
25516	NUM_048	MixedClass	fourth	quatrième	ال+ رابِع	RIY	4th	fourth_ADJ	quatrième_NUM	Al+_DET rAbiE_NUM	الرابع	ال+ رابع	2 a r r aa b i 3	READY	
25540	NUM_049	MixedClass	fifth	cinquième	ال+ خامِس	JED	5th	fifth_ADJ	cinquième_NUM	Al+_DET xAmis_NUM	الخامس	ال+ خامس	2 a l kh aa m i s	READY	
25543	NUM_049	MixedClass	fifth	cinquième	ال+ خامِس	RIY	5th	fifth_ADJ	cinquième_NUM	Al+_DET xAmis_NUM	الخامس	ال+ خامس	2 a l kh aa m i s	READY	
25569	NUM_050	MixedClass	sixth	sixième	ال+ سادِس	JED	6th	sixth_ADJ	sixième_NUM	Al+_DET sAdis_NUM	السادس	ال+ سادس	2 a s s aa d i s	READY	
25572	NUM_050	MixedClass	sixth	sixième	ال+ سادِس	RIY	6th	sixth_ADJ	sixième_NUM	Al+_DET sAdis_NUM	السادس	ال+ سادس	2 a s s aa d i s	READY	
25598	NUM_051	MixedClass	seventh	septième	ال+ سابِع	JED	7th	seventh_ADJ	septième_NUM	Al+_DET sAbiE_NUM	السابع	ال+ سابع	2 a s s aa b i 3	READY	
25601	NUM_051	MixedClass	seventh	septième	ال+ سابِع	RIY	7th	seventh_ADJ	septième_NUM	Al+_DET sAbiE_NUM	السابع	ال+ سابع	2 a s s aa b i 3	READY	
25625	NUM_052	MixedClass	eighth	huitième	ال+ ثامِن	JED	8th	eighth_ADJ	huitième_NUM	Al+_DET vAmin_NUM	الثامن	ال+ ثامن	2 a t t aa m i n	READY	
25627	NUM_052	MixedClass	eighth	huitième	ال+ ثامِن	RIY	8th	eighth_ADJ	huitième_NUM	Al+_DET vAmin_NUM	الثامن	ال+ ثامن	2 a th th aa m i n	READY	
25658	NUM_053	MixedClass	ninth	neuvième	ال+ تاسِع	JED	9th	ninth_ADJ	neuvième_NUM	Al+_DET tAsiE_NUM	التاسع	ال+ تاسع	2 a t t aa s i 3	READY	
25661	NUM_053	MixedClass	ninth	neuvième	ال+ تاسِع	RIY	9th	ninth_ADJ	neuvième_NUM	Al+_DET tAsiE_NUM	التاسع	ال+ تاسع	2 a t t aa s i 3	READY	
25685	NUM_054	MixedClass	tenth	dixième	ال+ عاشِر	JED	10th	tenth_ADJ	dixième_NUM	Al+_DET EAcir_NUM	العاشر	ال+ عاشر	2 a l 3 aa sh i r	READY	
25688	NUM_054	MixedClass	tenth	dixième	ال+ عاشِر	RIY	10th	tenth_ADJ	dixième_NUM	Al+_DET EAcir_NUM	العاشر	ال+ عاشر	2 a l 3 aa sh i r	READY	
25710	NUM_055	MixedClass	eleventh	onzième	ال+ حادِي عَشَر	RIY	11th	eleventh_ADJ	onzième_NUM	Al+_DET HAdiy_NUM Eacar_NUM	الاحدعش	ال+ احدعش	2 a l 7 d a 3 sh	READY	
25711	NUM_055	MixedClass	eleventh	onzième	ال+ حادِي عَشَر	JED	11th	eleventh_ADJ	onzième_NUM	Al+_DET HAdiy_NUM Eacar_NUM	الاحدعش	ال+ احدعش	2 a l i 7 d a 3 a sh	READY	
25712	NUM_055	MixedClass	eleventh	onzième	ال+ حادِي عَشَر	RIY	11th	eleventh_ADJ	onzième_NUM	Al+_DET HAdiy_NUM Eacar_NUM	الاحدعش	ال+ احدعش	2 a l i 7 d a 3 sh	READY	
25752	NUM_056	MixedClass	twelfth	douzième	ال+ ثانِي عَشَر	JED	12th	twelfth_ADJ	douzième_NUM	Al+_DET vAniy_NUM Eacar_NUM	الاثنعش	ال+ اثنعش	2 a l i t. n a 3 sh	READY	
25753	NUM_056	MixedClass	twelfth	douzième	ال+ ثانِي عَشَر	RIY	12th	twelfth_ADJ	douzième_NUM	Al+_DET vAniy_NUM Eacar_NUM	الاثنعش	ال+ اثنعش	2 a l i th n a 3 sh	READY	
25784	NUM_057	MixedClass	thirteenth	treizième	ال+ ثالِث عَشَر	RIY	13th	thirteenth_ADJ	treizième_NUM	Al+_DET vAliv_NUM Eacar_NUM	الثلاثتعش	ال+ ثلاثتعش	2 a th th a l a t. t. a 3 sh	READY	
25809	NUM_057	MixedClass	thirteenth	treizième	ال+ ثالِث عَشَر	JED	13th	thirteenth_ADJ	treizième_NUM	Al+_DET vAliv_NUM Eacar_NUM	ثلاثتعش	ثلاثتعش	t. a l a t. t. a 3 sh	READY	
25818	NUM_058	MixedClass	fourteenth	quatorzième	ال+ رابِع عَشَر	JED	14th	fourteenth_ADJ	quatorzième_NUM	Al+_DET rAbiE_NUM Eacar_NUM	الاربعتعش	ال+ اربعتعش	2 a l a r b a 3 t. a 3 sh	READY	
25819	NUM_058	MixedClass	fourteenth	quatorzième	ال+ رابِع عَشَر	RIY	14th	fourteenth_ADJ	quatorzième_NUM	Al+_DET rAbiE_NUM Eacar_NUM	الاربعتعش	ال+ اربعتعش	2 a l a r b a 3 t. a 3 sh	READY	
25852	NUM_059	MixedClass	fifteenth	quinzième	ال+ خامِس عَشَر	JED	15th	fifteenth_ADJ	quinzième_NUM	Al+_DET xAmis_NUM Eacar_NUM	الخمستعش	ال+ خمستعش	2 a l kh a m i s t. a 3 sh	READY	
25853	NUM_059	MixedClass	fifteenth	quinzième	ال+ خامِس عَشَر	RIY	15th	fifteenth_ADJ	quinzième_NUM	Al+_DET xAmis_NUM Eacar_NUM	الخمستعش	ال+ خمستعش	2 a l kh a m i s t. a 3 sh	READY	
25854	NUM_059	MixedClass	fifteenth	quinzième	ال+ خامِس عَشَر	RIY	15th	fifteenth_ADJ	quinzième_NUM	Al+_DET xAmis_NUM Eacar_NUM	الخمستعش	ال+ خمستعش	2 a l kh a m s t. a 3 sh	READY	
25887	NUM_060	MixedClass	sixteenth	seizième	ال+ سادِس عَشَر	JED	16th	sixteenth_ADJ	seizième_NUM	Al+_DET sAdis_NUM Eacar_NUM	الستتعش	ال+ ستتعش	2 a s s i t. t. a 3 sh	READY	
25888	NUM_060	MixedClass	sixteenth	seizième	ال+ سادِس عَشَر	RIY	16th	sixteenth_ADJ	seizième_NUM	Al+_DET sAdis_NUM Eacar_NUM	الستتعش	ال+ ستتعش	2 a s s i t. t. a 3 sh	READY	
25919	NUM_061	MixedClass	seventeenth	dix-septième	ال+ سابِع عَشَر	JED	17th	seventeenth_ADJ	dix-septième_NUM	Al+_DET sAbiE_NUM Eacar_NUM	السبعتعش	ال+ سبعتعش	2 a s s a b a 3 t. a 3 sh	READY	
25921	NUM_061	MixedClass	seventeenth	dix-septième	ال+ سابِع عَشَر	RIY	17th	seventeenth_ADJ	dix-septième_NUM	Al+_DET sAbiE_NUM Eacar_NUM	السبعتعش	ال+ سبعتعش	2 a s s a b i 3 t. a 3 sh	READY	
25975	NUM_062	MixedClass	eighteenth	dix-huitième	ال+ ثامِن عَشَر	JED	18th	eighteenth_ADJ	dix-huitième_NUM	Al+_DET vAmin_NUM Eacar_NUM	ثمانتعش	ثمانتعش	t a m a n t. a 3 sh	READY	
25978	NUM_062	MixedClass	eighteenth	dix-huitième	ال+ ثامِن عَشَر	RIY	18th	eighteenth_ADJ	dix-huitième_NUM	Al+_DET vAmin_NUM Eacar_NUM	ثمانتعش	ثمانتعش	th m a n t. a 3 sh	READY	
26018	NUM_063	MixedClass	nineteenth	dix-neuvième	ال+ تاسِع عَشَر	JED	19th	nineteenth_ADJ	dix-neuvième_NUM	Al+_DET tAsiE_NUM Eacar_NUM	تسعتعش	تسعتعش	t i s a 3 t. a 3 sh	READY	
26019	NUM_063	MixedClass	nineteenth	dix-neuvième	ال+ تاسِع عَشَر	RIY	19th	nineteenth_ADJ	dix-neuvième_NUM	Al+_DET tAsiE_NUM Eacar_NUM	تسعتعش	تسعتعش	t i s a 3 t. a 3 sh	READY	
26020	NUM_063	MixedClass	nineteenth	dix-neuvième	ال+ تاسِع عَشَر	RIY	19th	nineteenth_ADJ	dix-neuvième_NUM	Al+_DET tAsiE_NUM Eacar_NUM	تسعتعش	تسعتعش	t s a 3 t. a 3 sh	READY	
26029	NUM_064	MixedClass	twentieth	vingtième	ال+ عِشْرُون	JED	20th	twentieth_ADJ	vingtième_NUM	Al+_DET Eicoruwn_NUM	العشرين	ال+ عشرين	2 a l 3 i sh r ii n	READY	
26030	NUM_064	MixedClass	twentieth	vingtième	ال+ عِشْرُون	RIY	20th	twentieth_ADJ	vingtième_NUM	Al+_DET Eicoruwn_NUM	العشرين	ال+ عشرين	2 a l 3 i sh r ii n	READY	
26079	NUM_065	MixedClass	twenty-first	vingt et unième	ال+ حادِي وَ+ ال+ عِشْرُون	JED	21st	twenty-first_ADJ	vingt_NUM et_CCONJ unième_NUM	Al+_DET HAdiy_NUM wa+_CCONJ Al+_DET Eicoruwn_NUM	واحد وعشرين	واحد و+ عشرين	w aa 7 i d # u 3 i sh r ii n	READY	
26080	NUM_065	MixedClass	twenty-first	vingt et unième	ال+ حادِي وَ+ ال+ عِشْرُون	RIY	21st	twenty-first_ADJ	vingt_NUM et_CCONJ unième_NUM	Al+_DET HAdiy_NUM wa+_CCONJ Al+_DET Eicoruwn_NUM	واحد وعشرين	واحد و+ عشرين	w aa 7 i d # u 3 i sh r ii n	READY	
26084	NUM_066	MixedClass	twenty-second	vingt-deuxième	ال+ ثانِي وَ+ ال+ عِشْرُون	JED	22nd	twenty-second_ADJ	vingt-deuxième_NUM	Al+_DET vAniy_NUM wa+_CCONJ Al+_DET Eicoruwn_NUM	اثنين وعشرين	اثنين و+ عشرين	2 i t n ee n # u 3 i sh r ii n	READY	
26085	NUM_066	MixedClass	twenty-second	vingt-deuxième	ال+ ثانِي وَ+ ال+ عِشْرُون	RIY	22nd	twenty-second_ADJ	vingt-deuxième_NUM	Al+_DET vAniy_NUM wa+_CCONJ Al+_DET Eicoruwn_NUM	اثنين وعشرين	اثنين و+ عشرين	th n ee n # u 3 i sh r ii n	READY	
26134	NUM_067	MixedClass	twenty-third	vingt-troisième	ال+ ثالِث وَ+ ال+ عِشْرُون	JED	23rd	twenty-third_ADJ	vingt-troisième_NUM	Al+_DET vAliv_NUM wa+_CCONJ Al+_DET Eicoruwn_NUM	ثلاثة وعشرين	ثلاثة و+ عشرين	t a l aa t a # w 3 i sh r ii n	READY	
26138	NUM_067	MixedClass	twenty-third	vingt-troisième	ال+ ثالِث وَ+ ال+ عِشْرُون	RIY	23rd	twenty-third_ADJ	vingt-troisième_NUM	Al+_DET vAliv_NUM wa+_CCONJ Al+_DET Eicoruwn_NUM	ثلاثة وعشرين	ثلاثة و+ عشرين	th l aa th a # w 3 i sh r ii n	CHECK	
26142	NUM_068	MixedClass	twenty-fourth	vingt-quatrième	ال+ رابِع وَ+ ال+ عِشْرُون	RIY	24th	twenty-fourth_ADJ	vingt-quatrième_NUM	Al+_DET rAbiE_NUM wa+_CCONJ Al+_DET Eicoruwn_NUM	اربعة وعشرين	اربعة و+ عشرين	2 a r b 3 a # w 3 i sh r ii n	READY	
26148	NUM_068	MixedClass	twenty-fourth	vingt-quatrième	ال+ رابِع وَ+ ال+ عِشْرُون	JED	24th	twenty-fourth_ADJ	vingt-quatrième_NUM	Al+_DET rAbiE_NUM wa+_CCONJ Al+_DET Eicoruwn_NUM	الاربعة وعشرين	ال+ اربعة و+ عشرين	2 a l 2 a r b 3 a # w 3 i sh r ii n	READY	
26149	NUM_068	MixedClass	twenty-fourth	vingt-quatrième	ال+ رابِع وَ+ ال+ عِشْرُون	RIY	24th	twenty-fourth_ADJ	vingt-quatrième_NUM	Al+_DET rAbiE_NUM wa+_CCONJ Al+_DET Eicoruwn_NUM	الاربعة وعشرين	ال+ اربعة و+ عشرين	2 a l 2 a r b 3 a # w 3 i sh r ii n	READY	
26195	NUM_069	MixedClass	twenty-fifth	vingt-cinquième	ال+ خامِس وَ+ ال+ عِشْرُون	JED	25th	twenty-fifth_ADJ	vingt-cinquième_NUM	Al+_DET xAmis_NUM wa+_CCONJ Al+_DET Eicoruwn_NUM	خمس وعشرين	خمس و+ عشرين	kh a m s a # w 3 i sh r ii n	READY	
26196	NUM_069	MixedClass	twenty-fifth	vingt-cinquième	ال+ خامِس وَ+ ال+ عِشْرُون	RIY	25th	twenty-fifth_ADJ	vingt-cinquième_NUM	Al+_DET xAmis_NUM wa+_CCONJ Al+_DET Eicoruwn_NUM	خمس وعشرين	خمس و+ عشرين	kh a m s a # w 3 i sh r ii n	READY	
26224	NUM_070	MixedClass	twenty-sixth	vingt-sixième	ال+ سادِس وَ+ ال+ عِشْرُون	JED	26th	twenty-sixth_ADJ	vingt-sixième_NUM	Al+_DET sAdis_NUM wa+_CCONJ Al+_DET Eicoruwn_NUM	ستة وعشرين	ستة و+ عشرين	s i t t a # w 3 i sh r ii n	READY	
26225	NUM_070	MixedClass	twenty-sixth	vingt-sixième	ال+ سادِس وَ+ ال+ عِشْرُون	RIY	26th	twenty-sixth_ADJ	vingt-sixième_NUM	Al+_DET sAdis_NUM wa+_CCONJ Al+_DET Eicoruwn_NUM	ستة وعشرين	ستة و+ عشرين	s i t t a # w 3 i sh r ii n	READY	
26249	NUM_071	MixedClass	twenty-seventh	vingt-septième	ال+ سابِع وَ+ ال+ عِشْرُون	JED	27th	twenty-seventh_ADJ	vingt-septième_NUM	Al+_DET sAbiE_NUM wa+_CCONJ Al+_DET Eicoruwn_NUM	سبعة وعشرين	سبعة و+ عشرين	s a b 3 a # w 3 i sh r ii n	READY	
26250	NUM_071	MixedClass	twenty-seventh	vingt-septième	ال+ سابِع وَ+ ال+ عِشْرُون	RIY	27th	twenty-seventh_ADJ	vingt-septième_NUM	Al+_DET sAbiE_NUM wa+_CCONJ Al+_DET Eicoruwn_NUM	سبعة وعشرين	سبعة و+ عشرين	s a b 3 a # w 3 i sh r ii n	READY	
26282	NUM_072	MixedClass	twenty-eighth	vingt-huitième	ال+ ثامِن وَ+ ال+ عِشْرُون	JED	28th	twenty-eighth_ADJ	vingt-huitième_NUM	Al+_DET vAmin_NUM wa+_CCONJ Al+_DET Eicoruwn_NUM	ثمانية وعشرين	ثمانية و+ عشرين	t a m a n y a # w 3 i sh r ii n	READY	
26285	NUM_072	MixedClass	twenty-eighth	vingt-huitième	ال+ ثامِن وَ+ ال+ عِشْرُون	RIY	28th	twenty-eighth_ADJ	vingt-huitième_NUM	Al+_DET vAmin_NUM wa+_CCONJ Al+_DET Eicoruwn_NUM	ثمانية وعشرين	ثمانية و+ عشرين	th m a n y a # w 3 i sh r ii n	READY	
26310	NUM_073	MixedClass	twenty-ninth	vingt-neuvième	ال+ تاسِع وَ+ ال+ عِشْرُون	JED	29th	twenty-ninth_ADJ	vingt-neuvième_NUM	Al+_DET tAsiE_NUM wa+_CCONJ Al+_DET Eicoruwn_NUM	تسعة وعشرين	تسعة و+ عشرين	t i s 3 a # w 3 i sh r ii n	READY	
26311	NUM_073	MixedClass	twenty-ninth	vingt-neuvième	ال+ تاسِع وَ+ ال+ عِشْرُون	RIY	29th	twenty-ninth_ADJ	vingt-neuvième_NUM	Al+_DET tAsiE_NUM wa+_CCONJ Al+_DET Eicoruwn_NUM	تسعة وعشرين	تسعة و+ عشرين	t i s 3 a # w 3 i sh r ii n	READY	
26315	NUM_074	MixedClass	thirtieth	trentième	ال+ ثَلاثُون	JED	30th	thirtieth_ADJ	trentième_NUM	Al+_DET valAvuwn_NUM	الثلاثين	ال+ ثلاثين	2 a t t a l aa t ii n	READY	
26316	NUM_074	MixedClass	thirtieth	trentième	ال+ ثَلاثُون	RIY	30th	thirtieth_ADJ	trentième_NUM	Al+_DET valAvuwn_NUM	الثلاثين	ال+ ثلاثين	2 a th th a l aa th ii n	READY	
26346	NUM_075	MixedClass	fortieth	quarantième	ال+ أَرْبَعُون	RIY	40th	fortieth_ADJ	quarantième_NUM	Al+_DET OarobaEuwn_NUM	الاربعين	ال+ اربعين	2 a l a r b 3 ii n	READY	
26347	NUM_075	MixedClass	fortieth	quarantième	ال+ أَرْبَعُون	JED	40th	fortieth_ADJ	quarantième_NUM	Al+_DET OarobaEuwn_NUM	الاربعين	ال+ اربعين	2 a l a r b a 3 ii n	READY	
26348	NUM_075	MixedClass	fortieth	quarantième	ال+ أَرْبَعُون	RIY	40th	fortieth_ADJ	quarantième_NUM	Al+_DET OarobaEuwn_NUM	الاربعين	ال+ اربعين	2 a l a r b a 3 ii n	READY	
26374	NUM_076	MixedClass	fiftieth	cinquantième	ال+ خَمْسُون	JED	50th	fiftieth_ADJ	cinquantième_NUM	Al+_DET xamosuwn_NUM	الخمسين	ال+ خمسين	2 a l kh a m s ii n	READY	
26376	NUM_076	MixedClass	fiftieth	cinquantième	ال+ خَمْسُون	RIY	50th	fiftieth_ADJ	cinquantième_NUM	Al+_DET xamosuwn_NUM	الخمسين	ال+ خمسين	2 a l kh a m s ii n	READY	
26399	NUM_077	MixedClass	sixtieth	soixantième	ال+ سِتُّون	JED	60th	sixtieth_ADJ	soixantième_NUM	Al+_DET sitXuwn_NUM	الستين	ال+ ستين	2 a s s i t t ii n	READY	
26401	NUM_077	MixedClass	sixtieth	soixantième	ال+ سِتُّون	RIY	60th	sixtieth_ADJ	soixantième_NUM	Al+_DET sitXuwn_NUM	الستين	ال+ ستين	2 a s s i t t ii n	READY	
26436	NUM_078	MixedClass	seventieth	soixante-dixième	ال+ سَبْعُون	JED	70th	seventieth_ADJ	soixante-dixième_NUM	Al+_DET saboEuwn_NUM	السبعين	ال+ سبعين	2 a s s a b 3 ii n	READY	
26437	NUM_078	MixedClass	seventieth	soixante-dixième	ال+ سَبْعُون	RIY	70th	seventieth_ADJ	soixante-dixième_NUM	Al+_DET saboEuwn_NUM	السبعين	ال+ سبعين	2 a s s a b 3 ii n	READY	
26449	NUM_079	MixedClass	eightieth	quatre-vingtième	ال+ ثَمانُون	RIY	80th	eightieth_ADJ	quatre-vingtième_NUM	Al+_DET vamAnuwn_NUM	الثامن	ال+ ثامن	2 a th th m aa n ii n	READY	
26450	NUM_079	MixedClass	eightieth	quatre-vingtième	ال+ ثَمانُون	JED	80th	eightieth_ADJ	quatre-vingtième_NUM	Al+_DET vamAnuwn_NUM	الثمانين	ال+ ثمانين	2 a t t a m a n ii n	READY	
26452	NUM_079	MixedClass	eightieth	quatre-vingtième	ال+ ثَمانُون	JED	80th	eightieth_ADJ	quatre-vingtième_NUM	Al+_DET vamAnuwn_NUM	الثمانين	ال+ ثمانين	2 a t t a m aa n ii n	READY	
26477	NUM_080	MixedClass	ninetieth	quatre-vingt-dixième	ال+ تِسْعُون	JED	90th	ninetieth_ADJ	quatre-vingt-dixième_NUM	Al+_DET tisoEuwn_NUM	التسعين	ال+ تسعين	2 a t t i s 3 ii n	READY	
26478	NUM_080	MixedClass	ninetieth	quatre-vingt-dixième	ال+ تِسْعُون	RIY	90th	ninetieth_ADJ	quatre-vingt-dixième_NUM	Al+_DET tisoEuwn_NUM	التسعين	ال+ تسعين	2 a t t i s 3 ii n	READY	
26525	NUM_081	MixedClass	hundredth	centième	ال+ مِئَة	JED	100th	hundredth_ADJ	centième_NUM	Al+_DET miQap_NUM	مية	مية	m i y y a	READY	
26526	NUM_081	MixedClass	hundredth	centième	ال+ مِئَة	RIY	100th	hundredth_ADJ	centième_NUM	Al+_DET miQap_NUM	مية	مية	m i y y a	READY	
26531	NUM_082	MixedClass	thousandth	millième	ال+ أَلْف	JED	1000th	thousandth_ADJ	millième_NUM	Al+_DET Oalof_NUM	الالف	ال+ الف	2 a l 2 a l f	READY	
26533	NUM_082	MixedClass	thousandth	millième	ال+ أَلْف	RIY	1000th	thousandth_ADJ	millième_NUM	Al+_DET Oalof_NUM	الالف	ال+ الف	2 a l 2 a l f	READY	
26559	NUM_083	MixedClass	ten thousandth	dix-millième	ال+ عَشَرَة آلاف	JED	10000th	ten-thousandth_ADJ	dix-millième_NUM	Al+_DET Eacar_NUM Oalof_NUM	العشر آلاف	ال+ عشر آلاف	2 a l 3 a sh a r # aa l aa f	READY	
26560	NUM_083	MixedClass	ten thousandth	dix-millième	ال+ عَشَرَة آلاف	RIY	10000th	ten-thousandth_ADJ	dix-millième_NUM	Al+_DET Eacar_NUM Oalof_NUM	العشر آلاف	ال+ عشر آلاف	2 a l 3 a sh a r # aa l aa f	READY	
26593	NUM_084	MixedClass	hundred thousandth	cent-millième	ال+ مِئَة أَلْف	JED	100000th	hundred-thousandth_ADJ	cent-millième_NUM	Al+_DET miQap_NUM Oalof_NUM	المية الف	ال+ مية الف	2 a l m i y a t # 2 a l f	READY	
26594	NUM_084	MixedClass	hundred thousandth	cent-millième	ال+ مِئَة أَلْف	RIY	100000th	hundred-thousandth_ADJ	cent-millième_NUM	Al+_DET miQap_NUM Oalof_NUM	المية الف	ال+ مية الف	2 a l m i y a t # 2 a l f	READY	
26597	NUM_084	MixedClass	hundred thousandth	cent-millième	ال+ مِئَة أَلْف	JED	100000th	hundred-thousandth_ADJ	cent-millième_NUM	Al+_DET miQap_NUM Oalof_NUM	المية الف	ال+ مية الف	2 a l m ii t # 2 a l f	READY	
26598	NUM_084	MixedClass	hundred thousandth	cent-millième	ال+ مِئَة أَلْف	RIY	100000th	hundred-thousandth_ADJ	cent-millième_NUM	Al+_DET miQap_NUM Oalof_NUM	المية الف	ال+ مية الف	2 a l m ii t # 2 a l f	READY	
26621	NUM_085	MixedClass	millionth	millionième	ال+ مِلْيُون	JED	1000000th	millionth_ADJ	millionième_NUM	Al+_DET miloyuwn_NUM	المليون	ال+ مليون	2 a l m i l y oo n	READY	
26623	NUM_085	MixedClass	millionth	millionième	ال+ مِلْيُون	RIY	1000000th	millionth_ADJ	millionième_NUM	Al+_DET miloyuwn_NUM	المليون	ال+ مليون	2 a l m i l y oo n	READY	
26648	NUM_086	MixedClass	billionth	milliardième	ال+ بِلْيُون	JED	10000000th	billionth_ADJ	milliardième_NUM	Al+_DET biloyuwn_NUM	البليون	ال+ بليون	2 a l b i l y oo n	READY	
26649	NUM_086	MixedClass	billionth	milliardième	ال+ بِلْيُون	RIY	10000000th	billionth_ADJ	milliardième_NUM	Al+_DET biloyuwn_NUM	البليون	ال+ بليون	2 a l b i l y oo n	READY	
26697	NUM_087	ClosedClass	one	un	واحِد	JED	ولد واحد	one_NUM	un_NUM	wAHid_NUM	واحد	واحد	w aa 7 i d	READY	
26701	NUM_087	ClosedClass	one	un	واحِد	RIY	ولد واحد	one_NUM	un_NUM	wAHid_NUM	واحد	واحد	w aa 7 i d	READY	
26706	NUM_087	ClosedClass	one	un	واحِد	JED	ولد واحد	one_NUM	un_NUM	wAHid_NUM	واحدة	واحدة	w a 7 d a	READY	
26707	NUM_087	ClosedClass	one	un	واحِد	RIY	ولد واحد	one_NUM	un_NUM	wAHid_NUM	واحدة	واحدة	w a 7 d a	READY	
26715	NUM_088	ClosedClass	two	deux	إِثْنَان	JED	ولدان اثنان	two_NUM	deux_NUM	Livon_NUM	اثنين	اثنين	2 i t n ee n	READY	
26727	NUM_088	ClosedClass	two	deux	إِثْنَان	RIY	ولدان اثنان	two_NUM	deux_NUM	Livon_NUM	اثنين	اثنين	th n ee n	READY	
26736	NUM_088	ClosedClass	two	deux	إِثْنَان	RIY	ولدان اثنان	two_NUM	deux_NUM	Livon_NUM	ثنتين	ثنتين	th i n t ee n	READY	
26751	NUM_089	ClosedClass	three	trois	ثَلاثَة	RIY	ثلاثة أولاد	three_NUM	trois_NUM	valAv_NUM	ثلاث	ثلاث	th a l aa th	READY	
26756	NUM_089	ClosedClass	three	trois	ثَلاثَة	JED	ثلاثة أولاد	three_NUM	trois_NUM	valAv_NUM	ثلاثة	ثلاثة	t a l aa t a	READY	
26778	NUM_089	ClosedClass	three	trois	ثَلاثَة	RIY	ثلاثة أولاد	three_NUM	trois_NUM	valAv_NUM	ثلاثة	ثلاثة	th l aa th a	READY	
26789	NUM_090	ClosedClass	four	quatre	أَرْبَعَة	RIY	أربعة أولاد	four_NUM	quatre_NUM	OarobaE_NUM	اربع	اربع	2 a r b a 3	READY	
26802	NUM_090	ClosedClass	four	quatre	أَرْبَعَة	JED	أربعة أولاد	four_NUM	quatre_NUM	OarobaE_NUM	اربعة	اربعة	2 a r b a 3 a	READY	
26804	NUM_090	ClosedClass	four	quatre	أَرْبَعَة	RIY	أربعة أولاد	four_NUM	quatre_NUM	OarobaE_NUM	اربعة	اربعة	2 a r b a 3 a	READY	
26830	NUM_091	ClosedClass	five	cinq	خَمْسَة	RIY	خمسة أولاد	five_NUM	cinq_NUM	xamos_NUM	خمس	خمس	kh a m s	READY	
26840	NUM_091	ClosedClass	five	cinq	خَمْسَة	JED	خمسة أولاد	five_NUM	cinq_NUM	xamos_NUM	خمسة	خمسة	kh a m s a	READY	
26844	NUM_091	ClosedClass	five	cinq	خَمْسَة	RIY	خمسة أولاد	five_NUM	cinq_NUM	xamos_NUM	خمسة	خمسة	kh a m s a	READY	
26870	NUM_092	ClosedClass	six	six	سِتَّة	JED	ستة أولاد	six_NUM	six_NUM	sitX_NUM	ستة	ستة	s i t t a	READY	
26873	NUM_092	ClosedClass	six	six	سِتَّة	RIY	ستة أولاد	six_NUM	six_NUM	sitX_NUM	ستة	ستة	s i t t a	READY	
26887	NUM_093	ClosedClass	seven	sept	سَبْعَة	RIY	سبعة أولاد	seven_NUM	sept_NUM	saboE_NUM	سبع	سبع	s a b 3	READY	
26909	NUM_093	ClosedClass	seven	sept	سَبْعَة	JED	سبعة أولاد	seven_NUM	sept_NUM	saboE_NUM	سبعة	سبعة	s a b 3 a	READY	
26912	NUM_093	ClosedClass	seven	sept	سَبْعَة	RIY	سبعة أولاد	seven_NUM	sept_NUM	saboE_NUM	سبعة	سبعة	s a b 3 a	READY	
26934	NUM_094	ClosedClass	eight	huit	ثَمانِيَة	RIY	ثمانية أولاد	eight_NUM	huit_NUM	vamAniy_NUM	ثمان	ثمان	th m aa n	READY	
26944	NUM_094	ClosedClass	eight	huit	ثَمانِيَة	JED	ثمانية أولاد	eight_NUM	huit_NUM	vamAniy_NUM	ثمانية	ثمانية	t a m a n y a	READY	
26959	NUM_094	ClosedClass	eight	huit	ثَمانِيَة	RIY	ثمانية أولاد	eight_NUM	huit_NUM	vamAniy_NUM	ثمانية	ثمانية	th m aa n y a	READY	
26968	NUM_095	ClosedClass	nine	neuf	تِسْعَة	RIY	تسعة أولاد	nine_NUM	neuf_NUM	tisoE_NUM	تسع	تسع	t i s 3	READY	
26986	NUM_095	ClosedClass	nine	neuf	تِسْعَة	JED	تسعة أولاد	nine_NUM	neuf_NUM	tisoE_NUM	تسعة	تسعة	t i s 3 a	READY	
26989	NUM_095	ClosedClass	nine	neuf	تِسْعَة	RIY	تسعة أولاد	nine_NUM	neuf_NUM	tisoE_NUM	تسعة	تسعة	t i s 3 a	READY	
27008	NUM_096	ClosedClass	ten	dix	عَشَرَة	RIY	عشرة أولاد	ten_NUM	dix_NUM	Eacar_NUM	عشر	عشر	3 a sh r	READY	
27014	NUM_096	ClosedClass	ten	dix	عَشَرَة	JED	عشرة أولاد	ten_NUM	dix_NUM	Eacar_NUM	عشرة	عشرة	3 a sh a r a	READY	
27028	NUM_096	ClosedClass	ten	dix	عَشَرَة	RIY	عشرة أولاد	ten_NUM	dix_NUM	Eacar_NUM	عشرة	عشرة	3 a sh r a	READY	
27033	NUM_097	ClosedClass	eleven	onze	أَحَد عَشَر	JED	أحد عشر ولدا	eleven_NUM	onze_NUM	OaHad_NUM Eacar_NUM	احدعش	احدعش	2 i 7 d a 3 sh	READY	
27039	NUM_097	ClosedClass	eleven	onze	أَحَد عَشَر	RIY	أحد عشر ولدا	eleven_NUM	onze_NUM	OaHad_NUM Eacar_NUM	احدعش	احدعش	7 d a 3 sh	READY	
27082	NUM_098	ClosedClass	twelve	douze	إثْنَا عَشَر	RIY	اثنا عشر ولدا	twelve_NUM	douze_NUM	Livon_NUM Eacar_NUM	اثنعش	اثنعش	th n a 3 sh	READY	
27088	NUM_098	ClosedClass	twelve	douze	إثْنَا عَشَر	JED	اثنا عشر ولدا	twelve_NUM	douze_NUM	Livon_NUM Eacar_NUM	اثنعشر	اثنعشر	2 i t. n a 3 sh a r	READY	
27112	NUM_099	ClosedClass	thirteen	treize	ثَلاثَة عَشَر	JED	ثلاثة عشر ولدا	thirteen_NUM	treize_NUM	valAv_NUM Eacar_NUM	ثلاثتعش	ثلاثتعش	t a l a t. t. a 3 sh	READY	
27121	NUM_099	ClosedClass	thirteen	treize	ثَلاثَة عَشَر	RIY	ثلاثة عشر ولدا	thirteen_NUM	treize_NUM	valAv_NUM Eacar_NUM	ثلاثتعش	ثلاثتعش	th l a t. t. a 3 sh	READY	
27143	NUM_100	ClosedClass	fourteen	quatorze	أَرْبَعَة عَشَر	JED	أربعة عشر ولدا	fourteen_NUM	quatorze_NUM	OarobaE_NUM Eacar_NUM	اربعتعش	اربعتعش	2 a r b a 3 t. a 3 sh	READY	
27144	NUM_100	ClosedClass	fourteen	quatorze	أَرْبَعَة عَشَر	RIY	أربعة عشر ولدا	fourteen_NUM	quatorze_NUM	OarobaE_NUM Eacar_NUM	اربعتعش	اربعتعش	2 a r b a 3 t. a 3 sh	READY	
27182	NUM_101	ClosedClass	fifteen	quinze	خَمْسَة عَشَر	JED	خمسة عشر ولدا	fifteen_NUM	quinze_NUM	xamos_NUM Eacar_NUM	خمستعش	خمستعش	kh a m a s t. a 3 sh	READY	
27189	NUM_101	ClosedClass	fifteen	quinze	خَمْسَة عَشَر	RIY	خمسة عشر ولدا	fifteen_NUM	quinze_NUM	xamos_NUM Eacar_NUM	خمستعش	خمستعش	kh a m i s t. a 3 sh	READY	
27228	NUM_102	ClosedClass	sixteen	seize	سِتَّة عَشَر	JED	ستة عشر ولدا	sixteen_NUM	seize_NUM	sitX_NUM Eacar_NUM	ستتعش	ستتعش	s i t. t. a 3 sh	READY	
27229	NUM_102	ClosedClass	sixteen	seize	سِتَّة عَشَر	RIY	ستة عشر ولدا	sixteen_NUM	seize_NUM	sitX_NUM Eacar_NUM	ستتعش	ستتعش	s i t. t. a 3 sh	READY	
27248	NUM_103	ClosedClass	seventeen	dix-sept	سَبْعَة عَشَر	JED	سبعة عشر ولدا	seventeen_NUM	dix-sept_NUM	saboE_NUM Eacar_NUM	سبعتعش	سبعتعش	s a b a 3 t. a 3 sh	READY	
27266	NUM_103	ClosedClass	seventeen	dix-sept	سَبْعَة عَشَر	RIY	سبعة عشر ولدا	seventeen_NUM	dix-sept_NUM	saboE_NUM Eacar_NUM	سبعتعش	سبعتعش	s a b i 3 t. a 3 sh	READY	
27284	NUM_104	ClosedClass	eighteen	dix-huit	ثَمانِيَة عَشَر	JED	ثمانية عشر ولدا	eighteen_NUM	dix-huit_NUM	vamAniy_NUM Eacar_NUM	ثمانتعش	ثمانتعش	t a m a n t. a 3 sh	READY	
27293	NUM_104	ClosedClass	eighteen	dix-huit	ثَمانِيَة عَشَر	RIY	ثمانية عشر ولدا	eighteen_NUM	dix-huit_NUM	vamAniy_NUM Eacar_NUM	ثمانتعش	ثمانتعش	th a m a n t. a 3 sh	READY	
27323	NUM_105	ClosedClass	nineteen	dix-neuf	تِسْعَة عَشَر	JED	تسعة عشر ولدا	nineteen_NUM	dix-neuf_NUM	tisoE_NUM Eacar_NUM	تسعتعش	تسعتعش	t i s a 3 t. a 3 sh	READY	
27326	NUM_105	ClosedClass	nineteen	dix-neuf	تِسْعَة عَشَر	RIY	تسعة عشر ولدا	nineteen_NUM	dix-neuf_NUM	tisoE_NUM Eacar_NUM	تسعتعش	تسعتعش	t s a 3 t. a 3 sh	READY	
27374	NUM_106	ClosedClass	twenty	vingt	عِشْرُون	JED	عشرون ولدا	twenty_NUM	vingt_NUM	Eicoruwn_NUM	عشرين	عشرين	3 i sh r ii n	READY	
27379	NUM_106	ClosedClass	twenty	vingt	عِشْرُون	RIY	عشرون ولدا	twenty_NUM	vingt_NUM	Eicoruwn_NUM	عشرين	عشرين	3 i sh r ii n	READY	
27398	NUM_107	ClosedClass	twenty-one	vingt-et-un	واحِد وَ+ عِشْرُون	JED	واحد وعشرون ولدا	twenty-one_NUM	vingt-et-un_NUM	wAHid_NUM wa+_CCONJ Eicoruwn_NUM	واحد وعشرين	واحد و+ عشرين	w aa 7 i d # u 3 i sh r ii n	READY	
27399	NUM_107	ClosedClass	twenty-one	vingt-et-un	واحِد وَ+ عِشْرُون	RIY	واحد وعشرون ولدا	twenty-one_NUM	vingt-et-un_NUM	wAHid_NUM wa+_CCONJ Eicoruwn_NUM	واحد وعشرين	واحد و+ عشرين	w aa 7 i d # u 3 i sh r ii n	READY	
27417	NUM_108	ClosedClass	twenty-two	vingt-deux	إثْنَان وَ+ عِشْرُون	JED	إثنا وعشرون  ولدا	twenty-two_NUM	vingt-deux_NUM	Livon_NUM wa+_CCONJ Eicoruwn_NUM	اثنين وعشرين	اثنين و+ عشرين	2 i t n ee n # u 3 i sh r ii n	READY	
27423	NUM_108	ClosedClass	twenty-two	vingt-deux	إثْنَان وَ+ عِشْرُون	RIY	إثنا وعشرون  ولدا	twenty-two_NUM	vingt-deux_NUM	Livon_NUM wa+_CCONJ Eicoruwn_NUM	اثنين وعشرين	اثنين و+ عشرين	2 i th n ee n # u 3 i sh r ii n	READY	
27446	NUM_109	ClosedClass	twenty-three	vingt-trois	ثَلاثَة وَ+ عِشْرُون	JED	ثلاثة وعشرون  ولدا	twenty-three_NUM	vingt-trois_NUM	valAv_NUM wa+_CCONJ Eicoruwn_NUM	ثلاثة وعشرين	ثلاثة و+ عشرين	t a l aa t a # w 3 i sh r ii n	READY	
27469	NUM_109	ClosedClass	twenty-three	vingt-trois	ثَلاثَة وَ+ عِشْرُون	RIY	ثلاثة وعشرون  ولدا	twenty-three_NUM	vingt-trois_NUM	valAv_NUM wa+_CCONJ Eicoruwn_NUM	ثلاثة وعشرين	ثلاثة و+ عشرين	th l aa th a # w 3 i sh r ii n	CHECK	
27475	NUM_110	ClosedClass	twenty-four	vingt-quatre	أَرْبَعَة وَ+ عِشْرُون	RIY	أربعة وعشرون  ولدا	twenty-four_NUM	vingt-quatre_NUM	OarobaE_NUM wa+_CCONJ Eicoruwn_NUM	اربعة وعشرين	اربعة و+ عشرين	2 a r b a 3 # u 3 i sh r ii n	CHECK	
27485	NUM_110	ClosedClass	twenty-four	vingt-quatre	أَرْبَعَة وَ+ عِشْرُون	JED	أربعة وعشرون  ولدا	twenty-four_NUM	vingt-quatre_NUM	OarobaE_NUM wa+_CCONJ Eicoruwn_NUM	اربعة وعشرين	اربعة و+ عشرين	2 a r b a 3 a # w 3 i sh r ii n	READY	
27486	NUM_110	ClosedClass	twenty-four	vingt-quatre	أَرْبَعَة وَ+ عِشْرُون	RIY	أربعة وعشرون  ولدا	twenty-four_NUM	vingt-quatre_NUM	OarobaE_NUM wa+_CCONJ Eicoruwn_NUM	اربعة وعشرين	اربعة و+ عشرين	2 a r b a 3 a # w 3 i sh r ii n	READY	
27504	NUM_111	ClosedClass	twenty-five	vingt-cinq	خَمْسَة وَ+ عِشْرُون	RIY	خمسة وعشرون  ولدا	twenty-five_NUM	vingt-cinq_NUM	xamos_NUM wa+_CCONJ Eicoruwn_NUM	خمس وعشرين	خمس و+ عشرين	kh a m s # u 3 i sh r ii n	CHECK	
27513	NUM_111	ClosedClass	twenty-five	vingt-cinq	خَمْسَة وَ+ عِشْرُون	JED	خمسة وعشرون  ولدا	twenty-five_NUM	vingt-cinq_NUM	xamos_NUM wa+_CCONJ Eicoruwn_NUM	خمس وعشرين	خمس و+ عشرين	kh a m s a # w 3 i sh r ii n	READY	
27516	NUM_111	ClosedClass	twenty-five	vingt-cinq	خَمْسَة وَ+ عِشْرُون	RIY	خمسة وعشرون  ولدا	twenty-five_NUM	vingt-cinq_NUM	xamos_NUM wa+_CCONJ Eicoruwn_NUM	خمس وعشرين	خمس و+ عشرين	kh a m s a # w 3 i sh r ii n	READY	
27534	NUM_112	ClosedClass	twenty-six	vingt-six	سِتَّة وَ+ عِشْرُون	RIY	ستة وعشرون  ولدا	twenty-six_NUM	vingt-six_NUM	sitX_NUM wa+_CCONJ Eicoruwn_NUM	ستة وعشرين	ستة و+ عشرين	s i t t # u 3 i sh r ii n	CHECK	
27541	NUM_112	ClosedClass	twenty-six	vingt-six	سِتَّة وَ+ عِشْرُون	JED	ستة وعشرون  ولدا	twenty-six_NUM	vingt-six_NUM	sitX_NUM wa+_CCONJ Eicoruwn_NUM	ستة وعشرين	ستة و+ عشرين	s i t t a # w 3 i sh r ii n	READY	
27544	NUM_112	ClosedClass	twenty-six	vingt-six	سِتَّة وَ+ عِشْرُون	RIY	ستة وعشرون  ولدا	twenty-six_NUM	vingt-six_NUM	sitX_NUM wa+_CCONJ Eicoruwn_NUM	ستة وعشرين	ستة و+ عشرين	s i t t a # w 3 i sh r ii n	READY	
27560	NUM_113	ClosedClass	twenty-seven	vingt-sept	سَبْعَة وَ+ عِشْرُون	RIY	سبعة وعشرون  ولدا	twenty-seven_NUM	vingt-sept_NUM	saboE_NUM wa+_CCONJ Eicoruwn_NUM	سبعة وعشرين	سبعة و+ عشرين	s a b 3 # u 3 i sh r ii n	CHECK	
27566	NUM_113	ClosedClass	twenty-seven	vingt-sept	سَبْعَة وَ+ عِشْرُون	JED	سبعة وعشرون  ولدا	twenty-seven_NUM	vingt-sept_NUM	saboE_NUM wa+_CCONJ Eicoruwn_NUM	سبعة وعشرين	سبعة و+ عشرين	s a b 3 a # w 3 i sh r ii n	READY	
27569	NUM_113	ClosedClass	twenty-seven	vingt-sept	سَبْعَة وَ+ عِشْرُون	RIY	سبعة وعشرون  ولدا	twenty-seven_NUM	vingt-sept_NUM	saboE_NUM wa+_CCONJ Eicoruwn_NUM	سبعة وعشرين	سبعة و+ عشرين	s a b 3 a # w 3 i sh r ii n	READY	
27589	NUM_114	ClosedClass	twenty-eight	vingt-huit	ثَمانِيَة وَ+ عِشْرُون	RIY	ثمانية وعشرون  ولدا	twenty-eight_NUM	vingt-huit_NUM	vamAniy_NUM wa+_CCONJ Eicoruwn_NUM	ثمان وعشرين	ثمان و+ عشرين	th m aa n # w 3 i sh r ii n	READY	
27600	NUM_114	ClosedClass	twenty-eight	vingt-huit	ثَمانِيَة وَ+ عِشْرُون	JED	ثمانية وعشرون  ولدا	twenty-eight_NUM	vingt-huit_NUM	vamAniy_NUM wa+_CCONJ Eicoruwn_NUM	ثمانية وعشرين	ثمانية و+ عشرين	t a m a n y a # w 3 i sh r ii n	READY	
27629	NUM_115	ClosedClass	twenty-nine	vingt-neuf	تِسْعَة وَ+ عِشْرُون	JED	تسعة و عشرون ولدا	twenty-nine_NUM	vingt-neuf_NUM	tisoE_NUM wa+_CCONJ Eicoruwn_NUM	تسعة وعشرين	تسعة و+ عشرين	t i s 3 a # w 3 i sh r ii n	READY	
27633	NUM_115	ClosedClass	twenty-nine	vingt-neuf	تِسْعَة وَ+ عِشْرُون	RIY	تسعة و عشرون ولدا	twenty-nine_NUM	vingt-neuf_NUM	tisoE_NUM wa+_CCONJ Eicoruwn_NUM	تسعة وعشرين	تسعة و+ عشرين	t i s 3 a # w 3 i sh r ii n	READY	
27651	NUM_116	ClosedClass	thirty	trente	ثَلاثُون	JED	ثلاثون ولدا	thirty_NUM	trente_NUM	valAvuwn_NUM	ثلاثين	ثلاثين	t a l a t ii n	READY	
27655	NUM_116	ClosedClass	thirty	trente	ثَلاثُون	JED	ثلاثون ولدا	thirty_NUM	trente_NUM	valAvuwn_NUM	ثلاثين	ثلاثين	t a l aa t ii n	READY	
27672	NUM_116	ClosedClass	thirty	trente	ثَلاثُون	RIY	ثلاثون ولدا	thirty_NUM	trente_NUM	valAvuwn_NUM	ثلاثين	ثلاثين	th a l aa th ii n	READY	
27677	NUM_116	ClosedClass	thirty	trente	ثَلاثُون	RIY	ثلاثون ولدا	thirty_NUM	trente_NUM	valAvuwn_NUM	ثلاثين	ثلاثين	th l aa th ii n	READY	
27682	NUM_117	ClosedClass	forty	quarante	أَرْبَعُون	RIY	أربعون ولدا	forty_NUM	quarante_NUM	OarobaEuwn_NUM	اربعين	اربعين	2 a r b 3 ii n	READY	
27689	NUM_117	ClosedClass	forty	quarante	أَرْبَعُون	JED	أربعون ولدا	forty_NUM	quarante_NUM	OarobaEuwn_NUM	اربعين	اربعين	2 a r b a 3 ii n	READY	
27719	NUM_118	ClosedClass	fifty	cinquante	خَمْسُون	JED	خمسون ولدا	fifty_NUM	cinquante_NUM	xamosuwn_NUM	خمسين	خمسين	kh a m s ii n	READY	
27724	NUM_118	ClosedClass	fifty	cinquante	خَمْسُون	RIY	خمسون ولدا	fifty_NUM	cinquante_NUM	xamosuwn_NUM	خمسين	خمسين	kh a m s ii n	READY	
27747	NUM_119	ClosedClass	sixty	soixante	سِتُّون	JED	ستون ولدا	sixty_NUM	soixante_NUM	sitXuwn_NUM	ستين	ستين	s i t t ii n	READY	
27752	NUM_119	ClosedClass	sixty	soixante	سِتُّون	RIY	ستون ولدا	sixty_NUM	soixante_NUM	sitXuwn_NUM	ستين	ستين	s i t t ii n	READY	
27769	NUM_120	ClosedClass	seventy	soixante-dix	سَبْعُون	JED	سبعون ولدا	seventy_NUM	soixante-dix_NUM	saboEuwn_NUM	سبعين	سبعين	s a b 3 ii n	READY	
27774	NUM_120	ClosedClass	seventy	soixante-dix	سَبْعُون	RIY	سبعون ولدا	seventy_NUM	soixante-dix_NUM	saboEuwn_NUM	سبعين	سبعين	s a b 3 ii n	READY	
27790	NUM_121	ClosedClass	eighty	quatre-vingt	ثَمانُون	JED	ثمانون ولدا	eighty_NUM	quatre-vingt_NUM	vamAnuwn_NUM	ثمانين	ثمانين	t a m a n ii n	READY	
27794	NUM_121	ClosedClass	eighty	quatre-vingt	ثَمانُون	JED	ثمانون ولدا	eighty_NUM	quatre-vingt_NUM	vamAnuwn_NUM	ثمانين	ثمانين	t a m aa n ii n	READY	
27802	NUM_121	ClosedClass	eighty	quatre-vingt	ثَمانُون	RIY	ثمانون ولدا	eighty_NUM	quatre-vingt_NUM	vamAnuwn_NUM	ثمانين	ثمانين	th a m aa n ii n	READY	
27810	NUM_121	ClosedClass	eighty	quatre-vingt	ثَمانُون	RIY	ثمانون ولدا	eighty_NUM	quatre-vingt_NUM	vamAnuwn_NUM	ثمانين	ثمانين	th m aa n ii n	READY	
27825	NUM_122	ClosedClass	ninety	quatre-vingt-dix	تِسْعُون	JED	تسعون ولدا	ninety_NUM	quatre-vingt-dix_NUM	tisoEuwn_NUM	تسعين	تسعين	t i s 3 ii n	READY	
27831	NUM_122	ClosedClass	ninety	quatre-vingt-dix	تِسْعُون	RIY	تسعون ولدا	ninety_NUM	quatre-vingt-dix_NUM	tisoEuwn_NUM	تسعين	تسعين	t i s 3 ii n	READY	
27852	NUM_123	ClosedClass	one hundred	cent	مِئَة	JED	مئة ولد	one_NUM hundred_NUM	cent_NUM	miQap_NUM	مية	مية	m i y y a t	READY	
27853	NUM_123	ClosedClass	one hundred	cent	مِئَة	RIY	مئة ولد	one_NUM hundred_NUM	cent_NUM	miQap_NUM	مية	مية	m i y y a t	READY	
27863	NUM_123	ClosedClass	one hundred	cent	مِئَة	JED	مئة ولد	one_NUM hundred_NUM	cent_NUM	miQap_NUM	مية	مية	m ii t	READY	
27866	NUM_123	ClosedClass	one hundred	cent	مِئَة	RIY	مئة ولد	one_NUM hundred_NUM	cent_NUM	miQap_NUM	مية	مية	m ii t	READY	
27883	NUM_124	ClosedClass	one thousand	mille	أَلْف	JED	ألف ولد	one_NUM thousand_NUM	mille_NUM	Oalof_NUM	الف	الف	2 a l f	READY	
27887	NUM_124	ClosedClass	one thousand	mille	أَلْف	RIY	ألف ولد	one_NUM thousand_NUM	mille_NUM	Oalof_NUM	الف	الف	2 a l f	READY	
27900	NUM_125	ClosedClass	ten thousand	dix-mille	عَشَرَة آلاف	JED	عشرة ألاف ولدا	ten_NUM thousand_NUM	dix-mille_NUM	Eacar_NUM Oalof_NUM	عشر آلاف	عشر آلاف	3 a sh a r # aa l aa f	READY	
27901	NUM_125	ClosedClass	ten thousand	dix-mille	عَشَرَة آلاف	RIY	عشرة ألاف ولدا	ten_NUM thousand_NUM	dix-mille_NUM	Eacar_NUM Oalof_NUM	عشر آلاف	عشر آلاف	3 a sh a r # aa l aa f	READY	
27935	NUM_126	ClosedClass	one hundred thousand	cent-mille	مِئَة أَلْف	JED	مئة ألف ولدا	one_NUM hundred_NUM thousand_NUM	cent-mille_NUM	miQap_NUM Oalof_NUM	مية الف	مية الف	m i y y a t # a l f	READY	
27947	NUM_126	ClosedClass	one hundred thousand	cent-mille	مِئَة أَلْف	JED	مئة ألف ولدا	one_NUM hundred_NUM thousand_NUM	cent-mille_NUM	miQap_NUM Oalof_NUM	مية الف	مية الف	m ii t # a l f	READY	
27949	NUM_126	ClosedClass	one hundred thousand	cent-mille	مِئَة أَلْف	RIY	مئة ألف ولدا	one_NUM hundred_NUM thousand_NUM	cent-mille_NUM	miQap_NUM Oalof_NUM	مية الف	مية الف	m ii t # a l f	READY	
27975	NUM_127	ClosedClass	one million	million	مِلْيُون	JED	مليون ولد	one_NUM million_NUM	million_NUM	miloyuwn_NUM	مليون	مليون	m i l y oo n	READY	
27978	NUM_127	ClosedClass	one million	million	مِلْيُون	RIY	مليون ولد	one_NUM million_NUM	million_NUM	miloyuwn_NUM	مليون	مليون	m i l y oo n	READY	
28003	NUM_128	ClosedClass	one billion	milliard	بِلْيُون	JED	بليون ولد	one_NUM billion_NUM	milliard_NUM	biloyuwn_NUM	بليون	بليون	b i l y oo n	READY	
28004	NUM_128	ClosedClass	one billion	milliard	بِلْيُون	RIY	بليون ولد	one_NUM billion_NUM	milliard_NUM	biloyuwn_NUM	بليون	بليون	b i l y oo n	READY	
28037	PREP_000	MixedClass	one	un	واحِد	JED		one_NUM	un_DET	wAHid_NOUN	واحد	واحد	w aa 7 i d	READY	
28041	PREP_000	MixedClass	one	un	واحِد	RIY		one_NUM	un_DET	wAHid_NOUN	واحد	واحد	w aa 7 i d	READY	
28053	PREP_001	MixedClass	aboard	à bord	عَلَى مَتْن	JED		aboard_ADP	à_ADP bord_NOUN	EalaY_ADP maton_NOUN	راكب	راكب	r aa k i b	READY	
28054	PREP_001	MixedClass	aboard	à bord	عَلَى مَتْن	RIY		aboard_ADP	à_ADP bord_NOUN	EalaY_ADP maton_NOUN	راكب	راكب	r aa k i b	READY	
28063	PREP_001	MixedClass	aboard	à bord	عَلَى مَتْن	JED		aboard_ADP	à_ADP bord_NOUN	EalaY_ADP maton_NOUN	على	على	3 a l a	READY	
28065	PREP_001	MixedClass	aboard	à bord	عَلَى مَتْن	RIY		aboard_ADP	à_ADP bord_NOUN	EalaY_ADP maton_NOUN	على	على	3 a l a	READY	
28085	PREP_001	MixedClass	aboard	à bord	عَلَى مَتْن	JED		aboard_ADP	à_ADP bord_NOUN	EalaY_ADP maton_NOUN	في	في	f ii	READY	
28087	PREP_001	MixedClass	aboard	à bord	عَلَى مَتْن	RIY		aboard_ADP	à_ADP bord_NOUN	EalaY_ADP maton_NOUN	في	في	f ii	READY	
28100	PREP_003	MixedClass	about	environ	حَوالَي	JED	Value Approximation	about_ADP	environ_ADV	HawAlay_NOUN	تقريبا	تقريبا	t a g r ii b a n	READY	
28101	PREP_003	MixedClass	about	environ	حَوالَي	RIY	Value Approximation	about_ADP	environ_ADV	HawAlay_NOUN	تقريبا	تقريبا	t a g r ii b a n	READY	
28109	PREP_003	MixedClass	about	environ	حَوالَي	JED	Value Approximation	about_ADP	environ_ADV	HawAlay_NOUN	تقريبا	تقريبا	t a q r ii b a n	READY	
28114	PREP_003	MixedClass	about	environ	حَوالَي	RIY	Value Approximation	about_ADP	environ_ADV	HawAlay_NOUN	تقريبا	تقريبا	t a q r ii b a n	READY	
28125	PREP_003	MixedClass	about	environ	حَوالَي	JED	Value Approximation	about_ADP	environ_ADV	HawAlay_NOUN	حوالي	حوالي	7 a w aa l i	READY	
28130	PREP_003	MixedClass	about	environ	حَوالَي	RIY	Value Approximation	about_ADP	environ_ADV	HawAlay_NOUN	حوالي	حوالي	7 a w aa l i	READY	
28162	PREP_004	MixedClass	above	au-dessus	فَوْق	JED		above_ADP	au-dessus_ADV	fawoq_NOUN	على	على	3 a l a	READY	
28164	PREP_004	MixedClass	above	au-dessus	فَوْق	RIY		above_ADP	au-dessus_ADV	fawoq_NOUN	على	على	3 a l a	READY	
28179	PREP_004	MixedClass	above	au-dessus	فَوْق	JED		above_ADP	au-dessus_ADV	fawoq_NOUN	فوق	فوق	f oo g	READY	
28182	PREP_004	MixedClass	above	au-dessus	فَوْق	RIY		above_ADP	au-dessus_ADV	fawoq_NOUN	فوق	فوق	f oo g	READY	
28225	PREP_005	MixedClass	across	de l' autre côté	فِي ال+ جانِب ال+ آخَر	RIY		across_ADP	de_ADP le_DET autre_ADJ côté_NOUN	fiy_ADP Al+_DET jAnib_NOUN Al+_DET Mxar_ADJ	قبال	قبال	g i b aa l	READY	
28226	PREP_005	MixedClass	across	de l' autre côté	فِي ال+ جانِب ال+ آخَر	JED		across_ADP	de_ADP le_DET autre_ADJ côté_NOUN	fiy_ADP Al+_DET jAnib_NOUN Al+_DET Mxar_ADJ	قبال	قبال	g u b aa l	READY	
28234	PREP_005	MixedClass	across	de l' autre côté	فِي ال+ جانِب ال+ آخَر	RIY		across_ADP	de_ADP le_DET autre_ADJ côté_NOUN	fiy_ADP Al+_DET jAnib_NOUN Al+_DET Mxar_ADJ	مقابل	مقابل	m i g aa b i l	READY	
28235	PREP_005	MixedClass	across	de l' autre côté	فِي ال+ جانِب ال+ آخَر	JED		across_ADP	de_ADP le_DET autre_ADJ côté_NOUN	fiy_ADP Al+_DET jAnib_NOUN Al+_DET Mxar_ADJ	مقابل	مقابل	m u g aa b i l	READY	
28259	PREP_006	MixedClass	after	après	بَعْد	JED		after_ADP	après_ADP	baEod_NOUN	بعد	بعد	b a 3 d	READY	
28262	PREP_006	MixedClass	after	après	بَعْد	RIY		after_ADP	après_ADP	baEod_NOUN	بعد	بعد	b a 3 d	READY	
28273	PREP_006	MixedClass	after	après	بَعْد	JED		after_ADP	après_ADP	baEod_NOUN	بعدين	بعدين	b a 3 d ee n	READY	
28299	PREP_007	MixedClass	all	tout	كُلّ ، جَمِيع	RIY		all_DET	tout_ADV	kulX_DET , jamiyE_DET	كل	كل	k i l l	READY	
28313	PREP_007	MixedClass	all	tout	كُلّ ، جَمِيع	JED		all_DET	tout_ADV	kulX_DET , jamiyE_DET	كل	كل	k u l l	READY	
28318	PREP_009	MixedClass	along	au long	عَلَى طُول	JED		along_ADP	au_ADP long_NOUN	EalaY_ADP Tuwl_NOUN	دغري	دغري	d u gh r i	READY	
28319	PREP_009	MixedClass	along	au long	عَلَى طُول	RIY		along_ADP	au_ADP long_NOUN	EalaY_ADP Tuwl_NOUN	دغري	دغري	d u gh r i	READY	
28321	PREP_009	MixedClass	along	au long	عَلَى طُول	RIY		along_ADP	au_ADP long_NOUN	EalaY_ADP Tuwl_NOUN	سيدا	سيدا	s ii d a	CHECK	Foreign
28322	PREP_009	MixedClass	along	au long	عَلَى طُول	JED		along_ADP	au_ADP long_NOUN	EalaY_ADP Tuwl_NOUN	طوالي	طوالي	t. a w w aa l i	READY	
28324	PREP_009	MixedClass	along	au long	عَلَى طُول	RIY		along_ADP	au_ADP long_NOUN	EalaY_ADP Tuwl_NOUN	طوالي	طوالي	t. a w w aa l i	READY	
28341	PREP_009	MixedClass	along	au long	عَلَى طُول	JED		along_ADP	au_ADP long_NOUN	EalaY_ADP Tuwl_NOUN	على طول	على طول	3 a l a # t. uu l	READY	
28362	PREP_010	MixedClass	among	parmi	بَيْنَ	JED		among_ADP	parmi_ADP	bayona_NOUN	بين	بين	b ee n	READY	
28366	PREP_010	MixedClass	among	parmi	بَيْنَ	RIY		among_ADP	parmi_ADP	bayona_NOUN	بين	بين	b ee n	READY	
28385	PREP_010	MixedClass	among	parmi	بَيْنَ	JED		among_ADP	parmi_ADP	bayona_NOUN	من بين	من بين	m i n # b ee n	READY	
28386	PREP_010	MixedClass	among	parmi	بَيْنَ	RIY		among_ADP	parmi_ADP	bayona_NOUN	من بين	من بين	m i n # b ee n	READY	
28387	PREP_010	MixedClass	among	parmi	بَيْنَ	JED		among_ADP	parmi_ADP	bayona_NOUN	من ضمن	من ضمن	m i n # d. i m n	READY	
28388	PREP_010	MixedClass	among	parmi	بَيْنَ	RIY		among_ADP	parmi_ADP	bayona_NOUN	من ضمن	من ضمن	m i n # dh. i m n	READY	
28396	PREP_011	ClosedClass	and	et	وَ+ ، وَ	JED		and_CCONJ	et_CCONJ	wa+_CCONJ , wa_CCONJ	و+	و+	u	READY	
28398	PREP_011	ClosedClass	and	et	وَ+ ، وَ	RIY		and_CCONJ	et_CCONJ	wa+_CCONJ , wa_CCONJ	و+	و+	u	READY	
28409	PREP_011	ClosedClass	and	et	وَ+ ، وَ	JED		and_CCONJ	et_CCONJ	wa+_CCONJ , wa_CCONJ	و+	و+	w	READY	
28413	PREP_011	ClosedClass	and	et	وَ+ ، وَ	RIY		and_CCONJ	et_CCONJ	wa+_CCONJ , wa_CCONJ	و+	و+	w	READY	
28447	PREP_013	MixedClass	then	ensuite	ثُمَّ	JED		then_CCONJ	ensuite_ADV	vumXa_CCONJ	بعدين	بعدين	b a 3 d ee n	READY	
28451	PREP_013	MixedClass	then	ensuite	ثُمَّ	RIY		then_CCONJ	ensuite_ADV	vumXa_CCONJ	بعدين	بعدين	b a 3 d ee n	READY	
28457	PREP_013	MixedClass	then	ensuite	ثُمَّ	RIY		then_CCONJ	ensuite_ADV	vumXa_CCONJ	ف+	ف+	f	CHECK	
28467	PREP_013	MixedClass	then	ensuite	ثُمَّ	JED		then_CCONJ	ensuite_ADV	vumXa_CCONJ	ف+	ف+	f a	READY	
28471	PREP_013	MixedClass	then	ensuite	ثُمَّ	RIY		then_CCONJ	ensuite_ADV	vumXa_CCONJ	ف+	ف+	f a	READY	
28477	PREP_013	MixedClass	then	ensuite	ثُمَّ	RIY		then_CCONJ	ensuite_ADV	vumXa_CCONJ	من ثم	من ثم	m i n # th a m m a	READY	
28497	PREP_014	MixedClass	another	autre	آخَر	JED		another_DET	autre_ADJ	Mxar_ADJ	ثاني	ثاني	t aa n i	READY	
28507	PREP_014	MixedClass	another	autre	آخَر	RIY		another_DET	autre_ADJ	Mxar_ADJ	ثاني	ثاني	th aa n i	READY	
28519	PREP_014	MixedClass	another	autre	آخَر	JED		another_DET	autre_ADJ	Mxar_ADJ	كمان	كمان	k a m aa n	READY	
28520	PREP_014	MixedClass	another	autre	آخَر	RIY		another_DET	autre_ADJ	Mxar_ADJ	كمان	كمان	k a m aa n	READY	
28533	PREP_016	MixedClass	around	vers	حَوالَي ، حَول	JED	Location Approximation	around_ADP	vers_ADP	HawAlay_NOUN , Hawol_NOUN	تقريبا	تقريبا	t a g r ii b a n	READY	
28535	PREP_016	MixedClass	around	vers	حَوالَي ، حَول	RIY	Location Approximation	around_ADP	vers_ADP	HawAlay_NOUN , Hawol_NOUN	تقريبا	تقريبا	t a g r ii b a n	READY	
28543	PREP_016	MixedClass	around	vers	حَوالَي ، حَول	JED	Location Approximation	around_ADP	vers_ADP	HawAlay_NOUN , Hawol_NOUN	تقريبا	تقريبا	t a q r ii b a n	READY	
28548	PREP_016	MixedClass	around	vers	حَوالَي ، حَول	RIY	Location Approximation	around_ADP	vers_ADP	HawAlay_NOUN , Hawol_NOUN	تقريبا	تقريبا	t a q r ii b a n	READY	
28576	PREP_016	MixedClass	around	vers	حَوالَي ، حَول	JED	Location Approximation	around_ADP	vers_ADP	HawAlay_NOUN , Hawol_NOUN	حوالي	حوالي	7 a w aa l i	READY	
28580	PREP_016	MixedClass	around	vers	حَوالَي ، حَول	RIY	Location Approximation	around_ADP	vers_ADP	HawAlay_NOUN , Hawol_NOUN	حوالي	حوالي	7 a w aa l i	READY	
28603	PREP_017	MixedClass	as	comme	كَ+	JED		as_ADP	comme_ADV	ka+_ADP	زي	زي	z a y y	READY	
28610	PREP_017	MixedClass	as	comme	كَ+	RIY		as_ADP	comme_ADV	ka+_ADP	ك+	ك+	k a	CHECK	
28615	PREP_017	MixedClass	as	comme	كَ+	JED		as_ADP	comme_ADV	ka+_ADP	ك+	ك+	k a	CHECK	
28618	PREP_017	MixedClass	as	comme	كَ+	RIY		as_ADP	comme_ADV	ka+_ADP	ك+	ك+	k a	CHECK	
28645	PREP_017	MixedClass	as	comme	كَ+	RIY		as_ADP	comme_ADV	ka+_ADP	مثل	مثل	m i th l	READY	
28647	PREP_018	ClosedClass	at	à	فِي	JED		at_ADP	à_ADP	fiy_ADP	الساعة	ال+ ساعة	2 a s s aa 3 a	READY	
28648	PREP_018	ClosedClass	at	à	فِي	RIY		at_ADP	à_ADP	fiy_ADP	الساعة	ال+ ساعة	2 a s s aa 3 a	READY	
28656	PREP_018	ClosedClass	at	à	فِي	JED		at_ADP	à_ADP	fiy_ADP	على	على	3 a l a	READY	
28657	PREP_018	ClosedClass	at	à	فِي	RIY		at_ADP	à_ADP	fiy_ADP	على	على	3 a l a	READY	
28701	PREP_019	MixedClass	at	chez	عِنْد	JED		at_ADP	chez_ADP	Einod_NOUN	عند	عند	3 i n d	READY	
28704	PREP_019	MixedClass	at	chez	عِنْد	RIY		at_ADP	chez_ADP	Einod_NOUN	عند	عند	3 i n d	READY	
28712	PREP_019	MixedClass	at	chez	عِنْد	JED		at_ADP	chez_ADP	Einod_NOUN	في	في	f i	READY	
28714	PREP_019	MixedClass	at	chez	عِنْد	RIY		at_ADP	chez_ADP	Einod_NOUN	في	في	f i	READY	
28734	PREP_020	MixedClass	because	parce que	لِ+ أَنَّ	JED		because_ADP	parce que_ADV	li+_ADP OanXa_SCONJ	عشان	عشان	3 a sh aa n	READY	
28738	PREP_020	MixedClass	because	parce que	لِ+ أَنَّ	RIY		because_ADP	parce que_ADV	li+_ADP OanXa_SCONJ	عشان	عشان	3 a sh aa n	READY	
28744	PREP_020	MixedClass	because	parce que	لِ+ أَنَّ	JED		because_ADP	parce que_ADV	li+_ADP OanXa_SCONJ	علىشان	على+ شان	3 a l a sh aa n	CHECK	
28745	PREP_020	MixedClass	because	parce que	لِ+ أَنَّ	RIY		because_ADP	parce que_ADV	li+_ADP OanXa_SCONJ	علىشان	على+ شان	3 a l a sh aa n	CHECK	
28762	PREP_020	MixedClass	because	parce que	لِ+ أَنَّ	JED		because_ADP	parce que_ADV	li+_ADP OanXa_SCONJ	لان	ل+ ان	l i 2 a n n	READY	
28763	PREP_020	MixedClass	because	parce que	لِ+ أَنَّ	RIY		because_ADP	parce que_ADV	li+_ADP OanXa_SCONJ	لان	ل+ ان	l i 2 a n n	READY	
28796	PREP_021	MixedClass	before	avant	قَبْل	JED		before_ADP	avant_ADP	qabol_NOUN	قبل	قبل	g a b l	READY	
28797	PREP_021	MixedClass	before	avant	قَبْل	RIY		before_ADP	avant_ADP	qabol_NOUN	قبل	قبل	g a b l	READY	
28813	PREP_021	MixedClass	before	avant	قَبْل	JED		before_ADP	avant_ADP	qabol_NOUN	قدام	قدام	g u d d aa m	READY	
28814	PREP_021	MixedClass	before	avant	قَبْل	RIY		before_ADP	avant_ADP	qabol_NOUN	قدام	قدام	g u d d aa m	READY	
28815	PREP_022	MixedClass	behind	derrière	خَلْف	JED		behind_ADP	derrière_ADP	xalof_NOUN	بعد	بعد	b a 3 d	READY	
28816	PREP_022	MixedClass	behind	derrière	خَلْف	RIY		behind_ADP	derrière_ADP	xalof_NOUN	بعد	بعد	b a 3 d	READY	
28832	PREP_022	MixedClass	behind	derrière	خَلْف	JED		behind_ADP	derrière_ADP	xalof_NOUN	ورا	ورا	w a r a	READY	
28836	PREP_022	MixedClass	behind	derrière	خَلْف	RIY		behind_ADP	derrière_ADP	xalof_NOUN	ورا	ورا	w a r a	READY	
28860	PREP_023	MixedClass	beside	près	جِوار	JED		beside_ADP	près_ADV	jiwAr_NOUN	جنب	جنب	j a m b	READY	
28863	PREP_023	MixedClass	beside	près	جِوار	RIY		beside_ADP	près_ADV	jiwAr_NOUN	جنب	جنب	j a m b	READY	
28884	PREP_023	MixedClass	beside	près	جِوار	JED		beside_ADP	près_ADV	jiwAr_NOUN	عند	عند	3 i n d	READY	
28886	PREP_023	MixedClass	beside	près	جِوار	RIY		beside_ADP	près_ADV	jiwAr_NOUN	عند	عند	3 i n d	READY	
28906	PREP_024	MixedClass	between	entre	بَيْنَ	JED		between_ADP	entre_ADP	bayona_NOUN	بين	بين	b ee n	READY	
28910	PREP_024	MixedClass	between	entre	بَيْنَ	RIY		between_ADP	entre_ADP	bayona_NOUN	بين	بين	b ee n	READY	
28937	PREP_026	ClosedClass	but	mais	لٰكِنْ	JED		but_CCONJ	mais_CCONJ	lekino_CCONJ	بس	بس	b a s s	READY	
28939	PREP_026	ClosedClass	but	mais	لٰكِنْ	RIY		but_CCONJ	mais_CCONJ	lekino_CCONJ	بس	بس	b a s s	READY	
28958	PREP_026	ClosedClass	but	mais	لٰكِنْ	JED		but_CCONJ	mais_CCONJ	lekino_CCONJ	لكن	لكن	l aa k i n n	READY	
28959	PREP_026	ClosedClass	but	mais	لٰكِنْ	RIY		but_CCONJ	mais_CCONJ	lekino_CCONJ	لكن	لكن	l aa k i n n	READY	
28972	PREP_027	ClosedClass	by	par	بِ+	RIY		by_ADP	par_ADP	bi+_ADP	ب+	ب+	b	READY	
28987	PREP_027	ClosedClass	by	par	بِ+	JED		by_ADP	par_ADP	bi+_ADP	ب+	ب+	b i	READY	
28991	PREP_027	ClosedClass	by	par	بِ+	RIY		by_ADP	par_ADP	bi+_ADP	ب+	ب+	b i	READY	
29031	PREP_028	MixedClass	during	pendant	خِلال	JED		during_ADP	pendant_ADP	xilAl_NOUN	في	في	f i	READY	
29032	PREP_028	MixedClass	during	pendant	خِلال	RIY		during_ADP	pendant_ADP	xilAl_NOUN	في	في	f i	READY	
29039	PREP_028	MixedClass	during	pendant	خِلال	JED		during_ADP	pendant_ADP	xilAl_NOUN	لما	لما	l a m m a	READY	
29042	PREP_028	MixedClass	during	pendant	خِلال	RIY		during_ADP	pendant_ADP	xilAl_NOUN	لما	لما	l a m m a	READY	
29044	PREP_028	MixedClass	during	pendant	خِلال	JED		during_ADP	pendant_ADP	xilAl_NOUN	لمن	لمن	l a m m a n	READY	
29045	PREP_028	MixedClass	during	pendant	خِلال	JED		during_ADP	pendant_ADP	xilAl_NOUN	و+	و+	2 u	READY	
29046	PREP_028	MixedClass	during	pendant	خِلال	RIY		during_ADP	pendant_ADP	xilAl_NOUN	و+	و+	2 u	READY	
29065	PREP_029	ClosedClass	each	chaque	كُلّ	RIY		each_DET	chaque_PRON	kulX_DET	كل	كل	k i l l	READY	
29078	PREP_029	ClosedClass	each	chaque	كُلّ	JED		each_DET	chaque_PRON	kulX_DET	كل	كل	k u l l	READY	
29099	PREP_030	ClosedClass	every	tout	كُلّ	RIY		every_DET	tout_PRON	kulX_DET	كل	كل	k i l l	READY	
29111	PREP_030	ClosedClass	every	tout	كُلّ	JED		every_DET	tout_PRON	kulX_DET	كل	كل	k u l l	READY	
29126	PREP_031	MixedClass	except	sauf	عَدا	JED		except_ADP	sauf_ADP	EadA_VERB	الا	الا	2 i l l a	READY	
29130	PREP_031	MixedClass	except	sauf	عَدا	RIY		except_ADP	sauf_ADP	EadA_VERB	الا	الا	2 i l l a	READY	
29172	PREP_032	MixedClass	for	pour	لِ+ ، مِن أَجْل	RIY		for_ADP	pour_ADP	li+_ADP , min_ADP Oajol_NOUN	عشان	عشان	3 a sh aa n	READY	
29177	PREP_032	MixedClass	for	pour	لِ+ ، مِن أَجْل	JED		for_ADP	pour_ADP	li+_ADP , min_ADP Oajol_NOUN	علىشان	على+ شان	3 a l a sh aa n	CHECK	
29182	PREP_032	MixedClass	for	pour	لِ+ ، مِن أَجْل	RIY		for_ADP	pour_ADP	li+_ADP , min_ADP Oajol_NOUN	ل+	ل+	l	READY	
29199	PREP_032	MixedClass	for	pour	لِ+ ، مِن أَجْل	JED		for_ADP	pour_ADP	li+_ADP , min_ADP Oajol_NOUN	ل+	ل+	l i	READY	
29201	PREP_032	MixedClass	for	pour	لِ+ ، مِن أَجْل	RIY		for_ADP	pour_ADP	li+_ADP , min_ADP Oajol_NOUN	ل+	ل+	l i	READY	
29204	PREP_032	MixedClass	for	pour	لِ+ ، مِن أَجْل	JED		for_ADP	pour_ADP	li+_ADP , min_ADP Oajol_NOUN	ل+	ل+	l ii	READY	
29226	PREP_034	ClosedClass	from	de	مِن	JED		from_ADP	de_ADP	min_ADP	من	من	m i n	READY	
29231	PREP_034	ClosedClass	from	de	مِن	RIY		from_ADP	de_ADP	min_ADP	من	من	m i n	READY	
29248	PREP_035	ClosedClass	if	si	إِذا ، لَوْ	RIY		if_ADP	si_CCONJ	IiVA_SCONJ , lawo_SCONJ	اذا	اذا	2 i dh a	READY	
29261	PREP_035	ClosedClass	if	si	إِذا ، لَوْ	JED		if_ADP	si_CCONJ	IiVA_SCONJ , lawo_SCONJ	اذا	اذا	2 i z a	READY	
29264	PREP_035	ClosedClass	if	si	إِذا ، لَوْ	JED		if_ADP	si_CCONJ	IiVA_SCONJ , lawo_SCONJ	ان	ان	2 i n	READY	
29282	PREP_035	ClosedClass	if	si	إِذا ، لَوْ	JED		if_ADP	si_CCONJ	IiVA_SCONJ , lawo_SCONJ	لو	لو	l a w	READY	
29287	PREP_035	ClosedClass	if	si	إِذا ، لَوْ	RIY		if_ADP	si_CCONJ	IiVA_SCONJ , lawo_SCONJ	لو	لو	l a w	READY	
29297	PREP_039	ClosedClass	in , into	dans	فِي	RIY		in_ADP , into_ADP	dans_ADP	fiy_ADP	ب+	ب+	b	READY	
29304	PREP_039	ClosedClass	in , into	dans	فِي	JED		in_ADP , into_ADP	dans_ADP	fiy_ADP	ب+	ب+	b i	READY	
29320	PREP_039	ClosedClass	in , into	dans	فِي	JED		in_ADP , into_ADP	dans_ADP	fiy_ADP	في	في	f i	READY	
29323	PREP_039	ClosedClass	in , into	dans	فِي	RIY		in_ADP , into_ADP	dans_ADP	fiy_ADP	في	في	f i	READY	
29355	PREP_040	MixedClass	inside	à l' intérieur	داخِل	JED		inside_ADP	à_ADP le_DET intérieur_NOUN	dAxil_NOUN	جوات	جوات	j u w w aa t	READY	
29365	PREP_040	MixedClass	inside	à l' intérieur	داخِل	JED		inside_ADP	à_ADP le_DET intérieur_NOUN	dAxil_NOUN	جوة	جوة	j u w w a	CHECK	
29368	PREP_040	MixedClass	inside	à l' intérieur	داخِل	RIY		inside_ADP	à_ADP le_DET intérieur_NOUN	dAxil_NOUN	جوة	جوة	j u w w a	CHECK	
29393	PREP_041	MixedClass	like	comme	مِثْل	JED		like_ADP	comme_ADV	mivol_NOUN	زي	زي	z a y y	READY	
29427	PREP_041	MixedClass	like	comme	مِثْل	RIY		like_ADP	comme_ADV	mivol_NOUN	مثل	مثل	m i th i l	READY	
29444	PREP_042	MixedClass	near	près	قُرْب	JED		near_ADP	près_ADV	qurob_NOUN	جنب	جنب	j a m b	READY	
29447	PREP_042	MixedClass	near	près	قُرْب	RIY		near_ADP	près_ADV	qurob_NOUN	جنب	جنب	j a m b	READY	
29474	PREP_042	MixedClass	near	près	قُرْب	JED		near_ADP	près_ADV	qurob_NOUN	قريب	قريب	g a r ii b	READY	
29475	PREP_042	MixedClass	near	près	قُرْب	JED		near_ADP	près_ADV	qurob_NOUN	قريب	قريب	g a r ii b	READY	
29477	PREP_042	MixedClass	near	près	قُرْب	RIY		near_ADP	près_ADV	qurob_NOUN	قريب	قريب	g a r ii b	READY	
29478	PREP_042	MixedClass	near	près	قُرْب	RIY		near_ADP	près_ADV	qurob_NOUN	قريب	قريب	g a r ii b	READY	
29490	PREP_043	MixedClass	next	prochain	قادِم	JED		next_ADP	prochain_ADJ	qAdim_ADJ	الجاي	ال+ جاي	2 a l j a y y	READY	
29491	PREP_043	MixedClass	next	prochain	قادِم	JED		next_ADP	prochain_ADJ	qAdim_ADJ	الجاي	ال+ جاي	2 a l j aa y	READY	
29492	PREP_043	MixedClass	next	prochain	قادِم	RIY		next_ADP	prochain_ADJ	qAdim_ADJ	الجاي	ال+ جاي	2 a l j aa y	READY	
29500	PREP_043	MixedClass	next	prochain	قادِم	JED		next_ADP	prochain_ADJ	qAdim_ADJ	اللي يجي	اللي يجي	2 i l l i # y i j i	READY	
29547	PREP_044	MixedClass	no	non	كَلّا	JED		no_DET	non_ADV	kalXA_INTJ	لأ	لأ	l a 2	READY	
29561	PREP_044	MixedClass	no	non	كَلّا	JED		no_DET	non_ADV	kalXA_INTJ	لأ	لأ	l a 2 2 a	READY	
29567	PREP_044	MixedClass	no	non	كَلّا	JED		no_DET	non_ADV	kalXA_INTJ	لا	لا	l a	READY	
29569	PREP_044	MixedClass	no	non	كَلّا	RIY		no_DET	non_ADV	kalXA_INTJ	لا	لا	l a	READY	
29588	PREP_046	MixedClass	of	de	خاصَّة ، {تركيب إضافة}	JED	الباب خاصة البيت، باب البيت	of_ADP	de_ADP	xASXap_NOUN , {Idafa Construction}	بتاع	بتاع	b i t aa 3	READY	
29602	PREP_046	MixedClass	of	de	خاصَّة ، {تركيب إضافة}	JED	الباب خاصة البيت، باب البيت	of_ADP	de_ADP	xASXap_NOUN , {Idafa Construction}	حق	حق	7 a g g	READY	
29603	PREP_046	MixedClass	of	de	خاصَّة ، {تركيب إضافة}	RIY	الباب خاصة البيت، باب البيت	of_ADP	de_ADP	xASXap_NOUN , {Idafa Construction}	حق	حق	7 a g g	READY	
29631	PREP_048	MixedClass	take off	baisser le prix	خَصَم	JED	price reduction	take_VERB off_ADP	baisser_VERB le_DET prix_NOUN	xaSom_NOUN	خصم	خصم	kh a s. a m	READY	
29636	PREP_048	MixedClass	take off	baisser le prix	خَصَم	RIY	price reduction	take_VERB off_ADP	baisser_VERB le_DET prix_NOUN	xaSom_NOUN	خصم	خصم	kh a s. a m	READY	
29640	PREP_048	MixedClass	take off	baisser le prix	خَصَم	JED	price reduction	take_VERB off_ADP	baisser_VERB le_DET prix_NOUN	xaSom_NOUN	خفض	خفض	kh a f f a d.	READY	
29644	PREP_048	MixedClass	take off	baisser le prix	خَصَم	RIY	price reduction	take_VERB off_ADP	baisser_VERB le_DET prix_NOUN	xaSom_NOUN	خفض	خفض	kh a f f a dh.	READY	
29652	PREP_048	MixedClass	take off	baisser le prix	خَصَم	JED	price reduction	take_VERB off_ADP	baisser_VERB le_DET prix_NOUN	xaSom_NOUN	شال	شال	sh aa l	READY	
29672	PREP_049	ClosedClass	on	sur	عَلَى	JED		on_ADP	sur_ADP	EalaY_ADP	ع+	ع+	3 a	READY	
29693	PREP_049	ClosedClass	on	sur	عَلَى	JED		on_ADP	sur_ADP	EalaY_ADP	على	على	3 a l a	READY	
29697	PREP_049	ClosedClass	on	sur	عَلَى	RIY		on_ADP	sur_ADP	EalaY_ADP	على	على	3 a l a	READY	
29721	PREP_050	ClosedClass	or	ou	أَمْ ، أَوْ	JED		or_CCONJ	ou_CCONJ	Oamo_CCONJ , Oawo_CCONJ	او	او	2 a w	READY	
29726	PREP_050	ClosedClass	or	ou	أَمْ ، أَوْ	RIY		or_CCONJ	ou_CCONJ	Oamo_CCONJ , Oawo_CCONJ	او	او	2 a w	READY	
29745	PREP_050	ClosedClass	or	ou	أَمْ ، أَوْ	JED		or_CCONJ	ou_CCONJ	Oamo_CCONJ , Oawo_CCONJ	والا	والا	w a l l a	CHECK	
29747	PREP_050	ClosedClass	or	ou	أَمْ ، أَوْ	RIY		or_CCONJ	ou_CCONJ	Oamo_CCONJ , Oawo_CCONJ	والا	والا	w a l l a	CHECK	
29775	PREP_052	MixedClass	outside	à l' extérieur	خارِج	JED		outside_ADP	à_ADP le_DET extérieur_NOUN	xArij_NOUN	برات	برات	b a r r aa t	READY	
29786	PREP_052	MixedClass	outside	à l' extérieur	خارِج	JED		outside_ADP	à_ADP le_DET extérieur_NOUN	xArij_NOUN	برة	برة	b a r r a	CHECK	
29791	PREP_052	MixedClass	outside	à l' extérieur	خارِج	RIY		outside_ADP	à_ADP le_DET extérieur_NOUN	xArij_NOUN	برة	برة	b a r r a	CHECK	
29815	PREP_053	MixedClass	over	plus de	أَكْثَر مِن	JED		over_ADP	plus_ADV de_ADP	Oakovar_ADJ min_ADP	اكثر من	اكثر من	2 a k t a r # m i n	READY	
29823	PREP_053	MixedClass	over	plus de	أَكْثَر مِن	RIY		over_ADP	plus_ADV de_ADP	Oakovar_ADJ min_ADP	اكثر من	اكثر من	2 a k th a r # m i n	READY	
29875	PREP_054	MixedClass	plus , in addition to	en plus de	إِضافَة إِلَى	JED		plus_CCONJ , in_ADP addition_NOUN to_ADP	en_ADP plus_ADV de_ADP	IiDAfap_NOUN IilaY_ADP	كمان	كمان	k a m aa n	READY	
29876	PREP_054	MixedClass	plus , in addition to	en plus de	إِضافَة إِلَى	RIY		plus_CCONJ , in_ADP addition_NOUN to_ADP	en_ADP plus_ADV de_ADP	IiDAfap_NOUN IilaY_ADP	كمان	كمان	k a m aa n	READY	
29877	PREP_054	MixedClass	plus , in addition to	en plus de	إِضافَة إِلَى	JED		plus_CCONJ , in_ADP addition_NOUN to_ADP	en_ADP plus_ADV de_ADP	IiDAfap_NOUN IilaY_ADP	كمان	كمان	k a m aa n a	READY	
29900	PREP_055	MixedClass	since , ago	depuis	مُنْذُ	JED		since_ADP , ago_ADV	depuis_ADP	munoVu_ADP	من	من	m i n	READY	
29905	PREP_055	MixedClass	since , ago	depuis	مُنْذُ	RIY		since_ADP , ago_ADV	depuis_ADP	munoVu_ADP	من	من	m i n	READY	
29922	PREP_057	MixedClass	some	du , quelque	بَعْض	JED		some_DET	du_ADP , quelque_PRON	baEoD_NOUN	بعض	بعض	b a 3 d.	READY	
29925	PREP_057	MixedClass	some	du , quelque	بَعْض	RIY		some_DET	du_ADP , quelque_PRON	baEoD_NOUN	بعض	بعض	b a 3 dh.	READY	
29934	PREP_057	MixedClass	some	du , quelque	بَعْض	RIY		some_DET	du_ADP , quelque_PRON	baEoD_NOUN	شوي	شوي	sh w a y y	READY	
29940	PREP_057	MixedClass	some	du , quelque	بَعْض	JED		some_DET	du_ADP , quelque_PRON	baEoD_NOUN	شوية	شوية	sh w a y y a	READY	
29972	PREP_058	ClosedClass	that	que	أَنَّ	RIY		that_ADP	que_CCONJ	OanXa_SCONJ	ان	ان	2 a n	READY	
29978	PREP_058	ClosedClass	that	que	أَنَّ	JED		that_ADP	que_CCONJ	OanXa_SCONJ	ان	ان	2 i n n	READY	
30002	PREP_060	ClosedClass	the	le	ال+	JED		the_DET	le_DET	Al+_DET	ال+	ال+	2 a l	READY	
30004	PREP_060	ClosedClass	the	le	ال+	RIY		the_DET	le_DET	Al+_DET	ال+	ال+	2 a l	READY	
30031	PREP_060	ClosedClass	the	le	ال+	JED		the_DET	le_DET	Al+_DET	ال+	ال+	2 i l	CHECK	
30032	PREP_060	ClosedClass	the	le	ال+	RIY		the_DET	le_DET	Al+_DET	ال+	ال+	2 i l	CHECK	
30087	PREP_061	MixedClass	go through , cross	passer	عَبَر	JED		go_VERB through_ADP , cross_VERB	passer_VERB	Eabar_VERB	قطع	قطع	g a t. a 3	READY	
30096	PREP_061	MixedClass	go through , cross	passer	عَبَر	JED		go_VERB through_ADP , cross_VERB	passer_VERB	Eabar_VERB	مر	مر	m a r r	READY	
30097	PREP_061	MixedClass	go through , cross	passer	عَبَر	RIY		go_VERB through_ADP , cross_VERB	passer_VERB	Eabar_VERB	مر	مر	m a r r	READY	
30105	PREP_062	ClosedClass	till , until	jusque	حَتَّى	JED		till_ADP , until_ADP	jusque_ADP	HatXaY_ADP	الين	الين	2 i l ee n	CHECK	
30112	PREP_062	ClosedClass	till , until	jusque	حَتَّى	JED		till_ADP , until_ADP	jusque_ADP	HatXaY_ADP	حتى	حتى	7 a t t a	READY	
30116	PREP_062	ClosedClass	till , until	jusque	حَتَّى	RIY		till_ADP , until_ADP	jusque_ADP	HatXaY_ADP	حتى	حتى	7 a t t a	READY	
30156	PREP_062	ClosedClass	till , until	jusque	حَتَّى	JED		till_ADP , until_ADP	jusque_ADP	HatXaY_ADP	لين	لين	l ee n	READY	
30158	PREP_062	ClosedClass	till , until	jusque	حَتَّى	RIY		till_ADP , until_ADP	jusque_ADP	HatXaY_ADP	لين	لين	l ee n	READY	
30161	PREP_063	ClosedClass	to	à	إِلَى	JED		to_ADP	à_ADP	IilaY_ADP	الى	الى	2 i l a	READY	
30163	PREP_063	ClosedClass	to	à	إِلَى	RIY		to_ADP	à_ADP	IilaY_ADP	الى	الى	2 i l a	READY	
30176	PREP_063	ClosedClass	to	à	إِلَى	RIY		to_ADP	à_ADP	IilaY_ADP	ل+	ل+	l	READY	
30200	PREP_063	ClosedClass	to	à	إِلَى	JED		to_ADP	à_ADP	IilaY_ADP	ل+	ل+	l i	READY	
30202	PREP_063	ClosedClass	to	à	إِلَى	RIY		to_ADP	à_ADP	IilaY_ADP	ل+	ل+	l i	READY	
30213	PREP_064	MixedClass	toward	vers	ٱِتِّجاه	JED		toward_ADP	vers_ADP	LitXijAh_NOUN	اتجاه	اتجاه	2 i t t i j aa h	READY	
30249	PREP_064	MixedClass	toward	vers	ٱِتِّجاه	JED		toward_ADP	vers_ADP	LitXijAh_NOUN	في طريق	في طريق	f ii # t. a r ii g	READY	
30250	PREP_064	MixedClass	toward	vers	ٱِتِّجاه	RIY		toward_ADP	vers_ADP	LitXijAh_NOUN	في طريق	في طريق	f ii # t. a r ii g	READY	
30277	PREP_065	MixedClass	under	sous	تَحْتَ	JED		under_ADP	sous_ADP	taHota_NOUN	تحت	تحت	t a 7 t	READY	
30281	PREP_065	MixedClass	under	sous	تَحْتَ	RIY		under_ADP	sous_ADP	taHota_NOUN	تحت	تحت	t a 7 t	READY	
30302	PREP_069	ClosedClass	whether	si	إِذا ما	RIY		whether_ADP	si_CCONJ	IiVA_SCONJ mA_SCONJ	اذا	اذا	2 i dh a	READY	
30311	PREP_069	ClosedClass	whether	si	إِذا ما	JED		whether_ADP	si_CCONJ	IiVA_SCONJ mA_SCONJ	اذا	اذا	2 i z a	READY	
30322	PREP_069	ClosedClass	whether	si	إِذا ما	JED		whether_ADP	si_CCONJ	IiVA_SCONJ mA_SCONJ	او	او	2 a w	READY	
30323	PREP_069	ClosedClass	whether	si	إِذا ما	RIY		whether_ADP	si_CCONJ	IiVA_SCONJ mA_SCONJ	او	او	2 a w	READY	
30340	PREP_069	ClosedClass	whether	si	إِذا ما	JED		whether_ADP	si_CCONJ	IiVA_SCONJ mA_SCONJ	لو	لو	l a w	READY	
30343	PREP_069	ClosedClass	whether	si	إِذا ما	RIY		whether_ADP	si_CCONJ	IiVA_SCONJ mA_SCONJ	لو	لو	l a w	READY	
30364	PREP_070	MixedClass	while	pendant	أَثْناءَ	JED		while_ADP	pendant_ADP	OavonACa_NOUN	لما	لما	l a m m a	READY	
30367	PREP_070	MixedClass	while	pendant	أَثْناءَ	RIY		while_ADP	pendant_ADP	OavonACa_NOUN	لما	لما	l a m m a	READY	
30369	PREP_070	MixedClass	while	pendant	أَثْناءَ	JED		while_ADP	pendant_ADP	OavonACa_NOUN	لمن	لمن	l a m m a n	READY	
30370	PREP_070	MixedClass	while	pendant	أَثْناءَ	JED		while_ADP	pendant_ADP	OavonACa_NOUN	و+	و+	2 u	READY	
30371	PREP_070	MixedClass	while	pendant	أَثْناءَ	RIY		while_ADP	pendant_ADP	OavonACa_NOUN	و+	و+	2 u	READY	
30418	PREP_073	MixedClass	with	avec	مَع	RIY		with_ADP	avec_ADP	maE_NOUN	مع	مع	m a 3	READY	
30426	PREP_073	MixedClass	with	avec	مَع	JED		with_ADP	avec_ADP	maE_NOUN	مع	مع	m a 3 a	READY	
30441	PREP_073	MixedClass	with	avec	مَع	RIY		with_ADP	avec_ADP	maE_NOUN	ويا	ويا	w i y y a	READY	
30446	PREP_076	MixedClass	within	dans	فِي حُدود	JED		within_ADP	dans_ADP	fiy_ADP HadX_NOUN	بحدود	ب+ حدود	b i 7 d uu d	READY	
30448	PREP_076	MixedClass	within	dans	فِي حُدود	RIY		within_ADP	dans_ADP	fiy_ADP HadX_NOUN	بحدود	ب+ حدود	b i 7 d uu d	READY	
30453	PREP_076	MixedClass	within	dans	فِي حُدود	JED		within_ADP	dans_ADP	fiy_ADP HadX_NOUN	بين وبين	بين و+ بين	b ee n # u b ee n	CHECK	
30454	PREP_076	MixedClass	within	dans	فِي حُدود	RIY		within_ADP	dans_ADP	fiy_ADP HadX_NOUN	بين وبين	بين و+ بين	b ee n # u b ee n	CHECK	
30455	PREP_076	MixedClass	within	dans	فِي حُدود	JED		within_ADP	dans_ADP	fiy_ADP HadX_NOUN	تقريبا	تقريبا	t a q r ii b a n	READY	
30456	PREP_076	MixedClass	within	dans	فِي حُدود	RIY		within_ADP	dans_ADP	fiy_ADP HadX_NOUN	تقريبا	تقريبا	t a q r ii b a n	READY	
30479	PREP_076	MixedClass	within	dans	فِي حُدود	JED		within_ADP	dans_ADP	fiy_ADP HadX_NOUN	في حدود	في حدود	f i # 7 d uu d	READY	
30480	PREP_076	MixedClass	within	dans	فِي حُدود	RIY		within_ADP	dans_ADP	fiy_ADP HadX_NOUN	في حدود	في حدود	f i # 7 d uu d	READY	
30503	PREP_077	MixedClass	without	sans	دُون	JED		without_ADP	sans_ADP	duwn_NOUN	بدون	ب+ دون	b i d uu n	READY	
30506	PREP_077	MixedClass	without	sans	دُون	RIY		without_ADP	sans_ADP	duwn_NOUN	بدون	ب+ دون	b i d uu n	READY	
30516	PREP_077	MixedClass	without	sans	دُون	RIY		without_ADP	sans_ADP	duwn_NOUN	من دون	من دون	m i n # d uu n	READY	
30525	PREP_077	MixedClass	without	sans	دُون	JED		without_ADP	sans_ADP	duwn_NOUN	من غير	من غير	m i n # gh ee r	READY	
30551	PRON_001	ClosedClass	I	je	أَنا	JED	أنا سعيد	i_PRON	je_PRON	OanA_PRON	انا	انا	2 a n a	READY	
30556	PRON_001	ClosedClass	I	je	أَنا	RIY	أنا سعيد	i_PRON	je_PRON	OanA_PRON	انا	انا	2 a n a	READY	
30575	PRON_002	ClosedClass	me	me	#+نِي	JED	ضربني	i_PRON	me_PRON	#+niy_PRON	#+ني	#+ني	n i	READY	
30578	PRON_002	ClosedClass	me	me	#+نِي	RIY	ضربني	i_PRON	me_PRON	#+niy_PRON	#+ني	#+ني	n i	READY	
30625	PRON_003	ClosedClass	mine	le mien , la mienne , les miens , les miennes	لِ +ي	JED		mine_PRON	le_PRON mien_PRON , le_PRON mien_PRON , le_PRON mien_PRON , le_PRON mien_PRON	li_ADP +y_PRON	حقي	حق +ي	7 a g g i	READY	
30627	PRON_003	ClosedClass	mine	le mien , la mienne , les miens , les miennes	لِ +ي	RIY		mine_PRON	le_PRON mien_PRON , le_PRON mien_PRON , le_PRON mien_PRON , le_PRON mien_PRON	li_ADP +y_PRON	حقي	حق +ي	7 a g g i	READY	
30637	PRON_003	ClosedClass	mine	le mien , la mienne , les miens , les miennes	لِ +ي	JED		mine_PRON	le_PRON mien_PRON , le_PRON mien_PRON , le_PRON mien_PRON , le_PRON mien_PRON	li_ADP +y_PRON	لي	ل +ي	l i y y a	CHECK	
30641	PRON_003	ClosedClass	mine	le mien , la mienne , les miens , les miennes	لِ +ي	RIY		mine_PRON	le_PRON mien_PRON , le_PRON mien_PRON , le_PRON mien_PRON , le_PRON mien_PRON	li_ADP +y_PRON	لي	ل +ي	l ii	READY	
30661	PRON_004	ClosedClass	my	mon , ma	#+ِي	JED	هذا بيتي	my_PRON	mon_PRON , mon_PRON	#+iy_PRON	#+ي	#+ي	i	READY	
30664	PRON_004	ClosedClass	my	mon , ma	#+ِي	RIY	هذا بيتي	my_PRON	mon_PRON , mon_PRON	#+iy_PRON	#+ي	#+ي	i	READY	
30687	PRON_005	MixedClass	myself	moi-même	نَفْس +ِي	RIY		myself_PRON	moi-même_PRON	nafos_NOUN +iy_PRON	حالي	حال +ي	7 aa l i	READY	
30704	PRON_005	MixedClass	myself	moi-même	نَفْس +ِي	RIY		myself_PRON	moi-même_PRON	nafos_NOUN +iy_PRON	روحي	روح +ي	r uu 7 i	READY	
30717	PRON_005	MixedClass	myself	moi-même	نَفْس +ِي	JED		myself_PRON	moi-même_PRON	nafos_NOUN +iy_PRON	نفسي	نفس +ي	n a f s i	READY	
30721	PRON_005	MixedClass	myself	moi-même	نَفْس +ِي	RIY		myself_PRON	moi-même_PRON	nafos_NOUN +iy_PRON	نفسي	نفس +ي	n a f s i	READY	
30740	PRON_006	ClosedClass	me	me	#+ِي	JED	أعطاها لي	i_PRON	moi_PRON	#+iy_PRON	#+ي	#+ي	i y y a	CHECK	
30749	PRON_006	ClosedClass	me	me	#+ِي	RIY	أعطاها لي	i_PRON	moi_PRON	#+iy_PRON	#+ي	#+ي	ii	READY	
30767	PRON_007	ClosedClass	we	nous	نَحْنُ	JED		we_PRON	nous_PRON	naHonu_PRON	احنا	احنا	2 i 7 n a	READY	
30776	PRON_007	ClosedClass	we	nous	نَحْنُ	RIY		we_PRON	nous_PRON	naHonu_PRON	حنا	حنا	7 i n n a	READY	
30790	PRON_007	ClosedClass	we	nous	نَحْنُ	JED		we_PRON	nous_PRON	naHonu_PRON	نحنا	نحنا	n i 7 n a	READY	
30802	PRON_008	ClosedClass	us	nous	#+نا	JED	لقد ضربنا	we_PRON	nous_PRON	#+nA_PRON	#+نا	#+نا	n a	READY	
30806	PRON_008	ClosedClass	us	nous	#+نا	RIY	لقد ضربنا	we_PRON	nous_PRON	#+nA_PRON	#+نا	#+نا	n a	READY	
30818	PRON_009	ClosedClass	ours	le nôtre , la nôtre , les nôtres	#+نا	JED	هذا بيتنا	ours_PRON	le_PRON nous_PRON , le_PRON nous_PRON , le_PRON nous_PRON	#+nA_PRON	#+نا	#+نا	a n a	READY	
30833	PRON_009	ClosedClass	ours	le nôtre , la nôtre , les nôtres	#+نا	RIY	هذا بيتنا	ours_PRON	le_PRON nous_PRON , le_PRON nous_PRON , le_PRON nous_PRON	#+nA_PRON	#+نا	#+نا	n a	READY	
30865	PRON_010	ClosedClass	our	nôtre	لَ +نا	JED	هذا البيت لنا	our_PRON	nôtre_PRON	li_ADP +nA_PRON	حقنا	حق +نا	7 a g g a n a	READY	
30868	PRON_010	ClosedClass	our	nôtre	لَ +نا	RIY	هذا البيت لنا	our_PRON	nôtre_PRON	li_ADP +nA_PRON	حقنا	حق +نا	7 a g n a	READY	
30872	PRON_010	ClosedClass	our	nôtre	لَ +نا	JED	هذا البيت لنا	our_PRON	nôtre_PRON	li_ADP +nA_PRON	لنا	ل +نا	l a n a	READY	
30873	PRON_010	ClosedClass	our	nôtre	لَ +نا	RIY	هذا البيت لنا	our_PRON	nôtre_PRON	li_ADP +nA_PRON	لنا	ل +نا	l a n a	READY	
30881	PRON_010	ClosedClass	our	nôtre	لَ +نا	JED	هذا البيت لنا	our_PRON	nôtre_PRON	li_ADP +nA_PRON	لنا	ل +نا	l ii n a	READY	
30904	PRON_011	MixedClass	ourselves	nous-même	أنْفُسِ +نا	RIY		ourselves_PRON	nous-même_PRON	nafos_NOUN +nA_PRON	حالنا	حال +نا	7 aa l n a	READY	
30917	PRON_011	MixedClass	ourselves	nous-même	أنْفُسِ +نا	RIY		ourselves_PRON	nous-même_PRON	nafos_NOUN +nA_PRON	روحنا	روح +نا	r uu 7 n a	READY	
30926	PRON_011	MixedClass	ourselves	nous-même	أنْفُسِ +نا	JED		ourselves_PRON	nous-même_PRON	nafos_NOUN +nA_PRON	نفسنا	نفس +نا	n a f s a n a	READY	
30934	PRON_011	MixedClass	ourselves	nous-même	أنْفُسِ +نا	RIY		ourselves_PRON	nous-même_PRON	nafos_NOUN +nA_PRON	نفسنا	نفس +نا	n a f s n a	READY	
30939	PRON_012	ClosedClass	us	nous	#+نا	JED	من تحتنا	we_PRON	nous_PRON	#+nA_PRON	#+نا	#+نا	a n a	READY	
30954	PRON_012	ClosedClass	us	nous	#+نا	RIY	من تحتنا	we_PRON	nous_PRON	#+nA_PRON	#+نا	#+نا	n a	READY	
30966	PRON_013	ClosedClass	you	tu	أَنْتَ	RIY		you_PRON	tu_PRON	Oanota_PRON	انت	انت	2 a n t	READY	
30975	PRON_013	ClosedClass	you	tu	أَنْتَ	RIY		you_PRON	tu_PRON	Oanota_PRON	انت	انت	2 i n t	READY	
30987	PRON_013	ClosedClass	you	tu	أَنْتَ	JED		you_PRON	tu_PRON	Oanota_PRON	انت	انت	2 i n t a	READY	
31008	PRON_014	ClosedClass	your	ton	#+كَ	JED	بيتك	you_PRON	ton_PRON	#+ka_PRON	#+ك	#+ك	a k	READY	
31012	PRON_014	ClosedClass	your	ton	#+كَ	RIY	بيتك	you_PRON	ton_PRON	#+ka_PRON	#+ك	#+ك	a k	READY	
31042	PRON_015	ClosedClass	you	te	#+كَ	JED	ضربتك	you_PRON	te_PRON	#+ka_PRON	#+ك	#+ك	a k	READY	
31046	PRON_015	ClosedClass	you	te	#+كَ	RIY	ضربتك	you_PRON	te_PRON	#+ka_PRON	#+ك	#+ك	a k	READY	
31077	PRON_016	ClosedClass	you	toi	#+كَ	JED	من تحتك	you_PRON	toi_PRON	#+ka_PRON	#+ك	#+ك	a k	READY	
31081	PRON_016	ClosedClass	you	toi	#+كَ	RIY	من تحتك	you_PRON	toi_PRON	#+ka_PRON	#+ك	#+ك	a k	READY	
31118	PRON_017	ClosedClass	yours	le tien , la tienne , les tiens , les tiennes	لَ +كَ	JED	هذا البيت لك	yours_PRON	le_PRON tien_PRON , le_PRON tien_PRON , le_PRON tien_PRON , le_PRON tien_PRON	li_ADP +ka_PRON	حقك	حق +ك	7 a g g a k	READY	
31120	PRON_017	ClosedClass	yours	le tien , la tienne , les tiens , les tiennes	لَ +كَ	RIY	هذا البيت لك	yours_PRON	le_PRON tien_PRON , le_PRON tien_PRON , le_PRON tien_PRON , le_PRON tien_PRON	li_ADP +ka_PRON	حقك	حق +ك	7 a g g a k	READY	
31130	PRON_017	ClosedClass	yours	le tien , la tienne , les tiens , les tiennes	لَ +كَ	JED	هذا البيت لك	yours_PRON	le_PRON tien_PRON , le_PRON tien_PRON , le_PRON tien_PRON , le_PRON tien_PRON	li_ADP +ka_PRON	لك	ل +ك	l a k	READY	
31131	PRON_017	ClosedClass	yours	le tien , la tienne , les tiens , les tiennes	لَ +كَ	RIY	هذا البيت لك	yours_PRON	le_PRON tien_PRON , le_PRON tien_PRON , le_PRON tien_PRON , le_PRON tien_PRON	li_ADP +ka_PRON	لك	ل +ك	l a k	READY	
31139	PRON_017	ClosedClass	yours	le tien , la tienne , les tiens , les tiennes	لَ +كَ	JED	هذا البيت لك	yours_PRON	le_PRON tien_PRON , le_PRON tien_PRON , le_PRON tien_PRON , le_PRON tien_PRON	li_ADP +ka_PRON	لك	ل +ك	l ii k	READY	
31152	PRON_018	MixedClass	yourself	toi-même	نَفْس +كَ	RIY	نفسك	yourself_PRON	toi-même_PRON	nafos_NOUN +ka_PRON	حالك	حال +ك	7 aa l a k	READY	
31167	PRON_018	MixedClass	yourself	toi-même	نَفْس +كَ	RIY	نفسك	yourself_PRON	toi-même_PRON	nafos_NOUN +ka_PRON	روحك	روح +ك	r uu 7 a k	READY	
31180	PRON_018	MixedClass	yourself	toi-même	نَفْس +كَ	JED	نفسك	yourself_PRON	toi-même_PRON	nafos_NOUN +ka_PRON	نفسك	نفس +ك	n a f s a k	READY	
31184	PRON_018	MixedClass	yourself	toi-même	نَفْس +كَ	RIY	نفسك	yourself_PRON	toi-même_PRON	nafos_NOUN +ka_PRON	نفسك	نفس +ك	n a f s a k	READY	
31203	PRON_019	ClosedClass	you	tu	أَنْتِ	RIY		you_PRON	tu_PRON	Oanoti_PRON	انتي	انتي	2 i n t e y	READY	
31211	PRON_019	ClosedClass	you	tu	أَنْتِ	JED		you_PRON	tu_PRON	Oanoti_PRON	انتي	انتي	2 i n t i	READY	
31245	PRON_020	ClosedClass	your	ta , ton	#+كِ	JED	بيتك	you_PRON	ton_PRON , ton_PRON	#+ki_PRON	#+ك	#+ك	i k	READY	
31249	PRON_020	ClosedClass	your	ta , ton	#+كِ	RIY	بيتك	you_PRON	ton_PRON , ton_PRON	#+ki_PRON	#+ك	#+ك	i k	READY	
31287	PRON_021	ClosedClass	you	te	#+كِ	JED	ضربتك	you_PRON	te_PRON	#+ki_PRON	#+ك	#+ك	i k	READY	
31290	PRON_021	ClosedClass	you	te	#+كِ	RIY	ضربتك	you_PRON	te_PRON	#+ki_PRON	#+ك	#+ك	i k	READY	
31332	PRON_022	ClosedClass	you	toi	#+كِ	JED	من تحتك	you_PRON	toi_PRON	#+ki_PRON	#+ك	#+ك	i k	READY	
31335	PRON_022	ClosedClass	you	toi	#+كِ	RIY	من تحتك	you_PRON	toi_PRON	#+ki_PRON	#+ك	#+ك	i k	READY	
31382	PRON_023	ClosedClass	yours	le tien , la tienne , les tiens , les tiennes	لَ +كِ	JED	هذا البيت لك	yours_PRON	le_PRON tien_PRON , le_PRON tien_PRON , le_PRON tien_PRON , le_PRON tien_PRON	la_ADP +ki_PRON	حقك	حق +ك	7 a g g i k	READY	
31384	PRON_023	ClosedClass	yours	le tien , la tienne , les tiens , les tiennes	لَ +كِ	RIY	هذا البيت لك	yours_PRON	le_PRON tien_PRON , le_PRON tien_PRON , le_PRON tien_PRON , le_PRON tien_PRON	la_ADP +ki_PRON	حقك	حق +ك	7 a g g i k	READY	
31397	PRON_023	ClosedClass	yours	le tien , la tienne , les tiens , les tiennes	لَ +كِ	RIY	هذا البيت لك	yours_PRON	le_PRON tien_PRON , le_PRON tien_PRON , le_PRON tien_PRON , le_PRON tien_PRON	la_ADP +ki_PRON	لك	ل +ك	l i k	READY	
31407	PRON_023	ClosedClass	yours	le tien , la tienne , les tiens , les tiennes	لَ +كِ	JED	هذا البيت لك	yours_PRON	le_PRON tien_PRON , le_PRON tien_PRON , le_PRON tien_PRON , le_PRON tien_PRON	la_ADP +ki_PRON	لكي	ل +كي	l ii k i	READY	
31419	PRON_024	MixedClass	yourself	toi-même	نَفْس +كِ	RIY	نفسك	yourself_PRON	toi-même_PRON	nafos_NOUN +ki_PRON	حالك	حال +ك	7 aa l i k	READY	
31440	PRON_024	MixedClass	yourself	toi-même	نَفْس +كِ	RIY	نفسك	yourself_PRON	toi-même_PRON	nafos_NOUN +ki_PRON	روحك	روح +ك	r uu 7 i k	READY	
31458	PRON_024	MixedClass	yourself	toi-même	نَفْس +كِ	JED	نفسك	yourself_PRON	toi-même_PRON	nafos_NOUN +ki_PRON	نفسك	نفس +ك	n a f s i k	READY	
31461	PRON_024	MixedClass	yourself	toi-même	نَفْس +كِ	RIY	نفسك	yourself_PRON	toi-même_PRON	nafos_NOUN +ki_PRON	نفسك	نفس +ك	n a f s i k	READY	
31471	PRON_025	ClosedClass	you	vous	أَنْتُما	RIY		you_PRON	vous_PRON	OanotumA_PRON	انتم	انتم	2 a n t u m	READY	
31488	PRON_025	ClosedClass	you	vous	أَنْتُما	RIY		you_PRON	vous_PRON	OanotumA_PRON	انتو	انتو	2 i n t a w	READY	
31493	PRON_025	ClosedClass	you	vous	أَنْتُما	JED		you_PRON	vous_PRON	OanotumA_PRON	انتو	انتو	2 i n t u	READY	
31512	PRON_026	ClosedClass	your	votre	#+كُما	JED	بيتكما	you_PRON	votre_PRON	#+kumA_PRON	#+كم	#+كم	a k u m	READY	
31527	PRON_026	ClosedClass	your	votre	#+كُما	RIY	بيتكما	you_PRON	votre_PRON	#+kumA_PRON	#+كم	#+كم	k u m	READY	
31551	PRON_027	ClosedClass	you	vous	#+كُما	JED	ضربتكما	you_PRON	vous_PRON	#+kumA_PRON	#+كم	#+كم	a k u m	READY	
31570	PRON_027	ClosedClass	you	vous	#+كُما	RIY	ضربتكما	you_PRON	vous_PRON	#+kumA_PRON	#+كم	#+كم	k u m	READY	
31592	PRON_028	ClosedClass	you	vous	#+كُما	JED	من تحتكما	you_PRON	vous_PRON	#+kumA_PRON	#+كم	#+كم	a k u m	READY	
31609	PRON_028	ClosedClass	you	vous	#+كُما	RIY	من تحتكما	you_PRON	vous_PRON	#+kumA_PRON	#+كم	#+كم	k u m	READY	
31659	PRON_029	ClosedClass	yours	la vôtre , le vôtre , les vôtres	لَ +كُما	JED	هذا البيت لكما	yours_PRON	la_PRON vôtre_PRON , le_PRON vôtre_PRON , le_PRON vôtre_PRON	la_ADP +kumA_PRON	حقكم	حق +كم	7 a g g a k u m	READY	
31662	PRON_029	ClosedClass	yours	la vôtre , le vôtre , les vôtres	لَ +كُما	RIY	هذا البيت لكما	yours_PRON	la_PRON vôtre_PRON , le_PRON vôtre_PRON , le_PRON vôtre_PRON	la_ADP +kumA_PRON	حقكم	حق +كم	7 a g k u m	READY	
31673	PRON_029	ClosedClass	yours	la vôtre , le vôtre , les vôtres	لَ +كُما	JED	هذا البيت لكما	yours_PRON	la_PRON vôtre_PRON , le_PRON vôtre_PRON , le_PRON vôtre_PRON	la_ADP +kumA_PRON	لكم	ل +كم	l a k u m	READY	
31674	PRON_029	ClosedClass	yours	la vôtre , le vôtre , les vôtres	لَ +كُما	RIY	هذا البيت لكما	yours_PRON	la_PRON vôtre_PRON , le_PRON vôtre_PRON , le_PRON vôtre_PRON	la_ADP +kumA_PRON	لكم	ل +كم	l a k u m	READY	
31681	PRON_029	ClosedClass	yours	la vôtre , le vôtre , les vôtres	لَ +كُما	JED	هذا البيت لكما	yours_PRON	la_PRON vôtre_PRON , le_PRON vôtre_PRON , le_PRON vôtre_PRON	la_ADP +kumA_PRON	لكم	ل +كم	l ii k u m	READY	
31705	PRON_030	MixedClass	yourself	vous-même	نَفْس +كُما	RIY	نفسكما	yourself_PRON	vous-même_PRON	nafos_NOUN +kumA_PRON	حالكم	حال +كم	7 aa l k u m	READY	
31725	PRON_030	MixedClass	yourself	vous-même	نَفْس +كُما	RIY	نفسكما	yourself_PRON	vous-même_PRON	nafos_NOUN +kumA_PRON	روحكم	روح +كم	r uu 7 k u m	READY	
31730	PRON_030	MixedClass	yourself	vous-même	نَفْس +كُما	JED	نفسكما	yourself_PRON	vous-même_PRON	nafos_NOUN +kumA_PRON	نفسكم	نفس +كم	n a f s a k u m	READY	
31765	PRON_031	ClosedClass	you	vous	أَنْتُم	RIY		you_PRON	vous_PRON	OanotunXa_PRON	انتم	انتم	2 a n t u m	READY	
31778	PRON_031	ClosedClass	you	vous	أَنْتُم	RIY		you_PRON	vous_PRON	OanotunXa_PRON	انتو	انتو	2 i n t a w	READY	
31786	PRON_031	ClosedClass	you	vous	أَنْتُم	JED		you_PRON	vous_PRON	OanotunXa_PRON	انتو	انتو	2 i n t u	READY	
31809	PRON_032	ClosedClass	your	votre	#+كُم	JED	بيتكم	you_PRON	votre_PRON	#+kum_PRON	#+كم	#+كم	k u m	READY	
31814	PRON_032	ClosedClass	your	votre	#+كُم	RIY	بيتكم	you_PRON	votre_PRON	#+kum_PRON	#+كم	#+كم	k u m	READY	
31830	PRON_033	ClosedClass	you	vous	#+كُم	JED	ضربتكم	you_PRON	vous_PRON	#+kum_PRON	#+كم	#+كم	a k u m	READY	
31844	PRON_033	ClosedClass	you	vous	#+كُم	RIY	ضربتكم	you_PRON	vous_PRON	#+kum_PRON	#+كم	#+كم	k u m	READY	
31864	PRON_034	ClosedClass	you	vous	#+كُم	JED	من تحتكم	you_PRON	vous_PRON	#+kum_PRON	#+كم	#+كم	a k u m	READY	
31878	PRON_034	ClosedClass	you	vous	#+كُم	RIY	من تحتكم	you_PRON	vous_PRON	#+kum_PRON	#+كم	#+كم	k u m	READY	
31916	PRON_035	ClosedClass	yours	la vôtre , le vôtre , les vôtres	لَ +كُم	JED	هذا البيت لكم	yours_PRON	la_PRON vôtre_PRON , le_PRON vôtre_PRON , le_PRON vôtre_PRON	la_ADP +kum_PRON	حقكم	حق +كم	7 a g g a k u m	READY	
31919	PRON_035	ClosedClass	yours	la vôtre , le vôtre , les vôtres	لَ +كُم	RIY	هذا البيت لكم	yours_PRON	la_PRON vôtre_PRON , le_PRON vôtre_PRON , le_PRON vôtre_PRON	la_ADP +kum_PRON	حقكم	حق +كم	7 a g k u m	READY	
31928	PRON_035	ClosedClass	yours	la vôtre , le vôtre , les vôtres	لَ +كُم	JED	هذا البيت لكم	yours_PRON	la_PRON vôtre_PRON , le_PRON vôtre_PRON , le_PRON vôtre_PRON	la_ADP +kum_PRON	لكم	ل +كم	l a k u m	READY	
31929	PRON_035	ClosedClass	yours	la vôtre , le vôtre , les vôtres	لَ +كُم	RIY	هذا البيت لكم	yours_PRON	la_PRON vôtre_PRON , le_PRON vôtre_PRON , le_PRON vôtre_PRON	la_ADP +kum_PRON	لكم	ل +كم	l a k u m	READY	
31937	PRON_035	ClosedClass	yours	la vôtre , le vôtre , les vôtres	لَ +كُم	JED	هذا البيت لكم	yours_PRON	la_PRON vôtre_PRON , le_PRON vôtre_PRON , le_PRON vôtre_PRON	la_ADP +kum_PRON	لكم	ل +كم	l ii k u m	READY	
31964	PRON_036	MixedClass	yourself	vous-même	نَفْس +كُم	RIY	نفسكم	yourself_PRON	vous-même_PRON	nafos_NOUN +kumo_PRON	حالكم	حال +كم	7 aa l k u m	READY	
31984	PRON_036	MixedClass	yourself	vous-même	نَفْس +كُم	RIY	نفسكم	yourself_PRON	vous-même_PRON	nafos_NOUN +kumo_PRON	روحكم	روح +كم	r uu 7 k u m	READY	
31991	PRON_036	MixedClass	yourself	vous-même	نَفْس +كُم	JED	نفسكم	yourself_PRON	vous-même_PRON	nafos_NOUN +kumo_PRON	نفسكم	نفس +كم	n a f s a k u m	READY	
32023	PRON_037	ClosedClass	you	vous	أَنْتُنَّ	RIY		you_PRON	vous_PRON	OanotunXa_PRON	انتم	انتم	2 a n t u m	READY	
32044	PRON_037	ClosedClass	you	vous	أَنْتُنَّ	JED		you_PRON	vous_PRON	OanotunXa_PRON	انتو	انتو	2 i n t u	READY	
32048	PRON_037	ClosedClass	you	vous	أَنْتُنَّ	RIY		you_PRON	vous_PRON	OanotunXa_PRON	انتو	انتو	2 i n t u w	READY	
32060	PRON_038	ClosedClass	your	votre	#+كُنَّ	JED	بيتكن	you_PRON	votre_PRON	#+kunXa_PRON	#+كم	#+كم	a k u m	READY	
32071	PRON_038	ClosedClass	your	votre	#+كُنَّ	RIY	بيتكن	you_PRON	votre_PRON	#+kunXa_PRON	#+كم	#+كم	k u m	READY	
32100	PRON_039	ClosedClass	you	vous	#+كُنَّ	JED	ضربتكن	you_PRON	vous_PRON	#+kunXa_PRON	#+كم	#+كم	a k u m	READY	
32111	PRON_039	ClosedClass	you	vous	#+كُنَّ	RIY	ضربتكن	you_PRON	vous_PRON	#+kunXa_PRON	#+كم	#+كم	k u m	READY	
32140	PRON_040	ClosedClass	you	vous	#+كُنَّ	JED	من تحتكن	you_PRON	vous_PRON	#+kunXa_PRON	#+كم	#+كم	a k u m	READY	
32151	PRON_040	ClosedClass	you	vous	#+كُنَّ	RIY	من تحتكن	you_PRON	vous_PRON	#+kunXa_PRON	#+كم	#+كم	k u m	READY	
32203	PRON_041	ClosedClass	yours	la vôtre , le vôtre , les vôtres	لَ +كُنَّ	JED	هذا البيت لكن	yours_PRON	la_PRON vôtre_PRON , le_PRON vôtre_PRON , le_PRON vôtre_PRON	la_ADP +kunXa_PRON	حقكم	حق +كم	7 a g g a k u m	READY	
32206	PRON_041	ClosedClass	yours	la vôtre , le vôtre , les vôtres	لَ +كُنَّ	RIY	هذا البيت لكن	yours_PRON	la_PRON vôtre_PRON , le_PRON vôtre_PRON , le_PRON vôtre_PRON	la_ADP +kunXa_PRON	حقكم	حق +كم	7 a g k u m	READY	
32217	PRON_041	ClosedClass	yours	la vôtre , le vôtre , les vôtres	لَ +كُنَّ	JED	هذا البيت لكن	yours_PRON	la_PRON vôtre_PRON , le_PRON vôtre_PRON , le_PRON vôtre_PRON	la_ADP +kunXa_PRON	لكم	ل +كم	l a k u m	READY	
32218	PRON_041	ClosedClass	yours	la vôtre , le vôtre , les vôtres	لَ +كُنَّ	RIY	هذا البيت لكن	yours_PRON	la_PRON vôtre_PRON , le_PRON vôtre_PRON , le_PRON vôtre_PRON	la_ADP +kunXa_PRON	لكم	ل +كم	l a k u m	READY	
32226	PRON_041	ClosedClass	yours	la vôtre , le vôtre , les vôtres	لَ +كُنَّ	JED	هذا البيت لكن	yours_PRON	la_PRON vôtre_PRON , le_PRON vôtre_PRON , le_PRON vôtre_PRON	la_ADP +kunXa_PRON	لكم	ل +كم	l ii k u m	READY	
32254	PRON_042	MixedClass	yourself	vous-même	نَفْس +كُنَّ	RIY	أنفسكن	yourself_PRON	vous-même_PRON	nafos_NOUN +kunXa_PRON	حالكم	حال +كم	7 aa l k u m	READY	
32265	PRON_042	MixedClass	yourself	vous-même	نَفْس +كُنَّ	RIY	أنفسكن	yourself_PRON	vous-même_PRON	nafos_NOUN +kunXa_PRON	روحكم	روح +كم	r uu 7 k u m	READY	
32270	PRON_042	MixedClass	yourself	vous-même	نَفْس +كُنَّ	JED	أنفسكن	yourself_PRON	vous-même_PRON	nafos_NOUN +kunXa_PRON	نفسكم	نفس +كم	n a f s a k u m	READY	
32316	PRON_043	ClosedClass	he , it	il	هُوَ	RIY		he_PRON , it_PRON	il_PRON	huwa_PRON	هو	هو	h u w a	READY	
32322	PRON_043	ClosedClass	he , it	il	هُوَ	JED		he_PRON , it_PRON	il_PRON	huwa_PRON	هو	هو	h u w w a	READY	
32337	PRON_043	ClosedClass	he , it	il	هُوَ	RIY		he_PRON , it_PRON	il_PRON	huwa_PRON	هو	هو	h uu	READY	
32345	PRON_044	ClosedClass	his	sa , son	#+هُ	RIY	بيته	his_PRON	son_PRON , son_PRON	#+hu_PRON	#+ه	#+ه	a	READY	
32372	PRON_044	ClosedClass	his	sa , son	#+هُ	JED	بيته	his_PRON	son_PRON , son_PRON	#+hu_PRON	#+ه	#+ه	u	READY	
32376	PRON_044	ClosedClass	his	sa , son	#+هُ	RIY	بيته	his_PRON	son_PRON , son_PRON	#+hu_PRON	#+ه	#+ه	u	READY	
32381	PRON_045	ClosedClass	him	le	#+هُ	RIY	ضربته	him_PRON	le_PRON	#+hu_PRON	#+ه	#+ه	a	READY	
32405	PRON_045	ClosedClass	him	le	#+هُ	JED	ضربته	him_PRON	le_PRON	#+hu_PRON	#+ه	#+ه	u	READY	
32409	PRON_045	ClosedClass	him	le	#+هُ	RIY	ضربته	him_PRON	le_PRON	#+hu_PRON	#+ه	#+ه	u	READY	
32414	PRON_046	ClosedClass	him	lui	#+هُ	RIY	من تحته	him_PRON	lui_PRON	#+hu_PRON	#+ه	#+ه	a	READY	
32438	PRON_046	ClosedClass	him	lui	#+هُ	JED	من تحته	him_PRON	lui_PRON	#+hu_PRON	#+ه	#+ه	u	READY	
32442	PRON_046	ClosedClass	him	lui	#+هُ	RIY	من تحته	him_PRON	lui_PRON	#+hu_PRON	#+ه	#+ه	u	READY	
32467	PRON_047	ClosedClass	his	le sien , la sienne , les siens , les siennes	لَ +هُ	RIY	(هذا البيت) له	his_PRON	le_PRON sien_PRON , le_PRON sien_PRON , le_PRON sien_PRON , le_PRON sien_PRON	la_ADP +hu_PRON	حقه	حق +ه	7 a g g a	READY	
32469	PRON_047	ClosedClass	his	le sien , la sienne , les siens , les siennes	لَ +هُ	JED	(هذا البيت) له	his_PRON	le_PRON sien_PRON , le_PRON sien_PRON , le_PRON sien_PRON , le_PRON sien_PRON	la_ADP +hu_PRON	حقه	حق +ه	7 a g g u	READY	
32473	PRON_047	ClosedClass	his	le sien , la sienne , les siens , les siennes	لَ +هُ	RIY	(هذا البيت) له	his_PRON	le_PRON sien_PRON , le_PRON sien_PRON , le_PRON sien_PRON , le_PRON sien_PRON	la_ADP +hu_PRON	له	ل +ه	l a	READY	
32485	PRON_047	ClosedClass	his	le sien , la sienne , les siens , les siennes	لَ +هُ	JED	(هذا البيت) له	his_PRON	le_PRON sien_PRON , le_PRON sien_PRON , le_PRON sien_PRON , le_PRON sien_PRON	la_ADP +hu_PRON	له	ل +ه	l uu	READY	
32516	PRON_048	MixedClass	himself	lui-même	نَفْس +هُ	RIY	نفسه	himself_PRON	lui-même_PRON	nafos_NOUN +hu_PRON	روحه	روح +ه	r uu 7 a	READY	
32535	PRON_048	MixedClass	himself	lui-même	نَفْس +هُ	JED	نفسه	himself_PRON	lui-même_PRON	nafos_NOUN +hu_PRON	نفسه	نفس +ه	n a f s u	READY	
32554	PRON_049	ClosedClass	she , it	elle	هِي	RIY		she_PRON , it_PRON	elle_PRON	hiya_PRON	هي	هي	h i y a	READY	
32561	PRON_049	ClosedClass	she , it	elle	هِي	JED		she_PRON , it_PRON	elle_PRON	hiya_PRON	هي	هي	h i y y a	READY	
32577	PRON_049	ClosedClass	she , it	elle	هِي	RIY		she_PRON , it_PRON	elle_PRON	hiya_PRON	هي	هي	h ii	READY	
32588	PRON_050	ClosedClass	her	sa , son	#+ها	JED	بيتها	her_PRON	son_PRON , son_PRON	#+hA_PRON	#+ها	#+ها	a h a	READY	
32602	PRON_050	ClosedClass	her	sa , son	#+ها	RIY	بيتها	her_PRON	son_PRON , son_PRON	#+hA_PRON	#+ها	#+ها	h a	CHECK	
32615	PRON_051	ClosedClass	her	la	#+ها	JED	ضربتها	her_PRON	la_PRON	#+hA_PRON	#+ها	#+ها	a h a	READY	
32630	PRON_051	ClosedClass	her	la	#+ها	RIY	ضربتها	her_PRON	la_PRON	#+hA_PRON	#+ها	#+ها	h a	CHECK	
32644	PRON_052	ClosedClass	her	elle	#+ها	JED	من تحتها	her_PRON	lui_PRON	#+hA_PRON	#+ها	#+ها	a h a	READY	
32658	PRON_052	ClosedClass	her	elle	#+ها	RIY	من تحتها	her_PRON	lui_PRON	#+hA_PRON	#+ها	#+ها	h a	CHECK	
32690	PRON_053	ClosedClass	hers	le sien , la sienne , les siens , les siennes	لَ +ها	JED	هذا البيت لها	hers_PRON	le_PRON sien_PRON , le_PRON sien_PRON , le_PRON sien_PRON , le_PRON sien_PRON	li_ADP +hA_PRON	حقها	حق +ها	7 a g g a h a	READY	
32692	PRON_053	ClosedClass	hers	le sien , la sienne , les siens , les siennes	لَ +ها	RIY	هذا البيت لها	hers_PRON	le_PRON sien_PRON , le_PRON sien_PRON , le_PRON sien_PRON , le_PRON sien_PRON	li_ADP +hA_PRON	حقها	حق +ها	7 a g h a	READY	
32695	PRON_053	ClosedClass	hers	le sien , la sienne , les siens , les siennes	لَ +ها	JED	هذا البيت لها	hers_PRON	le_PRON sien_PRON , le_PRON sien_PRON , le_PRON sien_PRON , le_PRON sien_PRON	li_ADP +hA_PRON	لها	ل +ها	l a h a	READY	
32696	PRON_053	ClosedClass	hers	le sien , la sienne , les siens , les siennes	لَ +ها	RIY	هذا البيت لها	hers_PRON	le_PRON sien_PRON , le_PRON sien_PRON , le_PRON sien_PRON , le_PRON sien_PRON	li_ADP +hA_PRON	لها	ل +ها	l a h a	READY	
32705	PRON_053	ClosedClass	hers	le sien , la sienne , les siens , les siennes	لَ +ها	JED	هذا البيت لها	hers_PRON	le_PRON sien_PRON , le_PRON sien_PRON , le_PRON sien_PRON , le_PRON sien_PRON	li_ADP +hA_PRON	لها	ل +ها	l ii h a	CHECK	
32717	PRON_054	MixedClass	herself	lui-même	نَفْس +ها	RIY	نفسها	herself_PRON	lui-même_PRON	nafos_NOUN +hA_PRON	حالها	حال +ها	7 aa l h a	READY	
32731	PRON_054	MixedClass	herself	lui-même	نَفْس +ها	RIY	نفسها	herself_PRON	lui-même_PRON	nafos_NOUN +hA_PRON	روحها	روح +ها	r uu 7 h a	READY	
32739	PRON_054	MixedClass	herself	lui-même	نَفْس +ها	JED	نفسها	herself_PRON	lui-même_PRON	nafos_NOUN +hA_PRON	نفسها	نفس +ها	n a f s a h a	READY	
32740	PRON_054	MixedClass	herself	lui-même	نَفْس +ها	RIY	نفسها	herself_PRON	lui-même_PRON	nafos_NOUN +hA_PRON	نفسها	نفس +ها	n a f s a h a	READY	
32771	PRON_055	ClosedClass	they	ils	هُما	RIY		they_PRON	il_PRON	humA_PRON	هم	هم	h u m	READY	
32779	PRON_055	ClosedClass	they	ils	هُما	JED		they_PRON	il_PRON	humA_PRON	هم	هم	h u m m a	READY	
32798	PRON_056	ClosedClass	their	leur	#+هُما	JED	بيتهما	their_PRON	leur_PRON	#+humA_PRON	#+هم	#+هم	a h u m	READY	
32811	PRON_056	ClosedClass	their	leur	#+هُما	RIY	بيتهما	their_PRON	leur_PRON	#+humA_PRON	#+هم	#+هم	h u m	READY	
32830	PRON_057	ClosedClass	them	les	#+هُما	JED	ضربتهما	them_PRON	le_PRON	#+humA_PRON	#+هم	#+هم	a h u m	READY	
32844	PRON_057	ClosedClass	them	les	#+هُما	RIY	ضربتهما	them_PRON	le_PRON	#+humA_PRON	#+هم	#+هم	h u m	READY	
32873	PRON_058	ClosedClass	them	eux	#+هُما	JED	من تحتهما	they_PRON	eux_PRON	#+humA_PRON	#+هم	#+هم	h u m	READY	
32877	PRON_058	ClosedClass	them	eux	#+هُما	RIY	من تحتهما	they_PRON	eux_PRON	#+humA_PRON	#+هم	#+هم	h u m	READY	
32918	PRON_059	ClosedClass	theirs	la leur , le leur , les leurs	لَ +هُما	JED	هذا البيت لهما	theirs_PRON	le_PRON leur_PRON , le_PRON leur_PRON , le_PRON leur_PRON	la_ADP +humA_PRON	حقهم	حق +هم	7 a g g a h u m	READY	
32920	PRON_059	ClosedClass	theirs	la leur , le leur , les leurs	لَ +هُما	RIY	هذا البيت لهما	theirs_PRON	le_PRON leur_PRON , le_PRON leur_PRON , le_PRON leur_PRON	la_ADP +humA_PRON	حقهم	حق +هم	7 a g g h u m	READY	
32930	PRON_059	ClosedClass	theirs	la leur , le leur , les leurs	لَ +هُما	JED	هذا البيت لهما	theirs_PRON	le_PRON leur_PRON , le_PRON leur_PRON , le_PRON leur_PRON	la_ADP +humA_PRON	لهم	ل +هم	l a h u m	READY	
32931	PRON_059	ClosedClass	theirs	la leur , le leur , les leurs	لَ +هُما	RIY	هذا البيت لهما	theirs_PRON	le_PRON leur_PRON , le_PRON leur_PRON , le_PRON leur_PRON	la_ADP +humA_PRON	لهم	ل +هم	l a h u m	READY	
32939	PRON_059	ClosedClass	theirs	la leur , le leur , les leurs	لَ +هُما	JED	هذا البيت لهما	theirs_PRON	le_PRON leur_PRON , le_PRON leur_PRON , le_PRON leur_PRON	la_ADP +humA_PRON	لهم	ل +هم	l ii h u m	READY	
32957	PRON_060	MixedClass	themselves	eux-même	نَفْس +هُما	RIY	أنفسهما	themselves_PRON	eux-même_PRON	nafos_NOUN +humA_PRON	حالهم	حال +هم	7 aa l h u m	CHECK	
32967	PRON_060	MixedClass	themselves	eux-même	نَفْس +هُما	RIY	أنفسهما	themselves_PRON	eux-même_PRON	nafos_NOUN +humA_PRON	روحهم	روح +هم	r uu 7 h u m	READY	
32974	PRON_060	MixedClass	themselves	eux-même	نَفْس +هُما	JED	أنفسهما	themselves_PRON	eux-même_PRON	nafos_NOUN +humA_PRON	نفسهم	نفس +هم	n a f s a h u m	READY	
32981	PRON_060	MixedClass	themselves	eux-même	نَفْس +هُما	RIY	أنفسهما	themselves_PRON	eux-même_PRON	nafos_NOUN +humA_PRON	نفسهم	نفس +هم	n a f s h u m	READY	
33013	PRON_061	ClosedClass	they	ils	هُم	RIY		they_PRON	il_PRON	hum_PRON	هم	هم	h u m	READY	
33022	PRON_061	ClosedClass	they	ils	هُم	JED		they_PRON	il_PRON	hum_PRON	هم	هم	h u m m a	READY	
33039	PRON_062	ClosedClass	their	leur	#+هُم	JED	بيتهم	their_PRON	leur_PRON	#+hum_PRON	#+هم	#+هم	a h u m	READY	
33052	PRON_062	ClosedClass	their	leur	#+هُم	RIY	بيتهم	their_PRON	leur_PRON	#+hum_PRON	#+هم	#+هم	h u m	READY	
33066	PRON_063	ClosedClass	them	les	#+هُم	JED	ضربتهم	them_PRON	le_PRON	#+hum_PRON	#+هم	#+هم	a h u m	READY	
33080	PRON_063	ClosedClass	them	les	#+هُم	RIY	ضربتهم	them_PRON	le_PRON	#+hum_PRON	#+هم	#+هم	h u m	READY	
33093	PRON_064	ClosedClass	them	eux	#+هُم	JED	من تحتهم	they_PRON	eux_PRON	#+hum_PRON	#+هم	#+هم	a h u m	READY	
33106	PRON_064	ClosedClass	them	eux	#+هُم	RIY	من تحتهم	they_PRON	eux_PRON	#+hum_PRON	#+هم	#+هم	h u m	READY	
33138	PRON_065	ClosedClass	theirs	la leur , le leur , les leurs	لَ +هُم	JED	هذا البيت لهم	they_PRON	le_PRON leur_PRON , le_PRON leur_PRON , le_PRON leur_PRON	la_ADP +hum_PRON	حقهم	حق +هم	7 a g g a h u m	READY	
33140	PRON_065	ClosedClass	theirs	la leur , le leur , les leurs	لَ +هُم	RIY	هذا البيت لهم	they_PRON	le_PRON leur_PRON , le_PRON leur_PRON , le_PRON leur_PRON	la_ADP +hum_PRON	حقهم	حق +هم	7 a g g h u m	READY	
33146	PRON_065	ClosedClass	theirs	la leur , le leur , les leurs	لَ +هُم	JED	هذا البيت لهم	they_PRON	le_PRON leur_PRON , le_PRON leur_PRON , le_PRON leur_PRON	la_ADP +hum_PRON	لهم	ل +هم	l a h u m	READY	
33147	PRON_065	ClosedClass	theirs	la leur , le leur , les leurs	لَ +هُم	RIY	هذا البيت لهم	they_PRON	le_PRON leur_PRON , le_PRON leur_PRON , le_PRON leur_PRON	la_ADP +hum_PRON	لهم	ل +هم	l a h u m	READY	
33154	PRON_065	ClosedClass	theirs	la leur , le leur , les leurs	لَ +هُم	JED	هذا البيت لهم	they_PRON	le_PRON leur_PRON , le_PRON leur_PRON , le_PRON leur_PRON	la_ADP +hum_PRON	لهم	ل +هم	l ii h u m	READY	
33170	PRON_066	MixedClass	themselves	eux-même	نَفْس +هُم	RIY	أنفسهم	themselves_PRON	eux-même_PRON	nafos_NOUN +hum_PRON	حالهم	حال +هم	7 aa l h u m	CHECK	
33180	PRON_066	MixedClass	themselves	eux-même	نَفْس +هُم	RIY	أنفسهم	themselves_PRON	eux-même_PRON	nafos_NOUN +hum_PRON	روحهم	روح +هم	r uu 7 h u m	READY	
33187	PRON_066	MixedClass	themselves	eux-même	نَفْس +هُم	JED	أنفسهم	themselves_PRON	eux-même_PRON	nafos_NOUN +hum_PRON	نفسهم	نفس +هم	n a f s a h u m	READY	
33194	PRON_066	MixedClass	themselves	eux-même	نَفْس +هُم	RIY	أنفسهم	themselves_PRON	eux-même_PRON	nafos_NOUN +hum_PRON	نفسهم	نفس +هم	n a f s h u m	READY	
33221	PRON_067	ClosedClass	they	elles	هُنَّ	RIY		they_PRON	elle_PRON	hunXa_PRON	#+هم	#+هم	h u m	READY	
33229	PRON_067	ClosedClass	they	elles	هُنَّ	JED		they_PRON	elle_PRON	hunXa_PRON	هم	هم	h u m m a	READY	
33252	PRON_068	ClosedClass	their	leurs	#+هُنَّ	JED	بيتهن	they_PRON	leurs_PRON	#+hunXa_PRON	#+هم	#+هم	a h u m	READY	
33267	PRON_068	ClosedClass	their	leurs	#+هُنَّ	RIY	بيتهن	they_PRON	leurs_PRON	#+hunXa_PRON	#+هم	#+هم	h u m	READY	
33287	PRON_069	ClosedClass	them	les	#+هُنَّ	JED	ضربتهن	they_PRON	la_PRON	#+hunXa_PRON	#+هم	#+هم	a h u m	READY	
33302	PRON_069	ClosedClass	them	les	#+هُنَّ	RIY	ضربتهن	they_PRON	la_PRON	#+hunXa_PRON	#+هم	#+هم	h u m	READY	
33321	PRON_070	ClosedClass	them	eux	#+هُنَّ	JED	من تحتهن	they_PRON	eux_PRON	#+hunXa_PRON	#+هم	#+هم	a h u m	READY	
33335	PRON_070	ClosedClass	them	eux	#+هُنَّ	RIY	من تحتهن	they_PRON	eux_PRON	#+hunXa_PRON	#+هم	#+هم	h u m	READY	
33374	PRON_071	ClosedClass	theirs	la leur , le leur , les leurs	لَ +هُنَّ	JED	هذا البيت لهن	theirs_PRON	le_PRON leur_PRON , le_PRON leur_PRON , le_PRON leur_PRON	la_ADP +hunXa_PRON	حقهم	حق +هم	7 a g g a h u m	READY	
33376	PRON_071	ClosedClass	theirs	la leur , le leur , les leurs	لَ +هُنَّ	RIY	هذا البيت لهن	theirs_PRON	le_PRON leur_PRON , le_PRON leur_PRON , le_PRON leur_PRON	la_ADP +hunXa_PRON	حقهم	حق +هم	7 a g g h u m	READY	
33387	PRON_071	ClosedClass	theirs	la leur , le leur , les leurs	لَ +هُنَّ	JED	هذا البيت لهن	theirs_PRON	le_PRON leur_PRON , le_PRON leur_PRON , le_PRON leur_PRON	la_ADP +hunXa_PRON	لهم	ل +هم	l a h u m	READY	
33388	PRON_071	ClosedClass	theirs	la leur , le leur , les leurs	لَ +هُنَّ	RIY	هذا البيت لهن	theirs_PRON	le_PRON leur_PRON , le_PRON leur_PRON , le_PRON leur_PRON	la_ADP +hunXa_PRON	لهم	ل +هم	l a h u m	READY	
33396	PRON_071	ClosedClass	theirs	la leur , le leur , les leurs	لَ +هُنَّ	JED	هذا البيت لهن	theirs_PRON	le_PRON leur_PRON , le_PRON leur_PRON , le_PRON leur_PRON	la_ADP +hunXa_PRON	لهم	ل +هم	l ii h u m	READY	
33415	PRON_072	MixedClass	themselves	eux -même	نَفْس +هُنَّ	RIY	أنفسهن	themselves_PRON	eux_PRON -même_ADJ	nafos_NOUN +hunXa_PRON	حالهم	حال +هم	7 aa l h u m	CHECK	
33424	PRON_072	MixedClass	themselves	eux -même	نَفْس +هُنَّ	RIY	أنفسهن	themselves_PRON	eux_PRON -même_ADJ	nafos_NOUN +hunXa_PRON	روحهم	روح +هم	r uu 7 h u m	READY	
33430	PRON_072	MixedClass	themselves	eux -même	نَفْس +هُنَّ	JED	أنفسهن	themselves_PRON	eux_PRON -même_ADJ	nafos_NOUN +hunXa_PRON	نفسهم	نفس +هم	n a f s a h u m	READY	
33435	PRON_072	MixedClass	themselves	eux -même	نَفْس +هُنَّ	RIY	أنفسهن	themselves_PRON	eux_PRON -même_ADJ	nafos_NOUN +hunXa_PRON	نفسهم	نفس +هم	n a f s h u m	READY	
33456	PRON_072	MixedClass	themselves	eux -même	نَفْس +هُنَّ	RIY	أنفسهن	themselves_PRON	eux_PRON -même_ADJ	nafos_NOUN +hunXa_PRON	نفسهن	نفس +هن	n a f s h i n	READY	
33468	PRON_073	ClosedClass	this	ce , cet , ceci	هٰذا	JED		this_DET	ce_PRON , ce_PRON , ceci_PRON	heVA_DET	ده	ده	d a	READY	
33478	PRON_073	ClosedClass	this	ce , cet , ceci	هٰذا	RIY		this_DET	ce_PRON , ce_PRON , ceci_PRON	heVA_DET	ذا	ذا	dh a	READY	
33491	PRON_073	ClosedClass	this	ce , cet , ceci	هٰذا	JED		this_DET	ce_PRON , ce_PRON , ceci_PRON	heVA_DET	هادا	هادا	h aa d a	CHECK	
33499	PRON_073	ClosedClass	this	ce , cet , ceci	هٰذا	RIY		this_DET	ce_PRON , ce_PRON , ceci_PRON	heVA_DET	هاذا	هاذا	h aa dh a	CHECK	
33522	PRON_074	MixedClass	this	cette , celle -ci	هٰذِهِ	JED		this_DET	ce_PRON , celui_PRON -ci_ADV	heVA_DET	دي	دي	d i	READY	
33529	PRON_074	MixedClass	this	cette , celle -ci	هٰذِهِ	RIY		this_DET	ce_PRON , celui_PRON -ci_ADV	heVA_DET	ذي	ذي	dh i	CHECK	
33533	PRON_074	MixedClass	this	cette , celle -ci	هٰذِهِ	JED		this_DET	ce_PRON , celui_PRON -ci_ADV	heVA_DET	هادي	هادي	h aa d i	CHECK	
33545	PRON_074	MixedClass	this	cette , celle -ci	هٰذِهِ	RIY		this_DET	ce_PRON , celui_PRON -ci_ADV	heVA_DET	هاذي	هاذي	h aa dh i	CHECK	
33570	PRON_075	MixedClass	these two	ces deux -là	هٰذانِ	JED		these_DET two_NUM	ce_PRON deux_NOUN -là_ADV	heVA_DET	دوليك	دوليك	d oo l ii k	READY	
33572	PRON_075	MixedClass	these two	ces deux -là	هٰذانِ	RIY		these_DET two_NUM	ce_PRON deux_NOUN -là_ADV	heVA_DET	ذولي	ذولي	dh oo l i	READY	
33585	PRON_075	MixedClass	these two	ces deux -là	هٰذانِ	JED		these_DET two_NUM	ce_PRON deux_NOUN -là_ADV	heVA_DET	هدول	هدول	h a d oo l	READY	
33614	PRON_075	MixedClass	these two	ces deux -là	هٰذانِ	RIY		these_DET two_NUM	ce_PRON deux_NOUN -là_ADV	heVA_DET	هذوليك	هذوليك	h a dh oo l ii k	READY	
33635	PRON_076	MixedClass	these two	ces deux -là	هاتانِ	JED		these_DET two_NUM	ce_PRON deux_NOUN -là_ADV	heVA_DET	دوليك	دوليك	d oo l ii k	READY	
33637	PRON_076	MixedClass	these two	ces deux -là	هاتانِ	RIY		these_DET two_NUM	ce_PRON deux_NOUN -là_ADV	heVA_DET	ذولي	ذولي	dh oo l i	READY	
33660	PRON_076	MixedClass	these two	ces deux -là	هاتانِ	JED		these_DET two_NUM	ce_PRON deux_NOUN -là_ADV	heVA_DET	هدول	هدول	h a d oo l	READY	
33690	PRON_076	MixedClass	these two	ces deux -là	هاتانِ	RIY		these_DET two_NUM	ce_PRON deux_NOUN -là_ADV	heVA_DET	هذوليك	هذوليك	h a dh oo l ii k	READY	
33709	PRON_077	MixedClass	these	ces , ceux -ci	هٰؤُلاءِ	JED		these_DET	ce_PRON , celui_PRON -ci_ADV	heVA_DET	دوليك	دوليك	d oo l ii k	READY	
33711	PRON_077	MixedClass	these	ces , ceux -ci	هٰؤُلاءِ	RIY		these_DET	ce_PRON , celui_PRON -ci_ADV	heVA_DET	ذولي	ذولي	dh oo l i	READY	
33726	PRON_077	MixedClass	these	ces , ceux -ci	هٰؤُلاءِ	JED		these_DET	ce_PRON , celui_PRON -ci_ADV	heVA_DET	هدول	هدول	h a d oo l	READY	
33752	PRON_077	MixedClass	these	ces , ceux -ci	هٰؤُلاءِ	RIY		these_DET	ce_PRON , celui_PRON -ci_ADV	heVA_DET	هذوليك	هذوليك	h a dh oo l ii k	READY	
33759	PRON_078	MixedClass	that	cela , celui -là	ذٰلِكَ	JED		that_DET	cela_PRON , celui_PRON -là_ADV	Velika_DET	داك	داك	d aa k	READY	
33775	PRON_078	MixedClass	that	cela , celui -là	ذٰلِكَ	RIY		that_DET	cela_PRON , celui_PRON -là_ADV	Velika_DET	ذاك	ذاك	dh aa k	READY	
33793	PRON_078	MixedClass	that	cela , celui -là	ذٰلِكَ	JED		that_DET	cela_PRON , celui_PRON -là_ADV	Velika_DET	هداك	هداك	h a d aa k	READY	
33797	PRON_078	MixedClass	that	cela , celui -là	ذٰلِكَ	RIY		that_DET	cela_PRON , celui_PRON -là_ADV	Velika_DET	هذاك	هذاك	h a dh aa k	READY	
33817	PRON_079	MixedClass	that	cela , celle -là	تلْكَ	JED		that_DET	cela_PRON , celui_PRON -là_ADV	Velika_DET	ديكا	ديكا	d ii k a	READY	
33823	PRON_079	MixedClass	that	cela , celle -là	تلْكَ	RIY		that_DET	cela_PRON , celui_PRON -là_ADV	Velika_DET	ذيك	ذيك	dh ii k	READY	
33844	PRON_079	MixedClass	that	cela , celle -là	تلْكَ	JED		that_DET	cela_PRON , celui_PRON -là_ADV	Velika_DET	هديك	هديك	h a d ii k	READY	
33850	PRON_079	MixedClass	that	cela , celle -là	تلْكَ	RIY		that_DET	cela_PRON , celui_PRON -là_ADV	Velika_DET	هذيك	هذيك	h a dh ii k	READY	
33868	PRON_080	ClosedClass	those	ceux , celles	أُولائِكَ	JED		those_DET	celui_PRON , celui_PRON	OuwlAQika_DET	دوليك	دوليك	d oo l ii k	READY	
33872	PRON_080	ClosedClass	those	ceux , celles	أُولائِكَ	RIY		those_DET	celui_PRON , celui_PRON	OuwlAQika_DET	ذولي	ذولي	dh oo l i	READY	
33883	PRON_080	ClosedClass	those	ceux , celles	أُولائِكَ	JED		those_DET	celui_PRON , celui_PRON	OuwlAQika_DET	هدول	هدول	h a d oo l	READY	
33903	PRON_080	ClosedClass	those	ceux , celles	أُولائِكَ	RIY		those_DET	celui_PRON , celui_PRON	OuwlAQika_DET	هذوليك	هذوليك	h a dh oo l ii k	READY	
33938	PRON_081	MixedClass	one	on	أَحَد ما	JED		one_NUM	on_PRON	OaHad_NOUN mA_PRON	واحد	واحد	w aa 7 i d	READY	
33942	PRON_081	MixedClass	one	on	أَحَد ما	RIY		one_NUM	on_PRON	OaHad_NOUN mA_PRON	واحد	واحد	w aa 7 i d	READY	
33953	PRON_082	ClosedClass	what	que	ماذا	JED	ماذا تريد	what_PRON	que_PRON	mAVA_PRON	اش	اش	2 i sh	CHECK	
33961	PRON_082	ClosedClass	what	que	ماذا	JED	ماذا تريد	what_PRON	que_PRON	mAVA_PRON	ايش	ايش	2 ee sh	READY	
33964	PRON_082	ClosedClass	what	que	ماذا	RIY	ماذا تريد	what_PRON	que_PRON	mAVA_PRON	ايش	ايش	2 ee sh	READY	
34000	PRON_082	ClosedClass	what	que	ماذا	RIY	ماذا تريد	what_PRON	que_PRON	mAVA_PRON	وش	وش	w i sh sh	READY	
34016	PRON_083	ClosedClass	what	que	ما	JED	ما بك	what_PRON	que_PRON	mA_PRON	اش	اش	2 i sh	CHECK	
34024	PRON_083	ClosedClass	what	que	ما	JED	ما بك	what_PRON	que_PRON	mA_PRON	ايش	ايش	2 ee sh	READY	
34027	PRON_083	ClosedClass	what	que	ما	RIY	ما بك	what_PRON	que_PRON	mA_PRON	ايش	ايش	2 ee sh	READY	
34066	PRON_083	ClosedClass	what	que	ما	RIY	ما بك	what_PRON	que_PRON	mA_PRON	وش	وش	w i sh sh	READY	
34086	PRON_084	ClosedClass	who	qui	مَنْ	RIY	من يطرق الباب	who_PRON	qui_PRON	mano_PRON	منو	منو	m a n u	READY	
34102	PRON_084	ClosedClass	who	qui	مَنْ	JED	من يطرق الباب	who_PRON	qui_PRON	mano_PRON	مين	مين	m ii n	CHECK	
34104	PRON_084	ClosedClass	who	qui	مَنْ	RIY	من يطرق الباب	who_PRON	qui_PRON	mano_PRON	مين	مين	m ii n	CHECK	
34126	PRON_085	ClosedClass	whom	qui	مَنْ	JED	إلى من يهمه الأمر	whom_PRON	qui_PRON	mano_PRON	اللي	اللي	2 i l l i	READY	
34130	PRON_085	ClosedClass	whom	qui	مَنْ	RIY	إلى من يهمه الأمر	whom_PRON	qui_PRON	mano_PRON	اللي	اللي	2 i l l i	READY	
34150	PRON_085	ClosedClass	whom	qui	مَنْ	JED	إلى من يهمه الأمر	whom_PRON	qui_PRON	mano_PRON	ياللي	ياللي	y a l l i	READY	
34153	PRON_085	ClosedClass	whom	qui	مَنْ	RIY	إلى من يهمه الأمر	whom_PRON	qui_PRON	mano_PRON	ياللي	ياللي	y a l l i	READY	
34172	PRON_086	ClosedClass	which	que	الَّذِي	JED	الكتاب الذي قرأته	which_PRON	que_PRON	AlXaViy_PRON	اللي	اللي	2 i l l i	READY	
34176	PRON_086	ClosedClass	which	que	الَّذِي	RIY	الكتاب الذي قرأته	which_PRON	que_PRON	AlXaViy_PRON	اللي	اللي	2 i l l i	READY	
34186	PRON_086	ClosedClass	which	que	الَّذِي	JED	الكتاب الذي قرأته	which_PRON	que_PRON	AlXaViy_PRON	ياللي	ياللي	y a l l i	READY	
34188	PRON_086	ClosedClass	which	que	الَّذِي	RIY	الكتاب الذي قرأته	which_PRON	que_PRON	AlXaViy_PRON	ياللي	ياللي	y a l l i	READY	
34191	PRON_087	OpenClass	here	ici	هُنا	RIY		here_ADV	ici_ADV	hunA_ADV	اهني	اهني	2 e h n i	READY	
34203	PRON_087	OpenClass	here	ici	هُنا	JED		here_ADV	ici_ADV	hunA_ADV	هنا	هنا	h i n a	READY	
34205	PRON_087	OpenClass	here	ici	هُنا	RIY		here_ADV	ici_ADV	hunA_ADV	هنا	هنا	h i n a	READY	
34225	PRON_087	OpenClass	here	ici	هُنا	RIY		here_ADV	ici_ADV	hunA_ADV	هني	هني	h n ii	READY	
34251	PRON_088	OpenClass	there	là-bas	هُناكَ	RIY		there_ADV	là-bas_ADV	hunAka_ADV	مناك	مناك	m i n n aa k	READY	
34261	PRON_088	OpenClass	there	là-bas	هُناكَ	JED		there_ADV	là-bas_ADV	hunAka_ADV	هناك	هناك	h i n aa k	READY	
34263	PRON_088	OpenClass	there	là-bas	هُناكَ	RIY		there_ADV	là-bas_ADV	hunAka_ADV	هناك	هناك	h i n aa k	READY	
34295	PRON_089	MixedClass	there is ...	il y a	هُنالِكَ ، ثَمَّةَ ، هُناكَ	JED		there_ADV be_VERB ...	il_PRON y_PRON avoir_VERB	hunAlika_ADV , vamXapa_ADV , hunAka_ADV	فيه	في +ه	f ii	READY	
34298	PRON_089	MixedClass	there is ...	il y a	هُنالِكَ ، ثَمَّةَ ، هُناكَ	RIY		there_ADV be_VERB ...	il_PRON y_PRON avoir_VERB	hunAlika_ADV , vamXapa_ADV , hunAka_ADV	فيه	في +ه	f ii	READY	
34335	PRON_090	MixedClass	there is not ...	il n' y a pas	لَيْسَ هُنالِكَ ، لَيْسَ ثَمَّةَ ، لَيْسَ هُناكَ	JED		there_ADV be_VERB not_ADV ...	il_PRON ne_ADV y_PRON avoir_VERB pas_ADV	layosa_PART hunAlika_ADV , layosa_PART vamXapa_ADV , layosa_PART hunAka_ADV	مافيه	ما+ في +ه	m aa f ii	READY	
34337	PRON_090	MixedClass	there is not ...	il n' y a pas	لَيْسَ هُنالِكَ ، لَيْسَ ثَمَّةَ ، لَيْسَ هُناكَ	RIY		there_ADV be_VERB not_ADV ...	il_PRON ne_ADV y_PRON avoir_VERB pas_ADV	layosa_PART hunAlika_ADV , layosa_PART vamXapa_ADV , layosa_PART hunAka_ADV	مافيه	ما+ في +ه	m aa f ii	READY	
34370	1001	OpenClass	fare	tarif	أُجْرَة	JED		fare_NOUN	tarif_NOUN	Oujorap_NOUN	اجرة	اجرة	2 u j r a	READY	
34373	1001	OpenClass	fare	tarif	أُجْرَة	RIY		fare_NOUN	tarif_NOUN	Oujorap_NOUN	اجرة	اجرة	2 u j r a	READY	
34417	1002	OpenClass	latest	dernier	أَحْدَث ، آخَر	JED		latest_ADJ	dernier_ADJ	OaHodav_ADJ , Mxar_ADJ	آخر	آخر	2 aa kh i r	READY	
34419	1002	OpenClass	latest	dernier	أَحْدَث ، آخَر	RIY		latest_ADJ	dernier_ADJ	OaHodav_ADJ , Mxar_ADJ	آخر	آخر	2 aa kh i r	READY	
34432	1002	OpenClass	latest	dernier	أَحْدَث ، آخَر	JED		latest_ADJ	dernier_ADJ	OaHodav_ADJ , Mxar_ADJ	اجدد	اجدد	2 a j d a d	READY	
34445	1002	OpenClass	latest	dernier	أَحْدَث ، آخَر	JED		latest_ADJ	dernier_ADJ	OaHodav_ADJ , Mxar_ADJ	احدث	احدث	2 a 7 d a th	READY	
34449	1002	OpenClass	latest	dernier	أَحْدَث ، آخَر	RIY		latest_ADJ	dernier_ADJ	OaHodav_ADJ , Mxar_ADJ	احدث	احدث	2 a 7 d a th	READY	
34477	1003	OpenClass	sister	soeur	أُخْت	JED		sister_NOUN	soeur_NOUN	Ouxot_NOUN	اخت	اخت	2 u kh t	READY	
34480	1003	OpenClass	sister	soeur	أُخْت	RIY		sister_NOUN	soeur_NOUN	Ouxot_NOUN	اخت	اخت	2 u kh t	READY	
34504	1004	OpenClass	ear	oreille	أُذُن	JED		ear_NOUN	oreille_NOUN	OuVun_NOUN	اذن	اذن	2 i d n	READY	
34510	1004	OpenClass	ear	oreille	أُذُن	RIY		ear_NOUN	oreille_NOUN	OuVun_NOUN	اذن	اذن	2 i dh n	READY	
34541	1005	OpenClass	black	noir	أَسْوَد	JED		black_ADJ	noir_ADJ	Oasowad_ADJ	اسمر	اسمر	2 a s m a r	READY	
34553	1005	OpenClass	black	noir	أَسْوَد	JED		black_ADJ	noir_ADJ	Oasowad_ADJ	اسود	اسود	2 a s w a d	READY	
34558	1005	OpenClass	black	noir	أَسْوَد	RIY		black_ADJ	noir_ADJ	Oasowad_ADJ	اسود	اسود	2 a s w a d	READY	
34575	1006	OpenClass	shoot	tirer	أَطْلَق	JED		shoot_VERB	tirer_VERB	OaTolaq_VERB	اطلق	اطلق	2 a t. l a g	READY	
34576	1006	OpenClass	shoot	tirer	أَطْلَق	RIY		shoot_VERB	tirer_VERB	OaTolaq_VERB	اطلق	اطلق	2 a t. l a g	READY	
34595	1006	OpenClass	shoot	tirer	أَطْلَق	JED		shoot_VERB	tirer_VERB	OaTolaq_VERB	رمى	رمى	r a m a	READY	
34598	1006	OpenClass	shoot	tirer	أَطْلَق	RIY		shoot_VERB	tirer_VERB	OaTolaq_VERB	رمى	رمى	r a m a	READY	
34632	1006	OpenClass	shoot	tirer	أَطْلَق	JED		shoot_VERB	tirer_VERB	OaTolaq_VERB	طخ	طخ	t. a kh kh	READY	
34656	1007	OpenClass	return	rendre	أَعاد	JED		return_VERB	rendre_VERB	OaEAd_VERB	رجع	رجع	r a j j a 3	READY	
34659	1007	OpenClass	return	rendre	أَعاد	RIY		return_VERB	rendre_VERB	OaEAd_VERB	رجع	رجع	r a j j a 3	READY	
34681	1007	OpenClass	return	rendre	أَعاد	JED		return_VERB	rendre_VERB	OaEAd_VERB	رد	رد	r a d d	READY	
34685	1007	OpenClass	return	rendre	أَعاد	RIY		return_VERB	rendre_VERB	OaEAd_VERB	رد	رد	r a d d	READY	
34694	1007	OpenClass	return	rendre	أَعاد	RIY		return_VERB	rendre_VERB	OaEAd_VERB	عاد	عاد	3 aa d	READY	
34714	1008	OpenClass	declare	déclarer	أَعْلَن	JED		declare_VERB	déclarer_VERB	OaEolan_VERB	اعلن	اعلن	2 a 3 l a n	READY	
34719	1008	OpenClass	declare	déclarer	أَعْلَن	RIY		declare_VERB	déclarer_VERB	OaEolan_VERB	اعلن	اعلن	2 a 3 l a n	READY	
34726	1008	OpenClass	declare	déclarer	أَعْلَن	JED		declare_VERB	déclarer_VERB	OaEolan_VERB	بين	بين	b a y y a n	READY	
34728	1008	OpenClass	declare	déclarer	أَعْلَن	RIY		declare_VERB	déclarer_VERB	OaEolan_VERB	بين	بين	b a y y a n	READY	
34735	1008	OpenClass	declare	déclarer	أَعْلَن	JED		declare_VERB	déclarer_VERB	OaEolan_VERB	روج	روج	r a w w a j	READY	
34736	1008	OpenClass	declare	déclarer	أَعْلَن	RIY		declare_VERB	déclarer_VERB	OaEolan_VERB	روج	روج	r a w w a j	READY	
34745	1008	OpenClass	declare	déclarer	أَعْلَن	JED		declare_VERB	déclarer_VERB	OaEolan_VERB	صرح	صرح	s. a r r a 7	READY	
34749	1008	OpenClass	declare	déclarer	أَعْلَن	RIY		declare_VERB	déclarer_VERB	OaEolan_VERB	صرح	صرح	s. a r r a 7	READY	
34762	1009	OpenClass	lend	prêter	أَقْرَض	JED		lend_VERB	prêter_VERB	OaqoraD_VERB	اجر	اجر	2 a j j a r	READY	
34763	1009	OpenClass	lend	prêter	أَقْرَض	RIY		lend_VERB	prêter_VERB	OaqoraD_VERB	اجر	اجر	2 a j j a r	READY	
34764	1009	OpenClass	lend	prêter	أَقْرَض	JED		lend_VERB	prêter_VERB	OaqoraD_VERB	ادى قرض	ادى قرض	2 a d d a # q a r d.	READY	
34765	1009	OpenClass	lend	prêter	أَقْرَض	RIY		lend_VERB	prêter_VERB	OaqoraD_VERB	ادى قرض	ادى قرض	2 a d d a # q a r dh.	READY	
34779	1009	OpenClass	lend	prêter	أَقْرَض	JED		lend_VERB	prêter_VERB	OaqoraD_VERB	دين	دين	d a y y a n	READY	
34783	1009	OpenClass	lend	prêter	أَقْرَض	RIY		lend_VERB	prêter_VERB	OaqoraD_VERB	دين	دين	d a y y a n	READY	
34793	1009	OpenClass	lend	prêter	أَقْرَض	JED		lend_VERB	prêter_VERB	OaqoraD_VERB	سلف	سلف	s a l l a f	READY	
34798	1009	OpenClass	lend	prêter	أَقْرَض	RIY		lend_VERB	prêter_VERB	OaqoraD_VERB	سلف	سلف	s a l l a f	READY	
34828	1010	OpenClass	mother	mère	أُمّ	JED		mother_NOUN	mère_NOUN	OumX_NOUN	ام	ام	2 u m m	READY	
34832	1010	OpenClass	mother	mère	أُمّ	RIY		mother_NOUN	mère_NOUN	OumX_NOUN	ام	ام	2 u m m	READY	
34848	1010	OpenClass	mother	mère	أُمّ	JED		mother_NOUN	mère_NOUN	OumX_NOUN	ماما	ماما	m. aa m. a	READY	
34851	1010	OpenClass	mother	mère	أُمّ	RIY		mother_NOUN	mère_NOUN	OumX_NOUN	ماما	ماما	m. aa m. a	READY	
34863	1010	OpenClass	mother	mère	أُمّ	JED		mother_NOUN	mère_NOUN	OumX_NOUN	والدة	والدة	w aa l d a	READY	
34865	1010	OpenClass	mother	mère	أُمّ	RIY		mother_NOUN	mère_NOUN	OumX_NOUN	والدة	والدة	w aa l d a	READY	
34877	1010	OpenClass	mother	mère	أُمّ	RIY		mother_NOUN	mère_NOUN	OumX_NOUN	يما	يما	y u m. m. a	READY	
34891	1011	OpenClass	son	fils	ٱِبْن	JED		son_NOUN	fils_NOUN	Libon_NOUN	ابن	ابن	2 i b n	READY	
34894	1011	OpenClass	son	fils	ٱِبْن	RIY		son_NOUN	fils_NOUN	Libon_NOUN	ابن	ابن	2 i b n	READY	
34922	1011	OpenClass	son	fils	ٱِبْن	JED		son_NOUN	fils_NOUN	Libon_NOUN	ولد	ولد	w a l a d	READY	
34927	1011	OpenClass	son	fils	ٱِبْن	RIY		son_NOUN	fils_NOUN	Libon_NOUN	ولد	ولد	w a l a d	READY	
34959	1012	OpenClass	daughter	fille	ٱِبْنَة	JED		daughter_NOUN	fille_NOUN	Libon_NOUN	بنت	بنت	b i n t	READY	
34963	1012	OpenClass	daughter	fille	ٱِبْنَة	RIY		daughter_NOUN	fille_NOUN	Libon_NOUN	بنت	بنت	b i n t	READY	
34971	1012	OpenClass	daughter	fille	ٱِبْنَة	RIY		daughter_NOUN	fille_NOUN	Libon_NOUN	بنية	بنية	b n a y y a	READY	
34982	1013	OpenClass	listen	écouter	ٱِسْتَمَع	JED		listen_VERB	écouter_VERB	LisotamaE_VERB	اتصنت	اتصنت	2 i t. s. a n n a t	READY	
34983	1013	OpenClass	listen	écouter	ٱِسْتَمَع	RIY		listen_VERB	écouter_VERB	LisotamaE_VERB	اتصنت	اتصنت	2 i t. s. a n n a t	READY	
34996	1013	OpenClass	listen	écouter	ٱِسْتَمَع	RIY		listen_VERB	écouter_VERB	LisotamaE_VERB	سمع	سمع	s a m a 3	READY	
35009	1013	OpenClass	listen	écouter	ٱِسْتَمَع	JED		listen_VERB	écouter_VERB	LisotamaE_VERB	سمع	سمع	s i m i 3	READY	
35012	1013	OpenClass	listen	écouter	ٱِسْتَمَع	RIY		listen_VERB	écouter_VERB	LisotamaE_VERB	سمع	سمع	s i m i 3	READY	
35033	1014	OpenClass	suggestion	suggestion	ٱِقْتِراح	JED		suggestion_NOUN	suggestion_NOUN	LiqotirAH_NOUN	اقتراح	اقتراح	2 i q t i r aa 7	READY	
35037	1014	OpenClass	suggestion	suggestion	ٱِقْتِراح	RIY		suggestion_NOUN	suggestion_NOUN	LiqotirAH_NOUN	اقتراح	اقتراح	2 i q t i r aa 7	READY	
35046	1014	OpenClass	suggestion	suggestion	ٱِقْتِراح	JED		suggestion_NOUN	suggestion_NOUN	LiqotirAH_NOUN	رأي	رأي	r a 2 y	READY	
35047	1014	OpenClass	suggestion	suggestion	ٱِقْتِراح	RIY		suggestion_NOUN	suggestion_NOUN	LiqotirAH_NOUN	رأي	رأي	r a 2 y	READY	
35050	1014	OpenClass	suggestion	suggestion	ٱِقْتِراح	JED		suggestion_NOUN	suggestion_NOUN	LiqotirAH_NOUN	طرح	طرح	t. a r 7	READY	
35051	1014	OpenClass	suggestion	suggestion	ٱِقْتِراح	RIY		suggestion_NOUN	suggestion_NOUN	LiqotirAH_NOUN	طرح	طرح	t. a r 7	READY	
35078	1015	OpenClass	procedure	procédure	إِجْراء	JED		procedure_NOUN	procédure_NOUN	IijorAC_NOUN	اجراء	اجراء	2 i j r aa 2	READY	
35083	1015	OpenClass	procedure	procédure	إِجْراء	RIY		procedure_NOUN	procédure_NOUN	IijorAC_NOUN	اجراء	اجراء	2 i j r aa 2	READY	
35091	1015	OpenClass	procedure	procédure	إِجْراء	JED		procedure_NOUN	procédure_NOUN	IijorAC_NOUN	طريقة	طريقة	t. a r ii g a	READY	
35092	1015	OpenClass	procedure	procédure	إِجْراء	RIY		procedure_NOUN	procédure_NOUN	IijorAC_NOUN	طريقة	طريقة	t. a r ii g a	READY	
35099	1015	OpenClass	procedure	procédure	إِجْراء	JED		procedure_NOUN	procédure_NOUN	IijorAC_NOUN	عملية	عملية	3 a m a l i y y a	READY	
35100	1015	OpenClass	procedure	procédure	إِجْراء	RIY		procedure_NOUN	procédure_NOUN	IijorAC_NOUN	عملية	عملية	3 a m a l i y y a	READY	
35102	1015	OpenClass	procedure	procédure	إِجْراء	JED		procedure_NOUN	procédure_NOUN	IijorAC_NOUN	معاملة	معاملة	m u 3 aa m a l a	READY	
35103	1015	OpenClass	procedure	procédure	إِجْراء	RIY		procedure_NOUN	procédure_NOUN	IijorAC_NOUN	معاملة	معاملة	m u 3 aa m a l a	READY	
35119	1016	OpenClass	diarrhea	diarrhée	إِسْهال	JED		diarrhea_NOUN	diarrhée_NOUN	IisohAl_NOUN	اسهال	اسهال	2 i s h aa l	READY	
35125	1016	OpenClass	diarrhea	diarrhée	إِسْهال	RIY		diarrhea_NOUN	diarrhée_NOUN	IisohAl_NOUN	اسهال	اسهال	2 i s h aa l	READY	
35151	1017	OpenClass	signal	feu	إِشارَة	JED		signal_NOUN	feu_NOUN	IicArap_NOUN	اشارة	اشارة	2 i sh aa r a	READY	
35156	1017	OpenClass	signal	feu	إِشارَة	RIY		signal_NOUN	feu_NOUN	IicArap_NOUN	اشارة	اشارة	2 i sh aa r a	READY	
35161	1017	OpenClass	signal	feu	إِشارَة	JED		signal_NOUN	feu_NOUN	IicArap_NOUN	اشارة مرور	اشارة مرور	2 i sh aa r a t # m u r uu r	READY	
35162	1017	OpenClass	signal	feu	إِشارَة	RIY		signal_NOUN	feu_NOUN	IicArap_NOUN	اشارة مرور	اشارة مرور	2 i sh aa r a t # m u r uu r	READY	
35197	1018	OpenClass	extra	supplémentaire	إِضافِيّ	JED		extra_ADJ	supplémentaire_ADJ	IiDAfiyX_ADJ	اضافي	اضافي	2 i d. aa f i	READY	
35204	1018	OpenClass	extra	supplémentaire	إِضافِيّ	RIY		extra_ADJ	supplémentaire_ADJ	IiDAfiyX_ADJ	اضافي	اضافي	2 i dh. aa f i	READY	
35222	1018	OpenClass	extra	supplémentaire	إِضافِيّ	JED		extra_ADJ	supplémentaire_ADJ	IiDAfiyX_ADJ	زيادة	زيادة	z i y aa d a	READY	
35224	1018	OpenClass	extra	supplémentaire	إِضافِيّ	RIY		extra_ADJ	supplémentaire_ADJ	IiDAfiyX_ADJ	زيادة	زيادة	z i y aa d a	READY	
35272	1019	OpenClass	tire	pneu	إِطار	JED		tire_NOUN	pneu_NOUN	IiTAr_NOUN	كفر	كفر	k a f a r	READY	
35273	1019	OpenClass	tire	pneu	إِطار	RIY		tire_NOUN	pneu_NOUN	IiTAr_NOUN	كفر	كفر	k a f a r	READY	
35291	1020	OpenClass	cancellation	annulation	إِلْغاء	JED		cancellation_NOUN	annulation_NOUN	IilogAC_NOUN	الغاء	الغاء	2 i l gh aa 2	READY	
35296	1020	OpenClass	cancellation	annulation	إِلْغاء	RIY		cancellation_NOUN	annulation_NOUN	IilogAC_NOUN	الغاء	الغاء	2 i l gh aa 2	READY	
35310	1020	OpenClass	cancellation	annulation	إِلْغاء	JED		cancellation_NOUN	annulation_NOUN	IilogAC_NOUN	توقيف	توقيف	t a w g ii f	READY	
35311	1020	OpenClass	cancellation	annulation	إِلْغاء	RIY		cancellation_NOUN	annulation_NOUN	IilogAC_NOUN	توقيف	توقيف	t a w g ii f	READY	
35357	1021	OpenClass	english	anglais	إِنْجلِيزِيّ	JED		english_ADJ	anglais_ADJ	IinojliyziyX_ADJ	انجليزي	انجليزي	2 i n g i l ii z i	CHECK	Foreign
35358	1021	OpenClass	english	anglais	إِنْجلِيزِيّ	RIY		english_ADJ	anglais_ADJ	IinojliyziyX_ADJ	انجليزي	انجليزي	2 i n g i l ii z i	CHECK	Foreign
35401	1022	OpenClass	flu	grippe	إِنْفلُوَنْزا	JED		flu_NOUN	grippe_NOUN	IinofluwanozA_NOUN	انفلونزا	انفلونزا	2 i n f l u w a n z a	CHECK	Foreign
35403	1022	OpenClass	flu	grippe	إِنْفلُوَنْزا	RIY		flu_NOUN	grippe_NOUN	IinofluwanozA_NOUN	انفلونزا	انفلونزا	2 i n f l u w a n z a	CHECK	Foreign
35433	1023	OpenClass	rest	reste	باقِي	JED		rest_NOUN	reste_NOUN	bAqiy_NOUN	باقي	باقي	b aa g i	READY	
35435	1023	OpenClass	rest	reste	باقِي	RIY		rest_NOUN	reste_NOUN	bAqiy_NOUN	باقي	باقي	b aa g i	READY	
35477	1024	OpenClass	exchange	échanger	بَدَّل	JED		exchange_VERB	échanger_VERB	badXal_VERB	بدل	بدل	b a d d a l	READY	
35482	1024	OpenClass	exchange	échanger	بَدَّل	RIY		exchange_VERB	échanger_VERB	badXal_VERB	بدل	بدل	b a d d a l	READY	
35509	1024	OpenClass	exchange	échanger	بَدَّل	JED		exchange_VERB	échanger_VERB	badXal_VERB	غير	غير	gh a y y a r	READY	
35512	1024	OpenClass	exchange	échanger	بَدَّل	RIY		exchange_VERB	échanger_VERB	badXal_VERB	غير	غير	gh a y y a r	READY	
35524	1025	OpenClass	telegram	télégramme	بَرْقِيَّة	JED		telegram_NOUN	télégramme_NOUN	baroqiyXap_NOUN	برقية	برقية	b a r g i y y a	READY	
35525	1025	OpenClass	telegram	télégramme	بَرْقِيَّة	RIY		telegram_NOUN	télégramme_NOUN	baroqiyXap_NOUN	برقية	برقية	b a r g i y y a	READY	
35534	1025	OpenClass	telegram	télégramme	بَرْقِيَّة	JED		telegram_NOUN	télégramme_NOUN	baroqiyXap_NOUN	برقية	برقية	b a r q i y y a	READY	
35539	1025	OpenClass	telegram	télégramme	بَرْقِيَّة	RIY		telegram_NOUN	télégramme_NOUN	baroqiyXap_NOUN	برقية	برقية	b a r q i y y a	READY	
35579	1026	OpenClass	simple	simple	بَسِيط	JED		simple_ADJ	simple_ADJ	basiyT_ADJ	بسيط	بسيط	b a s. ii t.	READY	
35581	1026	OpenClass	simple	simple	بَسِيط	RIY		simple_ADJ	simple_ADJ	basiyT_ADJ	بسيط	بسيط	b a s. ii t.	READY	
35605	1026	OpenClass	simple	simple	بَسِيط	JED		simple_ADJ	simple_ADJ	basiyT_ADJ	سهل	سهل	s a h l	READY	
35607	1026	OpenClass	simple	simple	بَسِيط	RIY		simple_ADJ	simple_ADJ	basiyT_ADJ	سهل	سهل	s a h l	READY	
35626	1026	OpenClass	simple	simple	بَسِيط	RIY		simple_ADJ	simple_ADJ	basiyT_ADJ	هين	هين	h a y y i n	READY	
35629	1026	OpenClass	simple	simple	بَسِيط	JED		simple_ADJ	simple_ADJ	basiyT_ADJ	يسير	يسير	y a s ii r	READY	
35630	1026	OpenClass	simple	simple	بَسِيط	RIY		simple_ADJ	simple_ADJ	basiyT_ADJ	يسير	يسير	y a s ii r	READY	
35636	1027	OpenClass	skin	peau	بَشَرَة	JED		skin_NOUN	peau_NOUN	bacarap_NOUN	بشرة	بشرة	b a sh a r a	READY	
35638	1027	OpenClass	skin	peau	بَشَرَة	RIY		skin_NOUN	peau_NOUN	bacarap_NOUN	بشرة	بشرة	b a sh a r a	READY	
35665	1027	OpenClass	skin	peau	بَشَرَة	JED		skin_NOUN	peau_NOUN	bacarap_NOUN	جلد	جلد	j i l d	READY	
35668	1027	OpenClass	skin	peau	بَشَرَة	RIY		skin_NOUN	peau_NOUN	bacarap_NOUN	جلد	جلد	j i l d	READY	
35678	1027	OpenClass	skin	peau	بَشَرَة	JED		skin_NOUN	peau_NOUN	bacarap_NOUN	قشر	قشر	g i sh r	READY	
35679	1027	OpenClass	skin	peau	بَشَرَة	RIY		skin_NOUN	peau_NOUN	bacarap_NOUN	قشر	قشر	g i sh r	READY	
35691	1028	OpenClass	onion	oignon	بَصَل	JED		onion_NOUN	oignon_NOUN	baSal_NOUN	بصل	بصل	b a s. a l	READY	
35694	1028	OpenClass	onion	oignon	بَصَل	RIY		onion_NOUN	oignon_NOUN	baSal_NOUN	بصل	بصل	b a s. a l	READY	
35721	1029	OpenClass	visa	visa	تَأْشِيرَة	JED		visa_NOUN	visa_NOUN	taOociyr_NOUN	تأشيرة	تأشيرة	t a 2 sh ii r a	READY	
35725	1029	OpenClass	visa	visa	تَأْشِيرَة	RIY		visa_NOUN	visa_NOUN	taOociyr_NOUN	تأشيرة	تأشيرة	t a 2 sh ii r a	READY	
35736	1029	OpenClass	visa	visa	تَأْشِيرَة	JED		visa_NOUN	visa_NOUN	taOociyr_NOUN	فيزة	فيزة	f ii z a	CHECK	Foreign
35738	1029	OpenClass	visa	visa	تَأْشِيرَة	RIY		visa_NOUN	visa_NOUN	taOociyr_NOUN	فيزة	فيزة	f ii z a	CHECK	Foreign
35759	1030	OpenClass	remember	souvenir	تَذَكَّر	RIY		remember_VERB	souvenir_VERB	taVakXar_VERB	اتذكر	اتذكر	2 i d dh a k k a r	READY	
35760	1030	OpenClass	remember	souvenir	تَذَكَّر	JED		remember_VERB	souvenir_VERB	taVakXar_VERB	اتذكر	اتذكر	2 i d z a k k a r	READY	
35774	1030	OpenClass	remember	souvenir	تَذَكَّر	JED		remember_VERB	souvenir_VERB	taVakXar_VERB	افتكر	افتكر	2 i f t a k a r	READY	
35791	1030	OpenClass	remember	souvenir	تَذَكَّر	RIY		remember_VERB	souvenir_VERB	taVakXar_VERB	ذكر	ذكر	dh a k a r	READY	
35812	1031	OpenClass	ski	ski	تَزَلُّج	JED		ski_NOUN	ski_NOUN	tazalXuj_NOUN	تزلج	تزلج	t a z a l l u j	READY	
35815	1031	OpenClass	ski	ski	تَزَلُّج	RIY		ski_NOUN	ski_NOUN	tazalXuj_NOUN	تزلج	تزلج	t a z a l l u j	READY	
35828	1031	OpenClass	ski	ski	تَزَلُّج	JED		ski_NOUN	ski_NOUN	tazalXuj_NOUN	سكي	سكي	s k ii	CHECK	Foreign
35829	1031	OpenClass	ski	ski	تَزَلُّج	RIY		ski_NOUN	ski_NOUN	tazalXuj_NOUN	سكي	سكي	s k ii	CHECK	Foreign
35848	1032	OpenClass	registration	enregistrement	تَسْجِيل	JED		registration_NOUN	enregistrement_NOUN	tasojiyl_NOUN	تسجيل	تسجيل	t a s j ii l	READY	
35853	1032	OpenClass	registration	enregistrement	تَسْجِيل	RIY		registration_NOUN	enregistrement_NOUN	tasojiyl_NOUN	تسجيل	تسجيل	t a s j ii l	READY	
35870	1033	OpenClass	shopping	shopping	تَسَوُّق	JED		shopping_NOUN	shopping_NOUN	tasawXuq_NOUN	تبضع	تبضع	t a b a d. d. u 3	READY	
35871	1033	OpenClass	shopping	shopping	تَسَوُّق	RIY		shopping_NOUN	shopping_NOUN	tasawXuq_NOUN	تبضع	تبضع	t a b a d. d. u 3	READY	
35887	1033	OpenClass	shopping	shopping	تَسَوُّق	JED		shopping_NOUN	shopping_NOUN	tasawXuq_NOUN	تسوق	تسوق	t a s a w w u q	READY	
35891	1033	OpenClass	shopping	shopping	تَسَوُّق	RIY		shopping_NOUN	shopping_NOUN	tasawXuq_NOUN	تسوق	تسوق	t a s a w w u q	READY	
35903	1033	OpenClass	shopping	shopping	تَسَوُّق	JED		shopping_NOUN	shopping_NOUN	tasawXuq_NOUN	شوبينق	شوبينق	sh oo b b i n g	CHECK	Foreign
35904	1033	OpenClass	shopping	shopping	تَسَوُّق	RIY		shopping_NOUN	shopping_NOUN	tasawXuq_NOUN	شوبينق	شوبينق	sh oo b b i n g	CHECK	Foreign
35914	1034	OpenClass	detail	détail	تَفْصِيل	JED		detail_NOUN	détail_NOUN	tafoSiyl_NOUN	تفاصيل	تفاصيل	t. a f aa s. ii l	READY	
35916	1034	OpenClass	detail	détail	تَفْصِيل	RIY		detail_NOUN	détail_NOUN	tafoSiyl_NOUN	تفاصيل	تفاصيل	t. a f aa s. ii l	READY	
35951	1035	MixedClass	cost	coûter	كَلَّف ، بَلَغَت تَكْلِفَة +هُ	JED		cost_VERB	coûter_VERB	kalXaf_VERB , balag_VERB takolifap_NOUN +hu_PRON	كلف	كلف	k a l l a f	READY	
35956	1035	MixedClass	cost	coûter	كَلَّف ، بَلَغَت تَكْلِفَة +هُ	RIY		cost_VERB	coûter_VERB	kalXaf_VERB , balag_VERB takolifap_NOUN +hu_PRON	كلف	كلف	k a l l a f	READY	
35980	1036	OpenClass	tv	télé	تِلْفِزيُون	JED		tv_NOUN	télé_NOUN	tilofizyuwn_NOUN	تلفزيون	تلفزيون	t i l f i z y oo n	READY	
35982	1036	OpenClass	tv	télé	تِلْفِزيُون	RIY		tv_NOUN	télé_NOUN	tilofizyuwn_NOUN	تلفزيون	تلفزيون	t i l f i z y oo n	READY	
36010	1038	OpenClass	ice	glace	ثَلْج	JED		ice_NOUN	glace_NOUN	valoj_NOUN	ثلج	ثلج	t a l j	READY	
36022	1038	OpenClass	ice	glace	ثَلْج	RIY		ice_NOUN	glace_NOUN	valoj_NOUN	ثلج	ثلج	th a l j	READY	
36040	1039	OpenClass	dry	sec	جافّ	JED		dry_ADJ	sec_ADJ	jAfX_ADJ	جاف	جاف	j aa f f	READY	
36043	1039	OpenClass	dry	sec	جافّ	RIY		dry_ADJ	sec_ADJ	jAfX_ADJ	جاف	جاف	j aa f f	READY	
36063	1039	OpenClass	dry	sec	جافّ	JED		dry_ADJ	sec_ADJ	jAfX_ADJ	ناشف	ناشف	n aa sh i f	READY	
36069	1039	OpenClass	dry	sec	جافّ	RIY		dry_ADJ	sec_ADJ	jAfX_ADJ	ناشف	ناشف	n aa sh i f	READY	
36081	1039	OpenClass	dry	sec	جافّ	JED		dry_ADJ	sec_ADJ	jAfX_ADJ	يابس	يابس	y aa b i s	READY	
36087	1039	OpenClass	dry	sec	جافّ	RIY		dry_ADJ	sec_ADJ	jAfX_ADJ	يابس	يابس	y aa b i s	READY	
36101	1040	OpenClass	university	université	جامِعَة	JED		university_NOUN	université_NOUN	jAmiEap_NOUN	جامعة	جامعة	j aa m 3 a	READY	
36104	1040	OpenClass	university	université	جامِعَة	RIY		university_NOUN	université_NOUN	jAmiEap_NOUN	جامعة	جامعة	j aa m 3 a	READY	
36129	1041	OpenClass	timetable	horaire	جَدْوَل	JED		timetable_NOUN	horaire_NOUN	jadowal_NOUN	جدول	جدول	j a d w a l	READY	
36134	1041	OpenClass	timetable	horaire	جَدْوَل	RIY		timetable_NOUN	horaire_NOUN	jadowal_NOUN	جدول	جدول	j a d w a l	READY	
36156	1042	OpenClass	island	île	جَزِيرَة	JED		island_NOUN	île_NOUN	jaziyrap_NOUN	جزيرة	جزيرة	j a z ii r a	READY	
36161	1042	OpenClass	island	île	جَزِيرَة	RIY		island_NOUN	île_NOUN	jaziyrap_NOUN	جزيرة	جزيرة	j a z ii r a	READY	
36188	1043	OpenClass	bridge	pont	جِسْر	JED		bridge_NOUN	pont_NOUN	jisor_NOUN	جسر	جسر	j i s r	READY	
36190	1043	OpenClass	bridge	pont	جِسْر	RIY		bridge_NOUN	pont_NOUN	jisor_NOUN	جسر	جسر	j i s r	READY	
36199	1043	OpenClass	bridge	pont	جِسْر	JED		bridge_NOUN	pont_NOUN	jisor_NOUN	كوبري	كوبري	k u b r i	CHECK	Foreign
36200	1043	OpenClass	bridge	pont	جِسْر	RIY		bridge_NOUN	pont_NOUN	jisor_NOUN	كوبري	كوبري	k u b r i	CHECK	Foreign
36211	1044	OpenClass	shrimp	crevette	جَمْبَرِيّ	JED		shrimp_NOUN	crevette_NOUN	jamobariyX_NOUN	جمبري	جمبري	g a m b a r i	CHECK	Foreign
36213	1044	OpenClass	shrimp	crevette	جَمْبَرِيّ	RIY		shrimp_NOUN	crevette_NOUN	jamobariyX_NOUN	جمبري	جمبري	g a m b a r i	CHECK	Foreign
36220	1044	OpenClass	shrimp	crevette	جَمْبَرِيّ	JED		shrimp_NOUN	crevette_NOUN	jamobariyX_NOUN	جمبري	جمبري	j a m b a r i	READY	
36222	1044	OpenClass	shrimp	crevette	جَمْبَرِيّ	RIY		shrimp_NOUN	crevette_NOUN	jamobariyX_NOUN	جمبري	جمبري	j a m b a r i	READY	
36226	1044	OpenClass	shrimp	crevette	جَمْبَرِيّ	JED		shrimp_NOUN	crevette_NOUN	jamobariyX_NOUN	روبيان	روبيان	r u b y aa n	CHECK	Foreign
36227	1044	OpenClass	shrimp	crevette	جَمْبَرِيّ	RIY		shrimp_NOUN	crevette_NOUN	jamobariyX_NOUN	روبيان	روبيان	r u b y aa n	CHECK	Foreign
36253	1045	OpenClass	quality	qualité	جَوْدَة	JED		quality_NOUN	qualité_NOUN	jawodap_NOUN	جودة	جودة	j a w d a	READY	
36257	1045	OpenClass	quality	qualité	جَوْدَة	RIY		quality_NOUN	qualité_NOUN	jawodap_NOUN	جودة	جودة	j a w d a	READY	
36290	1046	OpenClass	pocket	poche	جَيْب	JED		pocket_NOUN	poche_NOUN	jayob_NOUN	جيب	جيب	j ee b	READY	
36293	1046	OpenClass	pocket	poche	جَيْب	RIY		pocket_NOUN	poche_NOUN	jayob_NOUN	جيب	جيب	j ee b	READY	
36325	1047	OpenClass	bar	bar	حان	JED		bar_NOUN	bar_NOUN	HAn_NOUN	بار	بار	b aa r	CHECK	Foreign
36330	1047	OpenClass	bar	bar	حان	RIY		bar_NOUN	bar_NOUN	HAn_NOUN	بار	بار	b aa r	CHECK	Foreign
36345	1048	OpenClass	porter	porteur	حَمّال	JED		porter_NOUN	porteur_NOUN	HamXAl_NOUN	حمال	حمال	7 a m m aa l	READY	
36350	1048	OpenClass	porter	porteur	حَمّال	RIY		porter_NOUN	porteur_NOUN	HamXAl_NOUN	حمال	حمال	7 a m m aa l	READY	
36366	1048	OpenClass	porter	porteur	حَمّال	JED		porter_NOUN	porteur_NOUN	HamXAl_NOUN	شيال	شيال	sh a y y aa l	READY	
36370	1048	OpenClass	porter	porteur	حَمّال	RIY		porter_NOUN	porteur_NOUN	HamXAl_NOUN	شيال	شيال	sh a y y aa l	READY	
36424	1049	OpenClass	bellboy	chasseur	خادِم	JED		bellboy_NOUN	chasseur_NOUN	xAdim_NOUN	عامل الفندق	عامل ال+ فندق	3 aa m i l # a l f u n d u g	READY	
36425	1049	OpenClass	bellboy	chasseur	خادِم	RIY		bellboy_NOUN	chasseur_NOUN	xAdim_NOUN	عامل الفندق	عامل ال+ فندق	3 aa m i l # a l f u n d u g	READY	
36460	1050	OpenClass	free	libre	خالِي	JED		free_ADJ	libre_ADJ	xAliy_ADJ	فاضي	فاضي	f aa d. i	READY	
36463	1050	OpenClass	free	libre	خالِي	RIY		free_ADJ	libre_ADJ	xAliy_ADJ	فاضي	فاضي	f aa d. i	READY	
36486	1051	OpenClass	lettuce	laitue	خَسّ	JED		lettuce_NOUN	laitue_NOUN	xasX_NOUN	خس	خس	kh a s s	READY	
36490	1051	OpenClass	lettuce	laitue	خَسّ	RIY		lettuce_NOUN	laitue_NOUN	xasX_NOUN	خس	خس	kh a s s	READY	
36515	1052	OpenClass	serious	grave	خَطِير	JED		serious_ADJ	grave_ADJ	xaTiyr_ADJ	جدي	جدي	j i d d i	READY	
36548	1052	OpenClass	serious	grave	خَطِير	JED		serious_ADJ	grave_ADJ	xaTiyr_ADJ	ضروري	ضروري	d. a r uu r i	READY	
36549	1052	OpenClass	serious	grave	خَطِير	RIY		serious_ADJ	grave_ADJ	xaTiyr_ADJ	ضروري	ضروري	dh. a r uu r i	READY	
36559	1052	OpenClass	serious	grave	خَطِير	JED		serious_ADJ	grave_ADJ	xaTiyr_ADJ	مهم	مهم	m u h i m m	READY	
36560	1052	OpenClass	serious	grave	خَطِير	RIY		serious_ADJ	grave_ADJ	xaTiyr_ADJ	مهم	مهم	m u h i m m	READY	
36586	1053	OpenClass	back	arrière	خَلْف	RIY		back_NOUN	arrière_NOUN	xalof_NOUN	قفا	قفا	g a f a	READY	
36608	1053	OpenClass	back	arrière	خَلْف	JED		back_NOUN	arrière_NOUN	xalof_NOUN	ورا	ورا	w a r a	READY	
36613	1053	OpenClass	back	arrière	خَلْف	RIY		back_NOUN	arrière_NOUN	xalof_NOUN	ورا	ورا	w a r a	READY	
36637	1054	OpenClass	lesson	leçon	دَرْس	JED		lesson_NOUN	leçon_NOUN	daros_NOUN	درس	درس	d a r s	READY	
36640	1054	OpenClass	lesson	leçon	دَرْس	RIY		lesson_NOUN	leçon_NOUN	daros_NOUN	درس	درس	d a r s	READY	
36653	1054	OpenClass	lesson	leçon	دَرْس	JED		lesson_NOUN	leçon_NOUN	daros_NOUN	عبرة	عبرة	3 i b r a	READY	
36655	1054	OpenClass	lesson	leçon	دَرْس	RIY		lesson_NOUN	leçon_NOUN	daros_NOUN	عبرة	عبرة	3 i b r a	READY	
36687	1055	OpenClass	invite	inviter	دَعا	JED		invite_VERB	inviter_VERB	daEA_VERB	عزم	عزم	3 a z a m	READY	
36691	1055	OpenClass	invite	inviter	دَعا	RIY		invite_VERB	inviter_VERB	daEA_VERB	عزم	عزم	3 a z a m	READY	
36717	1057	OpenClass	passenger	passager	راكِب	JED		passenger_NOUN	passager_NOUN	rAkib_NOUN	راكب	راكب	r aa k i b	READY	
36722	1057	OpenClass	passenger	passager	راكِب	RIY		passenger_NOUN	passager_NOUN	rAkib_NOUN	راكب	راكب	r aa k i b	READY	
36745	1058	OpenClass	bet	parier	راهَن	JED		bet_VERB	parier_VERB	rAhan_VERB	اتحدى	اتحدى	2 i t 7 a d d a	READY	
36746	1058	OpenClass	bet	parier	راهَن	RIY		bet_VERB	parier_VERB	rAhan_VERB	اتحدى	اتحدى	2 i t 7 a d d a	READY	
36767	1058	OpenClass	bet	parier	راهَن	JED		bet_VERB	parier_VERB	rAhan_VERB	راهن	راهن	r aa h a n	READY	
36772	1058	OpenClass	bet	parier	راهَن	RIY		bet_VERB	parier_VERB	rAhan_VERB	راهن	راهن	r aa h a n	READY	
36787	1058	OpenClass	bet	parier	راهَن	JED		bet_VERB	parier_VERB	rAhan_VERB	قامر	قامر	g aa m a r	READY	
36788	1058	OpenClass	bet	parier	راهَن	RIY		bet_VERB	parier_VERB	rAhan_VERB	قامر	قامر	g aa m a r	READY	
36803	1059	OpenClass	spring	printemps	رَبِيع	JED		spring_NOUN	printemps_NOUN	rabiyE_NOUN	ربيع	ربيع	r a b ii 3	READY	
36807	1059	OpenClass	spring	printemps	رَبِيع	RIY		spring_NOUN	printemps_NOUN	rabiyE_NOUN	ربيع	ربيع	r a b ii 3	READY	
36822	1060	OpenClass	lobby	hall	رَدْهَة	JED		lobby_NOUN	hall_NOUN	radohap_NOUN	دهليز	دهليز	d a h l ii z	READY	
36823	1060	OpenClass	lobby	hall	رَدْهَة	RIY		lobby_NOUN	hall_NOUN	radohap_NOUN	دهليز	دهليز	d a h l ii z	READY	
36835	1060	OpenClass	lobby	hall	رَدْهَة	JED		lobby_NOUN	hall_NOUN	radohap_NOUN	فسحة	فسحة	f a s 7 a	READY	
36841	1060	OpenClass	lobby	hall	رَدْهَة	JED		lobby_NOUN	hall_NOUN	radohap_NOUN	لوبي	لوبي	l oo b i	CHECK	Foreign
36842	1060	OpenClass	lobby	hall	رَدْهَة	RIY		lobby_NOUN	hall_NOUN	radohap_NOUN	لوبي	لوبي	l oo b i	CHECK	Foreign
36844	1060	OpenClass	lobby	hall	رَدْهَة	RIY		lobby_NOUN	hall_NOUN	radohap_NOUN	مجبب	مجبب	m j a b b a b	READY	
36860	1061	OpenClass	shelf	étagère	رَفّ	JED		shelf_NOUN	étagère_NOUN	rafX_NOUN	درج	درج	d u r j	READY	
36878	1061	OpenClass	shelf	étagère	رَفّ	JED		shelf_NOUN	étagère_NOUN	rafX_NOUN	رف	رف	r a f f	READY	
36882	1061	OpenClass	shelf	étagère	رَفّ	RIY		shelf_NOUN	étagère_NOUN	rafX_NOUN	رف	رف	r a f f	READY	
36887	1062	OpenClass	ride	monter	رَكِب	JED		ride_VERB	monter_VERB	rakXab_VERB	ركب	ركب	r a k a b	READY	
36889	1062	OpenClass	ride	monter	رَكِب	RIY		ride_VERB	monter_VERB	rakXab_VERB	ركب	ركب	r a k a b	READY	
36938	1063	OpenClass	sport	sport	رِياضَة	JED		sport_NOUN	sport_NOUN	riyADap_NOUN	رياضة	رياضة	r i y aa d. a	READY	
36946	1063	OpenClass	sport	sport	رِياضَة	RIY		sport_NOUN	sport_NOUN	riyADap_NOUN	رياضة	رياضة	r i y aa dh. a	READY	
36972	1064	OpenClass	butter	beurre	زُبْد	JED		butter_NOUN	beurre_NOUN	zubod_NOUN	زبدة	زبدة	z i b d a	READY	
36975	1064	OpenClass	butter	beurre	زُبْد	RIY		butter_NOUN	beurre_NOUN	zubod_NOUN	زبدة	زبدة	z i b d a	READY	
36988	1064	OpenClass	butter	beurre	زُبْد	JED		butter_NOUN	beurre_NOUN	zubod_NOUN	سمن	سمن	s a m n	READY	
36989	1064	OpenClass	butter	beurre	زُبْد	RIY		butter_NOUN	beurre_NOUN	zubod_NOUN	سمن	سمن	s a m n	READY	
36993	1064	OpenClass	butter	beurre	زُبْد	JED		butter_NOUN	beurre_NOUN	zubod_NOUN	سمنة	سمنة	s a m n a	READY	
36994	1064	OpenClass	butter	beurre	زُبْد	RIY		butter_NOUN	beurre_NOUN	zubod_NOUN	سمنة	سمنة	s a m n a	READY	
37013	1065	OpenClass	button	bouton	زِرّ	JED		button_NOUN	bouton_NOUN	zirX_NOUN	زر	زر	z i r r	READY	
37015	1065	OpenClass	button	bouton	زِرّ	RIY		button_NOUN	bouton_NOUN	zirX_NOUN	زر	زر	z i r r	READY	
37034	1066	OpenClass	wife	femme	زَوْجَة	JED		wife_NOUN	femme_NOUN	zawojap_NOUN	حرم	حرم	7 a r a m	READY	
37036	1066	OpenClass	wife	femme	زَوْجَة	RIY		wife_NOUN	femme_NOUN	zawojap_NOUN	حرم	حرم	7 a r a m	READY	
37040	1066	OpenClass	wife	femme	زَوْجَة	JED		wife_NOUN	femme_NOUN	zawojap_NOUN	حرمة	حرمة	7 u r m a	READY	
37042	1066	OpenClass	wife	femme	زَوْجَة	RIY		wife_NOUN	femme_NOUN	zawojap_NOUN	حرمة	حرمة	7 u r m a	READY	
37050	1066	OpenClass	wife	femme	زَوْجَة	JED		wife_NOUN	femme_NOUN	zawojap_NOUN	زوجة	زوجة	z a w j a	READY	
37053	1066	OpenClass	wife	femme	زَوْجَة	RIY		wife_NOUN	femme_NOUN	zawojap_NOUN	زوجة	زوجة	z a w j a	READY	
37082	1066	OpenClass	wife	femme	زَوْجَة	JED		wife_NOUN	femme_NOUN	zawojap_NOUN	مرة	مرة	m a r a	READY	
37085	1066	OpenClass	wife	femme	زَوْجَة	RIY		wife_NOUN	femme_NOUN	zawojap_NOUN	مرة	مرة	m a r a	READY	
37102	1067	OpenClass	travel	voyager	سافَر	JED		travel_VERB	voyager_VERB	sAfar_VERB	راح	راح	r aa 7	READY	
37103	1067	OpenClass	travel	voyager	سافَر	RIY		travel_VERB	voyager_VERB	sAfar_VERB	راح	راح	r aa 7	READY	
37114	1067	OpenClass	travel	voyager	سافَر	JED		travel_VERB	voyager_VERB	sAfar_VERB	سافر	سافر	s aa f a r	READY	
37120	1067	OpenClass	travel	voyager	سافَر	RIY		travel_VERB	voyager_VERB	sAfar_VERB	سافر	سافر	s aa f a r	READY	
37166	1068	OpenClass	theft	vol	سَرِقَة	JED		theft_NOUN	vol_NOUN	sariqap_NOUN	سرقة	سرقة	s i r g a	READY	
37167	1068	OpenClass	theft	vol	سَرِقَة	RIY		theft_NOUN	vol_NOUN	sariqap_NOUN	سرقة	سرقة	s i r g a	READY	
37226	1069	OpenClass	happy	heureux	سَعِيد	JED		happy_ADJ	heureux_ADJ	saEiyd_ADJ	فرحان	فرحان	f a r 7 aa n	READY	
37230	1069	OpenClass	happy	heureux	سَعِيد	RIY		happy_ADJ	heureux_ADJ	saEiyd_ADJ	فرحان	فرحان	f a r 7 aa n	READY	
37253	1069	OpenClass	happy	heureux	سَعِيد	JED		happy_ADJ	heureux_ADJ	saEiyd_ADJ	مبسوط	مبسوط	m a b s. uu t.	READY	
37255	1069	OpenClass	happy	heureux	سَعِيد	RIY		happy_ADJ	heureux_ADJ	saEiyd_ADJ	مبسوط	مبسوط	m a b s. uu t.	READY	
37261	1069	OpenClass	happy	heureux	سَعِيد	RIY		happy_ADJ	heureux_ADJ	saEiyd_ADJ	مستانس	مستانس	m i s t aa n i s	READY	
37262	1069	OpenClass	happy	heureux	سَعِيد	RIY		happy_ADJ	heureux_ADJ	saEiyd_ADJ	مستانس	مستانس	m u s t aa n i s	READY	
37294	1070	OpenClass	ship	bateau	سَفِينَة	JED		ship_NOUN	bateau_NOUN	safiynap_NOUN	باخرة	باخرة	b aa kh r a	READY	
37297	1070	OpenClass	ship	bateau	سَفِينَة	RIY		ship_NOUN	bateau_NOUN	safiynap_NOUN	باخرة	باخرة	b aa kh r a	READY	
37313	1070	OpenClass	ship	bateau	سَفِينَة	JED		ship_NOUN	bateau_NOUN	safiynap_NOUN	سفينة	سفينة	s a f ii n a	READY	
37317	1070	OpenClass	ship	bateau	سَفِينَة	RIY		ship_NOUN	bateau_NOUN	safiynap_NOUN	سفينة	سفينة	s a f ii n a	READY	
37336	1070	OpenClass	ship	bateau	سَفِينَة	JED		ship_NOUN	bateau_NOUN	safiynap_NOUN	يخت	يخت	y a kh t	READY	
37337	1070	OpenClass	ship	bateau	سَفِينَة	RIY		ship_NOUN	bateau_NOUN	safiynap_NOUN	يخت	يخت	y a kh t	READY	
37338	1071	OpenClass	knife	couteau	سِكِّين	JED		knife_NOUN	couteau_NOUN	sikXiyn_NOUN	خنجر	خنجر	kh a n j a r	READY	
37339	1071	OpenClass	knife	couteau	سِكِّين	RIY		knife_NOUN	couteau_NOUN	sikXiyn_NOUN	خنجر	خنجر	kh a n j a r	READY	
37360	1071	OpenClass	knife	couteau	سِكِّين	JED		knife_NOUN	couteau_NOUN	sikXiyn_NOUN	سكينة	سكينة	s i k k ii n a	READY	
37362	1071	OpenClass	knife	couteau	سِكِّين	RIY		knife_NOUN	couteau_NOUN	sikXiyn_NOUN	سكينة	سكينة	s i k k ii n a	READY	
37393	1072	OpenClass	stair	escalier	سُلَّم	JED		stair_NOUN	escalier_NOUN	sulXam_NOUN	درج	درج	d a r a j	READY	
37396	1072	OpenClass	stair	escalier	سُلَّم	RIY		stair_NOUN	escalier_NOUN	sulXam_NOUN	درج	درج	d a r a j	READY	
37414	1072	OpenClass	stair	escalier	سُلَّم	JED		stair_NOUN	escalier_NOUN	sulXam_NOUN	سلم	سلم	s u l l a m	READY	
37416	1072	OpenClass	stair	escalier	سُلَّم	RIY		stair_NOUN	escalier_NOUN	sulXam_NOUN	سلم	سلم	s u l l a m	READY	
37417	1072	OpenClass	stair	escalier	سُلَّم	JED		stair_NOUN	escalier_NOUN	sulXam_NOUN	عتبة	عتبة	3 a t a b a	READY	
37418	1072	OpenClass	stair	escalier	سُلَّم	RIY		stair_NOUN	escalier_NOUN	sulXam_NOUN	عتبة	عتبة	3 a t a b a	READY	
37437	1073	OpenClass	earphone	écouteur	سَمّاعَة	JED		earphone_NOUN	écouteur_NOUN	samXAEap_NOUN	سماعة	سماعة	s a m m aa 3 a	READY	
37442	1073	OpenClass	earphone	écouteur	سَمّاعَة	RIY		earphone_NOUN	écouteur_NOUN	samXAEap_NOUN	سماعة	سماعة	s a m m aa 3 a	READY	
37469	1074	OpenClass	movie theater	cinéma	سِينَما	JED		movie_NOUN theater_NOUN	cinéma_NOUN	siynamA_NOUN	سينما	سينما	s ii n a m a	CHECK	Foreign
37470	1074	OpenClass	movie theater	cinéma	سِينَما	RIY		movie_NOUN theater_NOUN	cinéma_NOUN	siynamA_NOUN	سينما	سينما	s ii n a m a	CHECK	Foreign
37480	1074	OpenClass	movie theater	cinéma	سِينَما	JED		movie_NOUN theater_NOUN	cinéma_NOUN	siynamA_NOUN	سينما	سينما	s i n a m a	CHECK	Foreign
37481	1074	OpenClass	movie theater	cinéma	سِينَما	RIY		movie_NOUN theater_NOUN	cinéma_NOUN	siynamA_NOUN	سينما	سينما	s i n a m a	CHECK	Foreign
37519	1075	OpenClass	slice	tranche	شَرِيحَة	JED		slice_NOUN	tranche_NOUN	cariyHap_NOUN	قطعة	قطعة	g i t. 3 a	READY	
37521	1075	OpenClass	slice	tranche	شَرِيحَة	RIY		slice_NOUN	tranche_NOUN	cariyHap_NOUN	قطعة	قطعة	g i t. 3 a	READY	
37532	1076	OpenClass	thank	remercier	شَكَر	JED		thank_VERB	remercier_VERB	cakar_VERB	اتشكر	اتشكر	2 i t sh a k k a r	READY	
37533	1076	OpenClass	thank	remercier	شَكَر	RIY		thank_VERB	remercier_VERB	cakar_VERB	اتشكر	اتشكر	2 i t sh a k k a r	READY	
37542	1076	OpenClass	thank	remercier	شَكَر	JED		thank_VERB	remercier_VERB	cakar_VERB	شكر	شكر	sh a k a r	READY	
37545	1076	OpenClass	thank	remercier	شَكَر	RIY		thank_VERB	remercier_VERB	cakar_VERB	شكر	شكر	sh a k a r	READY	
37563	1077	OpenClass	certificate	certificat	شَهادَة	JED		certificate_NOUN	certificat_NOUN	cahAdap_NOUN	دبلوم	دبلوم	d i b l oo m	CHECK	Foreign
37564	1077	OpenClass	certificate	certificat	شَهادَة	RIY		certificate_NOUN	certificat_NOUN	cahAdap_NOUN	دبلوم	دبلوم	d i b l oo m	CHECK	Foreign
37574	1077	OpenClass	certificate	certificat	شَهادَة	JED		certificate_NOUN	certificat_NOUN	cahAdap_NOUN	شهادة	شهادة	sh a h aa d a	READY	
37578	1077	OpenClass	certificate	certificat	شَهادَة	RIY		certificate_NOUN	certificat_NOUN	cahAdap_NOUN	شهادة	شهادة	sh a h aa d a	READY	
37616	1078	OpenClass	famous	célèbre	شَهِير	JED		famous_ADJ	célèbre_ADJ	cahiyr_ADJ	مشهور	مشهور	m a sh h uu r	READY	
37620	1078	OpenClass	famous	célèbre	شَهِير	RIY		famous_ADJ	célèbre_ADJ	cahiyr_ADJ	مشهور	مشهور	m a sh h uu r	READY	
37646	1079	OpenClass	interesting	intéressant	شَيِّق	JED		interesting_ADJ	intéressant_ADJ	cayXiq_ADJ	جميل	جميل	j a m ii l	READY	
37652	1079	OpenClass	interesting	intéressant	شَيِّق	JED		interesting_ADJ	intéressant_ADJ	cayXiq_ADJ	حلو	حلو	7 i l u	READY	
37655	1079	OpenClass	interesting	intéressant	شَيِّق	RIY		interesting_ADJ	intéressant_ADJ	cayXiq_ADJ	حلو	حلو	7 i l u	READY	
37660	1079	OpenClass	interesting	intéressant	شَيِّق	JED		interesting_ADJ	intéressant_ADJ	cayXiq_ADJ	شيق	شيق	sh a y y i q	READY	
37662	1079	OpenClass	interesting	intéressant	شَيِّق	RIY		interesting_ADJ	intéressant_ADJ	cayXiq_ADJ	شيق	شيق	sh a y y i q	READY	
37672	1079	OpenClass	interesting	intéressant	شَيِّق	JED		interesting_ADJ	intéressant_ADJ	cayXiq_ADJ	محمس	محمس	m i 7 a m m i s	READY	
37709	1080	OpenClass	health	santé	صِحَّة	JED		health_NOUN	santé_NOUN	SiHXap_NOUN	صحة	صحة	s. i 7 7 a	READY	
37712	1080	OpenClass	health	santé	صِحَّة	RIY		health_NOUN	santé_NOUN	SiHXap_NOUN	صحة	صحة	s. i 7 7 a	READY	
37715	1080	OpenClass	health	santé	صِحَّة	JED		health_NOUN	santé_NOUN	SiHXap_NOUN	عافية	عافية	3 aa f i y a	READY	
37716	1080	OpenClass	health	santé	صِحَّة	RIY		health_NOUN	santé_NOUN	SiHXap_NOUN	عافية	عافية	3 aa f i y a	READY	
37735	1081	OpenClass	TRUE	vrai	صَحِيح	JED		true_ADJ	vrai_ADJ	SaHiyH_ADJ	حقيقي	حقيقي	7 a g ii g i	READY	
37736	1081	OpenClass	TRUE	vrai	صَحِيح	RIY		true_ADJ	vrai_ADJ	SaHiyH_ADJ	حقيقي	حقيقي	7 a g ii g i	READY	
37773	1081	OpenClass	TRUE	vrai	صَحِيح	JED		true_ADJ	vrai_ADJ	SaHiyH_ADJ	صحيح	صحيح	s. a 7 ii 7	READY	
37777	1081	OpenClass	TRUE	vrai	صَحِيح	RIY		true_ADJ	vrai_ADJ	SaHiyH_ADJ	صحيح	صحيح	s. a 7 ii 7	READY	
37789	1081	OpenClass	TRUE	vrai	صَحِيح	RIY		true_ADJ	vrai_ADJ	SaHiyH_ADJ	مضبوط	مضبوط	m a dh. b uu t.	READY	
37791	1081	OpenClass	TRUE	vrai	صَحِيح	JED		true_ADJ	vrai_ADJ	SaHiyH_ADJ	مضبوط	مضبوط	m a z. b uu t.	READY	
37794	1081	OpenClass	TRUE	vrai	صَحِيح	JED		true_ADJ	vrai_ADJ	SaHiyH_ADJ	من جد	من جد	m i n # j i d d	READY	
37807	1082	OpenClass	newspaper	journal	صَحِيفَة	JED		newspaper_NOUN	journal_NOUN	SaHiyfap_NOUN	جريدة	جريدة	j a r ii d a	READY	
37811	1082	OpenClass	newspaper	journal	صَحِيفَة	RIY		newspaper_NOUN	journal_NOUN	SaHiyfap_NOUN	جريدة	جريدة	j a r ii d a	READY	
37824	1082	OpenClass	newspaper	journal	صَحِيفَة	JED		newspaper_NOUN	journal_NOUN	SaHiyfap_NOUN	صحيفة	صحيفة	s. a 7 ii f a	READY	
37826	1082	OpenClass	newspaper	journal	صَحِيفَة	RIY		newspaper_NOUN	journal_NOUN	SaHiyfap_NOUN	صحيفة	صحيفة	s. a 7 ii f a	READY	
37855	1083	OpenClass	row	rang	صَفّ	JED		row_NOUN	rang_NOUN	SafX_NOUN	صف	صف	s. a f f	READY	
37858	1083	OpenClass	row	rang	صَفّ	RIY		row_NOUN	rang_NOUN	SafX_NOUN	صف	صف	s. a f f	READY	
37872	1083	OpenClass	row	rang	صَفّ	JED		row_NOUN	rang_NOUN	SafX_NOUN	طابور	طابور	t. aa b uu r	READY	
37873	1083	OpenClass	row	rang	صَفّ	RIY		row_NOUN	rang_NOUN	SafX_NOUN	طابور	طابور	t. aa b uu r	READY	
37875	1084	OpenClass	sauce	sauce	صَلْصَة	JED		sauce_NOUN	sauce_NOUN	SaloSap_NOUN	ادام	ادام	2 i d aa m	READY	
37907	1084	OpenClass	sauce	sauce	صَلْصَة	JED		sauce_NOUN	sauce_NOUN	SaloSap_NOUN	صلصة	صلصة	s. a l. s. a	CHECK	Foreign
37909	1084	OpenClass	sauce	sauce	صَلْصَة	RIY		sauce_NOUN	sauce_NOUN	SaloSap_NOUN	صلصة	صلصة	s. a l. s. a	CHECK	Foreign
37919	1084	OpenClass	sauce	sauce	صَلْصَة	JED		sauce_NOUN	sauce_NOUN	SaloSap_NOUN	صوص	صوص	s. oo s.	CHECK	Foreign
37923	1084	OpenClass	sauce	sauce	صَلْصَة	RIY		sauce_NOUN	sauce_NOUN	SaloSap_NOUN	صوص	صوص	s. oo s.	CHECK	Foreign
37928	1084	OpenClass	sauce	sauce	صَلْصَة	JED		sauce_NOUN	sauce_NOUN	SaloSap_NOUN	مرقة	مرقة	m a r a g a	READY	
37929	1084	OpenClass	sauce	sauce	صَلْصَة	RIY		sauce_NOUN	sauce_NOUN	SaloSap_NOUN	مرقة	مرقة	m a r a g a	READY	
37930	1085	OpenClass	make	fabriquer	صَنَع	JED		make_VERB	fabriquer_VERB	SanaE_VERB	جعل	جعل	j a 3 a l	READY	
37931	1085	OpenClass	make	fabriquer	صَنَع	RIY		make_VERB	fabriquer_VERB	SanaE_VERB	جعل	جعل	j a 3 a l	READY	
37948	1085	OpenClass	make	fabriquer	صَنَع	JED		make_VERB	fabriquer_VERB	SanaE_VERB	سوى	سوى	s a w w a	READY	
37952	1085	OpenClass	make	fabriquer	صَنَع	RIY		make_VERB	fabriquer_VERB	SanaE_VERB	سوى	سوى	s a w w a	READY	
37962	1085	OpenClass	make	fabriquer	صَنَع	JED		make_VERB	fabriquer_VERB	SanaE_VERB	صنع	صنع	s. a n a 3	READY	
37963	1085	OpenClass	make	fabriquer	صَنَع	RIY		make_VERB	fabriquer_VERB	SanaE_VERB	صنع	صنع	s. a n a 3	READY	
37984	1085	OpenClass	make	fabriquer	صَنَع	JED		make_VERB	fabriquer_VERB	SanaE_VERB	عمل	عمل	3 a m a l	READY	
37987	1085	OpenClass	make	fabriquer	صَنَع	RIY		make_VERB	fabriquer_VERB	SanaE_VERB	عمل	عمل	3 a m a l	READY	
38012	1087	OpenClass	wool	laine	صُوف	JED		wool_NOUN	laine_NOUN	Suwf_NOUN	صوف	صوف	s. uu f	READY	
38017	1087	OpenClass	wool	laine	صُوف	RIY		wool_NOUN	laine_NOUN	Suwf_NOUN	صوف	صوف	s. uu f	READY	
38038	1088	OpenClass	fishing	pêche	صَيْد	JED		fishing_NOUN	pêche_NOUN	Sayod_NOUN	صيد	صيد	s. ee d	READY	
38042	1088	OpenClass	fishing	pêche	صَيْد	RIY		fishing_NOUN	pêche_NOUN	Sayod_NOUN	صيد	صيد	s. ee d	READY	
38054	1088	OpenClass	fishing	pêche	صَيْد	JED		fishing_NOUN	pêche_NOUN	Sayod_NOUN	صيد سمك	صيد سمك	s. ee d # s a m a k	READY	
38056	1088	OpenClass	fishing	pêche	صَيْد	RIY		fishing_NOUN	pêche_NOUN	Sayod_NOUN	صيد سمك	صيد سمك	s. ee d # s a m a k	READY	
38086	1089	OpenClass	tight	serré	ضَيِّق	JED		tight_ADJ	serré_ADJ	DayXiq_ADJ	ضيق	ضيق	d. a y y i q	READY	
38098	1089	OpenClass	tight	serré	ضَيِّق	RIY		tight_ADJ	serré_ADJ	DayXiq_ADJ	ضيق	ضيق	dh. a y y i q	READY	
38137	1090	MixedClass	emergency	les urgences	ال+ طَوَارِئ	JED		emergency_NOUN	le_DET urgence_NOUN	Al+_DET TAriQap_NOUN	الطوارئ	ال+ طوارئ	2 a t. t. a w aa r i 2	READY	
38138	1090	MixedClass	emergency	les urgences	ال+ طَوَارِئ	RIY		emergency_NOUN	le_DET urgence_NOUN	Al+_DET TAriQap_NOUN	الطوارئ	ال+ طوارئ	2 a t. t. a w aa r i 2	READY	
38170	1091	OpenClass	student	étudiant	طالِب	JED		student_NOUN	étudiant_NOUN	TAlib_NOUN	تلميذ	تلميذ	t i l m ii dh	READY	
38173	1091	OpenClass	student	étudiant	طالِب	RIY		student_NOUN	étudiant_NOUN	TAlib_NOUN	تلميذ	تلميذ	t i l m ii dh	READY	
38182	1091	OpenClass	student	étudiant	طالِب	JED		student_NOUN	étudiant_NOUN	TAlib_NOUN	تلميذ	تلميذ	t i l m ii z	READY	
38197	1091	OpenClass	student	étudiant	طالِب	JED		student_NOUN	étudiant_NOUN	TAlib_NOUN	طالب	طالب	t. aa l i b	READY	
38202	1091	OpenClass	student	étudiant	طالِب	RIY		student_NOUN	étudiant_NOUN	TAlib_NOUN	طالب	طالب	t. aa l i b	READY	
38231	1092	OpenClass	counter	comptoir	طاوِلَة	JED		counter_NOUN	comptoir_NOUN	TAwilap_NOUN	طاولة	طاولة	t. aa w l. a	READY	
38232	1092	OpenClass	counter	comptoir	طاوِلَة	RIY		counter_NOUN	comptoir_NOUN	TAwilap_NOUN	طاولة	طاولة	t. aa w l. a	READY	
38243	1092	OpenClass	counter	comptoir	طاوِلَة	JED		counter_NOUN	comptoir_NOUN	TAwilap_NOUN	كاونتر	كاونتر	k aa w i n t a r	CHECK	Foreign
38244	1092	OpenClass	counter	comptoir	طاوِلَة	RIY		counter_NOUN	comptoir_NOUN	TAwilap_NOUN	كاونتر	كاونتر	k aa w i n t a r	CHECK	Foreign
38245	1092	OpenClass	counter	comptoir	طاوِلَة	JED		counter_NOUN	comptoir_NOUN	TAwilap_NOUN	كاونتر	كاونتر	k aa w n t a r	CHECK	Foreign
38247	1092	OpenClass	counter	comptoir	طاوِلَة	RIY		counter_NOUN	comptoir_NOUN	TAwilap_NOUN	كاونتر	كاونتر	k aa w n t a r	CHECK	Foreign
38264	1093	OpenClass	medical	médical	طِبِّيّ	JED		medical_ADJ	médical_ADJ	TibXiyX_ADJ	طبي	طبي	t. i b b i	READY	
38268	1093	OpenClass	medical	médical	طِبِّيّ	RIY		medical_ADJ	médical_ADJ	TibXiyX_ADJ	طبي	طبي	t. i b b i	READY	
38298	1094	OpenClass	weather	temps	طَقْس ، جَوّ	JED		weather_NOUN	temps_NOUN	Taqos_NOUN , jawX_NOUN	جو	جو	j a w w	READY	
38300	1094	OpenClass	weather	temps	طَقْس ، جَوّ	RIY		weather_NOUN	temps_NOUN	Taqos_NOUN , jawX_NOUN	جو	جو	j a w w	READY	
38329	1094	OpenClass	weather	temps	طَقْس ، جَوّ	JED		weather_NOUN	temps_NOUN	Taqos_NOUN , jawX_NOUN	طقس	طقس	t. a q s.	READY	
38330	1094	OpenClass	weather	temps	طَقْس ، جَوّ	RIY		weather_NOUN	temps_NOUN	Taqos_NOUN , jawX_NOUN	طقس	طقس	t. a q s.	READY	
38353	1095	OpenClass	length	longueur	طُول	JED		length_NOUN	longueur_NOUN	Tuwl_NOUN	طول	طول	t. uu l.	READY	
38355	1095	OpenClass	length	longueur	طُول	RIY		length_NOUN	longueur_NOUN	Tuwl_NOUN	طول	طول	t. uu l.	READY	
38357	1096	OpenClass	nail	ongle	ظُفُر	JED		nail_NOUN	ongle_NOUN	Zufur_NOUN	اظفار	اظفار	2 i d. f aa r	READY	
38363	1096	OpenClass	nail	ongle	ظُفُر	JED		nail_NOUN	ongle_NOUN	Zufur_NOUN	ظفر	ظفر	d. i f r	READY	
38364	1096	OpenClass	nail	ongle	ظُفُر	RIY		nail_NOUN	ongle_NOUN	Zufur_NOUN	ظفر	ظفر	d. i f r	READY	
38374	1096	OpenClass	nail	ongle	ظُفُر	JED		nail_NOUN	ongle_NOUN	Zufur_NOUN	ظفر	ظفر	dh. i f r	READY	
38375	1096	OpenClass	nail	ongle	ظُفُر	RIY		nail_NOUN	ongle_NOUN	Zufur_NOUN	ظفر	ظفر	dh. i f r	READY	
38418	1097	OpenClass	regular	normal	عادِيّ	JED		regular_ADJ	normal_ADJ	EAdiyX_ADJ	طبيعي	طبيعي	t. a b ii 3 i	READY	
38420	1097	OpenClass	regular	normal	عادِيّ	RIY		regular_ADJ	normal_ADJ	EAdiyX_ADJ	طبيعي	طبيعي	t. a b ii 3 i	READY	
38432	1097	OpenClass	regular	normal	عادِيّ	JED		regular_ADJ	normal_ADJ	EAdiyX_ADJ	عادي	عادي	3 aa d i	READY	
38438	1097	OpenClass	regular	normal	عادِيّ	RIY		regular_ADJ	normal_ADJ	EAdiyX_ADJ	عادي	عادي	3 aa d i	READY	
38465	1098	OpenClass	world	monde	عالَم	JED		world_NOUN	monde_NOUN	EAlam_NOUN	دنيا	دنيا	d u n y a	READY	
38467	1098	OpenClass	world	monde	عالَم	RIY		world_NOUN	monde_NOUN	EAlam_NOUN	دنيا	دنيا	d u n y a	READY	
38481	1098	OpenClass	world	monde	عالَم	JED		world_NOUN	monde_NOUN	EAlam_NOUN	عالم	عالم	3 aa l a m	READY	
38487	1098	OpenClass	world	monde	عالَم	RIY		world_NOUN	monde_NOUN	EAlam_NOUN	عالم	عالم	3 aa l a m	READY	
38498	1099	OpenClass	suffer	souffrir	عانَى	RIY		suffer_VERB	souffrir_VERB	EAnaY_VERB	اتعذب	اتعذب	2 i t 3 a dh dh a b	READY	
38560	1099	OpenClass	suffer	souffrir	عانَى	JED		suffer_VERB	souffrir_VERB	EAnaY_VERB	عانى	عانى	3 aa n a	READY	
38565	1099	OpenClass	suffer	souffrir	عانَى	RIY		suffer_VERB	souffrir_VERB	EAnaY_VERB	عانى	عانى	3 aa n a	READY	
38595	1100	OpenClass	meter	compteur	عَدَّاد	JED		meter_NOUN	compteur_NOUN	EadXAd_NOUN	عداد	عداد	3 a d d aa d	READY	
38601	1100	OpenClass	meter	compteur	عَدَّاد	RIY		meter_NOUN	compteur_NOUN	EadXAd_NOUN	عداد	عداد	3 a d d aa d	READY	
38628	1101	OpenClass	cart	chariot	عَرَبَة	JED		cart_NOUN	chariot_NOUN	Earabap_NOUN	عربية	عربية	3 a r a b i y y a	READY	
38630	1101	OpenClass	cart	chariot	عَرَبَة	RIY		cart_NOUN	chariot_NOUN	Earabap_NOUN	عربية	عربية	3 a r a b i y y a	READY	
38657	1102	OpenClass	member	membre	عُضْو	JED		member_NOUN	membre_NOUN	EuDow_NOUN	عضو	عضو	3 u d. u	READY	
38669	1102	OpenClass	member	membre	عُضْو	RIY		member_NOUN	membre_NOUN	EuDow_NOUN	عضو	عضو	3 u dh. u	READY	
38683	1103	OpenClass	vacation	vacance	عُطْلَة	JED		vacation_NOUN	vacance_NOUN	EuTolap_NOUN	اجازة	اجازة	2 i j aa z a	READY	
38686	1103	OpenClass	vacation	vacance	عُطْلَة	RIY		vacation_NOUN	vacance_NOUN	EuTolap_NOUN	اجازة	اجازة	2 i j aa z a	READY	
38702	1103	OpenClass	vacation	vacance	عُطْلَة	JED		vacation_NOUN	vacance_NOUN	EuTolap_NOUN	عطلة	عطلة	3 u t. l a	READY	
38706	1103	OpenClass	vacation	vacance	عُطْلَة	RIY		vacation_NOUN	vacance_NOUN	EuTolap_NOUN	عطلة	عطلة	3 u t. l a	READY	
38727	1104	OpenClass	sign	panneau	عَلامَة	JED		sign_NOUN	panneau_NOUN	EalAmap_NOUN	اشارة	اشارة	2 i sh aa r a	READY	
38731	1104	OpenClass	sign	panneau	عَلامَة	RIY		sign_NOUN	panneau_NOUN	EalAmap_NOUN	اشارة	اشارة	2 i sh aa r a	READY	
38756	1104	OpenClass	sign	panneau	عَلامَة	JED		sign_NOUN	panneau_NOUN	EalAmap_NOUN	علامة	علامة	3 a l aa m a	READY	
38759	1104	OpenClass	sign	panneau	عَلامَة	RIY		sign_NOUN	panneau_NOUN	EalAmap_NOUN	علامة	علامة	3 a l aa m a	READY	
38775	1104	OpenClass	sign	panneau	عَلامَة	JED		sign_NOUN	panneau_NOUN	EalAmap_NOUN	لافتة	لافتة	l aa f t a	READY	
38777	1104	OpenClass	sign	panneau	عَلامَة	RIY		sign_NOUN	panneau_NOUN	EalAmap_NOUN	لافتة	لافتة	l aa f t a	READY	
38778	1104	OpenClass	sign	panneau	عَلامَة	JED		sign_NOUN	panneau_NOUN	EalAmap_NOUN	لايحة	لايحة	l aa y 7 a	READY	
38779	1104	OpenClass	sign	panneau	عَلامَة	RIY		sign_NOUN	panneau_NOUN	EalAmap_NOUN	لايحة	لايحة	l aa y 7 a	READY	
38787	1104	OpenClass	sign	panneau	عَلامَة	JED		sign_NOUN	panneau_NOUN	EalAmap_NOUN	يافطة	يافطة	y aa f t. a	READY	
38789	1104	OpenClass	sign	panneau	عَلامَة	RIY		sign_NOUN	panneau_NOUN	EalAmap_NOUN	يافطة	يافطة	y aa f t. a	READY	
38794	1106	OpenClass	customer	client	عَمِيل	JED		customer_NOUN	client_NOUN	Eamiyl_NOUN	زبون	زبون	z a b uu n	READY	
38798	1106	OpenClass	customer	client	عَمِيل	RIY		customer_NOUN	client_NOUN	Eamiyl_NOUN	زبون	زبون	z a b uu n	READY	
38828	1106	OpenClass	customer	client	عَمِيل	JED		customer_NOUN	client_NOUN	Eamiyl_NOUN	عميل	عميل	3 a m ii l	READY	
38832	1106	OpenClass	customer	client	عَمِيل	RIY		customer_NOUN	client_NOUN	Eamiyl_NOUN	عميل	عميل	3 a m ii l	READY	
38858	1107	OpenClass	gas	essence	غاز	JED		gas_NOUN	essence_NOUN	gAz_NOUN	غاز	غاز	gh aa z	READY	
38863	1107	OpenClass	gas	essence	غاز	RIY		gas_NOUN	essence_NOUN	gAz_NOUN	غاز	غاز	gh aa z	READY	
38891	1108	OpenClass	girl	fille	فَتاة	JED		girl_NOUN	fille_NOUN	fatAp_NOUN	بنت	بنت	b i n t	READY	
38895	1108	OpenClass	girl	fille	فَتاة	RIY		girl_NOUN	fille_NOUN	fatAp_NOUN	بنت	بنت	b i n t	READY	
38905	1108	OpenClass	girl	fille	فَتاة	RIY		girl_NOUN	fille_NOUN	fatAp_NOUN	بنية	بنية	b n a y y a	READY	
38919	1108	OpenClass	girl	fille	فَتاة	JED		girl_NOUN	fille_NOUN	fatAp_NOUN	طفلة	طفلة	t. i f l a	READY	
38922	1108	OpenClass	girl	fille	فَتاة	RIY		girl_NOUN	fille_NOUN	fatAp_NOUN	طفلة	طفلة	t. i f l a	READY	
38936	1109	OpenClass	cup	tasse	فِنْجان	JED		cup_NOUN	tasse_NOUN	finojAn_NOUN	فنجال	فنجال	f i n j aa l	READY	
38937	1109	OpenClass	cup	tasse	فِنْجان	RIY		cup_NOUN	tasse_NOUN	finojAn_NOUN	فنجال	فنجال	f i n j aa l	READY	
38953	1109	OpenClass	cup	tasse	فِنْجان	JED		cup_NOUN	tasse_NOUN	finojAn_NOUN	فنجان	فنجان	f i n j aa n	READY	
38956	1109	OpenClass	cup	tasse	فِنْجان	RIY		cup_NOUN	tasse_NOUN	finojAn_NOUN	فنجان	فنجان	f i n j aa n	READY	
38966	1109	OpenClass	cup	tasse	فِنْجان	JED		cup_NOUN	tasse_NOUN	finojAn_NOUN	كاسة	كاسة	k aa s a	READY	
38967	1109	OpenClass	cup	tasse	فِنْجان	RIY		cup_NOUN	tasse_NOUN	finojAn_NOUN	كاسة	كاسة	k aa s a	READY	
38970	1109	OpenClass	cup	tasse	فِنْجان	JED		cup_NOUN	tasse_NOUN	finojAn_NOUN	كباية	كباية	k u b b aa y a	READY	
38972	1109	OpenClass	cup	tasse	فِنْجان	RIY		cup_NOUN	tasse_NOUN	finojAn_NOUN	كباية	كباية	k u b b aa y a	READY	
38992	1110	OpenClass	towel	serviette	فُوطَة	JED		towel_NOUN	serviette_NOUN	fuwTap_NOUN	بشكير	بشكير	b a sh k ii r	READY	
39017	1110	OpenClass	towel	serviette	فُوطَة	JED		towel_NOUN	serviette_NOUN	fuwTap_NOUN	فوطة	فوطة	f uu t. a	READY	
39037	1110	OpenClass	towel	serviette	فُوطَة	JED		towel_NOUN	serviette_NOUN	fuwTap_NOUN	منشفة	منشفة	m i n sh a f a	READY	
39039	1110	OpenClass	towel	serviette	فُوطَة	RIY		towel_NOUN	serviette_NOUN	fuwTap_NOUN	منشفة	منشفة	m i n sh a f a	READY	
39048	1111	OpenClass	vitamin	vitamine	فِيتامِين	JED		vitamin_NOUN	vitamine_NOUN	fiytAmiyn_NOUN	فيتامين	فيتامين	f ii t a m ii n	CHECK	Foreign
39049	1111	OpenClass	vitamin	vitamine	فِيتامِين	RIY		vitamin_NOUN	vitamine_NOUN	fiytAmiyn_NOUN	فيتامين	فيتامين	f ii t a m ii n	CHECK	Foreign
39087	1112	OpenClass	meet	rencontrer	قابَل	JED		meet_VERB	rencontrer_VERB	qAbal_VERB	اجتمع	اجتمع	2 i j t a m a 3	READY	
39089	1112	OpenClass	meet	rencontrer	قابَل	RIY		meet_VERB	rencontrer_VERB	qAbal_VERB	اجتمع	اجتمع	2 i j t a m a 3	READY	
39115	1112	OpenClass	meet	rencontrer	قابَل	JED		meet_VERB	rencontrer_VERB	qAbal_VERB	شاف	شاف	sh aa f	READY	
39116	1112	OpenClass	meet	rencontrer	قابَل	RIY		meet_VERB	rencontrer_VERB	qAbal_VERB	شاف	شاف	sh aa f	READY	
39126	1112	OpenClass	meet	rencontrer	قابَل	JED		meet_VERB	rencontrer_VERB	qAbal_VERB	قابل	قابل	g aa b a l	READY	
39128	1112	OpenClass	meet	rencontrer	قابَل	RIY		meet_VERB	rencontrer_VERB	qAbal_VERB	قابل	قابل	g aa b a l	READY	
39148	1112	OpenClass	meet	rencontrer	قابَل	JED		meet_VERB	rencontrer_VERB	qAbal_VERB	واعد	واعد	w aa 3 a d	READY	
39149	1112	OpenClass	meet	rencontrer	قابَل	RIY		meet_VERB	rencontrer_VERB	qAbal_VERB	واعد	واعد	w aa 3 a d	READY	
39164	1113	OpenClass	appreciate	apprécier	قَدَّر	JED		appreciate_VERB	apprécier_VERB	qadXar_VERB	قدر	قدر	g a d d a r	READY	
39166	1113	OpenClass	appreciate	apprécier	قَدَّر	RIY		appreciate_VERB	apprécier_VERB	qadXar_VERB	قدر	قدر	g a d d a r	READY	
39186	1114	OpenClass	story	histoire	قِصَّة	JED		story_NOUN	histoire_NOUN	qiSXap_NOUN	حكاية	حكاية	7 i k aa y a	READY	
39189	1114	OpenClass	story	histoire	قِصَّة	RIY		story_NOUN	histoire_NOUN	qiSXap_NOUN	حكاية	حكاية	7 i k aa y a	READY	
39210	1114	OpenClass	story	histoire	قِصَّة	RIY		story_NOUN	histoire_NOUN	qiSXap_NOUN	سالفة	سالفة	s aa l f a	READY	
39226	1114	OpenClass	story	histoire	قِصَّة	JED		story_NOUN	histoire_NOUN	qiSXap_NOUN	قصة	قصة	g i s. s. a	READY	
39228	1114	OpenClass	story	histoire	قِصَّة	RIY		story_NOUN	histoire_NOUN	qiSXap_NOUN	قصة	قصة	g i s. s. a	READY	
39265	1115	OpenClass	short	court	قَصِير	JED		short_ADJ	court_ADJ	qaSiyr_ADJ	قصير	قصير	g a s. ii r	READY	
39266	1115	OpenClass	short	court	قَصِير	RIY		short_ADJ	court_ADJ	qaSiyr_ADJ	قصير	قصير	g a s. ii r	READY	
39272	1115	OpenClass	short	court	قَصِير	RIY		short_ADJ	court_ADJ	qaSiyr_ADJ	قصير	قصير	g s. a y y i r	READY	
39273	1115	OpenClass	short	court	قَصِير	RIY		short_ADJ	court_ADJ	qaSiyr_ADJ	قصير	قصير	g u s a y y i r	READY	
39301	1116	OpenClass	spend	passer	قَضَى	JED		spend_VERB	passer_VERB	qaDaY_VERB	راح	راح	r aa 7	READY	
39302	1116	OpenClass	spend	passer	قَضَى	RIY		spend_VERB	passer_VERB	qaDaY_VERB	راح	راح	r aa 7	READY	
39313	1116	OpenClass	spend	passer	قَضَى	JED		spend_VERB	passer_VERB	qaDaY_VERB	عدى	عدى	3 a d d a	READY	
39314	1116	OpenClass	spend	passer	قَضَى	RIY		spend_VERB	passer_VERB	qaDaY_VERB	عدى	عدى	3 a d d a	READY	
39336	1116	OpenClass	spend	passer	قَضَى	JED		spend_VERB	passer_VERB	qaDaY_VERB	مر	مر	m a r r	READY	
39337	1116	OpenClass	spend	passer	قَضَى	RIY		spend_VERB	passer_VERB	qaDaY_VERB	مر	مر	m a r r	READY	
39358	1117	OpenClass	cotton	coton	قُطْن	JED		cotton_NOUN	coton_NOUN	quTon_NOUN	قطن	قطن	g u t. n	READY	
39359	1117	OpenClass	cotton	coton	قُطْن	RIY		cotton_NOUN	coton_NOUN	quTon_NOUN	قطن	قطن	g u t. n	READY	
39385	1118	OpenClass	value	valeur	قِيمَة	JED		value_NOUN	valeur_NOUN	qiymap_NOUN	ثمن	ثمن	t a m a n	READY	
39394	1118	OpenClass	value	valeur	قِيمَة	RIY		value_NOUN	valeur_NOUN	qiymap_NOUN	ثمن	ثمن	th a m a n	READY	
39406	1118	OpenClass	value	valeur	قِيمَة	JED		value_NOUN	valeur_NOUN	qiymap_NOUN	حق	حق	7 a g g	READY	
39407	1118	OpenClass	value	valeur	قِيمَة	RIY		value_NOUN	valeur_NOUN	qiymap_NOUN	حق	حق	7 a g g	READY	
39416	1118	OpenClass	value	valeur	قِيمَة	JED		value_NOUN	valeur_NOUN	qiymap_NOUN	قدر	قدر	g a d r	READY	
39417	1118	OpenClass	value	valeur	قِيمَة	RIY		value_NOUN	valeur_NOUN	qiymap_NOUN	قدر	قدر	g a d r	READY	
39431	1118	OpenClass	value	valeur	قِيمَة	JED		value_NOUN	valeur_NOUN	qiymap_NOUN	قيمة	قيمة	g ii m a	READY	
39432	1118	OpenClass	value	valeur	قِيمَة	RIY		value_NOUN	valeur_NOUN	qiymap_NOUN	قيمة	قيمة	g ii m a	READY	
39476	1119	OpenClass	ankle	cheville	كاحِل	JED		ankle_NOUN	cheville_NOUN	kAHil_NOUN	كاحل	كاحل	k aa 7 i l	READY	
39480	1119	OpenClass	ankle	cheville	كاحِل	RIY		ankle_NOUN	cheville_NOUN	kAHil_NOUN	كاحل	كاحل	k aa 7 i l	READY	
39491	1120	OpenClass	shoulder	épaule	كَتِف	JED		shoulder_NOUN	épaule_NOUN	katif_NOUN	كتف	كتف	k a t f	READY	
39493	1120	OpenClass	shoulder	épaule	كَتِف	RIY		shoulder_NOUN	épaule_NOUN	katif_NOUN	كتف	كتف	k a t f	READY	
39504	1120	OpenClass	shoulder	épaule	كَتِف	JED		shoulder_NOUN	épaule_NOUN	katif_NOUN	كتف	كتف	k i t f	READY	
39537	1121	OpenClass	pamphlet	brochure	كُتَيِّب	JED		pamphlet_NOUN	brochure_NOUN	kutayXib_NOUN	كتيب	كتيب	k u t a y y i b	READY	
39541	1121	OpenClass	pamphlet	brochure	كُتَيِّب	RIY		pamphlet_NOUN	brochure_NOUN	kutayXib_NOUN	كتيب	كتيب	k u t a y y i b	READY	
39555	1121	OpenClass	pamphlet	brochure	كُتَيِّب	JED		pamphlet_NOUN	brochure_NOUN	kutayXib_NOUN	منشور	منشور	m a n sh uu r	READY	
39560	1121	OpenClass	pamphlet	brochure	كُتَيِّب	RIY		pamphlet_NOUN	brochure_NOUN	kutayXib_NOUN	منشور	منشور	m a n sh uu r	READY	
39587	1122	OpenClass	ball	balle	كُرَة	RIY		ball_NOUN	balle_NOUN	kurap_NOUN	كرة	كرة	k u r a	READY	
39599	1122	OpenClass	ball	balle	كُرَة	JED		ball_NOUN	balle_NOUN	kurap_NOUN	كورة	كورة	k uu r a	READY	
39601	1122	OpenClass	ball	balle	كُرَة	RIY		ball_NOUN	balle_NOUN	kurap_NOUN	كورة	كورة	k uu r a	READY	
39621	1123	OpenClass	chair	chaise	كُرْسِيّ	JED		chair_NOUN	chaise_NOUN	kurosiyX_NOUN	كرسي	كرسي	k u r s i	READY	
39627	1123	OpenClass	chair	chaise	كُرْسِيّ	RIY		chair_NOUN	chaise_NOUN	kurosiyX_NOUN	كرسي	كرسي	k u r s i	READY	
39632	1123	OpenClass	chair	chaise	كُرْسِيّ	JED		chair_NOUN	chaise_NOUN	kurosiyX_NOUN	مقعد	مقعد	m a g 3 a d	READY	
39633	1123	OpenClass	chair	chaise	كُرْسِيّ	RIY		chair_NOUN	chaise_NOUN	kurosiyX_NOUN	مقعد	مقعد	m a g 3 a d	READY	
39671	1124	OpenClass	cake	gâteau	كَعْك	JED		cake_NOUN	gâteau_NOUN	kaEok_NOUN	كيكة	كيكة	k ee k a	CHECK	Foreign
39673	1124	OpenClass	cake	gâteau	كَعْك	RIY		cake_NOUN	gâteau_NOUN	kaEok_NOUN	كيكة	كيكة	k ee k a	CHECK	Foreign
39687	1125	OpenClass	dog	chien	كَلْب	JED		dog_NOUN	chien_NOUN	kalob_NOUN	كلب	كلب	k a l b	READY	
39691	1125	OpenClass	dog	chien	كَلْب	RIY		dog_NOUN	chien_NOUN	kalob_NOUN	كلب	كلب	k a l b	READY	
39731	1126	OpenClass	coupon	coupon	كُوبُون	JED		coupon_NOUN	coupon_NOUN	kuwbuwn_NOUN	كوبون	كوبون	k oo b oo n	CHECK	Foreign
39732	1126	OpenClass	coupon	coupon	كُوبُون	RIY		coupon_NOUN	coupon_NOUN	kuwbuwn_NOUN	كوبون	كوبون	k oo b oo n	CHECK	Foreign
39760	1127	MixedClass	contact lens	lentille de contact	عَدَسَة لاصِقَة	JED		contact_NOUN lens_NOUN	lentille_NOUN de_ADP contact_NOUN	Eadasap_NOUN lASiq_NOUN	عدسة	عدسة	3 a d a s a	READY	
39763	1127	MixedClass	contact lens	lentille de contact	عَدَسَة لاصِقَة	RIY		contact_NOUN lens_NOUN	lentille_NOUN de_ADP contact_NOUN	Eadasap_NOUN lASiq_NOUN	عدسة	عدسة	3 a d a s a	READY	
39796	1128	OpenClass	toy	jouet	لُعْبَة	JED		toy_NOUN	jouet_NOUN	luEobap_NOUN	لعبة	لعبة	l i 3 b a	READY	
39798	1128	OpenClass	toy	jouet	لُعْبَة	RIY		toy_NOUN	jouet_NOUN	luEobap_NOUN	لعبة	لعبة	l i 3 b a	READY	
39834	1129	OpenClass	game	jeu	لُعْبَة	JED		game_NOUN	jeu_NOUN	luEobap_NOUN	لعبة	لعبة	l i 3 b a	READY	
39837	1129	OpenClass	game	jeu	لُعْبَة	RIY		game_NOUN	jeu_NOUN	luEobap_NOUN	لعبة	لعبة	l i 3 b a	READY	
39866	1129	OpenClass	game	jeu	لُعْبَة	JED		game_NOUN	jeu_NOUN	luEobap_NOUN	مباراة	مباراة	m u b. aa r. aa	READY	
39868	1129	OpenClass	game	jeu	لُعْبَة	RIY		game_NOUN	jeu_NOUN	luEobap_NOUN	مباراة	مباراة	m u b. aa r. aa	READY	
39891	1130	OpenClass	conference	conférence	مُؤْتَمَر	JED		conference_NOUN	conférence_NOUN	muWotamar_NOUN	مؤتمر	مؤتمر	m u 2 t a m a r	READY	
39894	1130	OpenClass	conference	conférence	مُؤْتَمَر	RIY		conference_NOUN	conférence_NOUN	muWotamar_NOUN	مؤتمر	مؤتمر	m u 2 t a m a r	READY	
39899	1130	OpenClass	conference	conférence	مُؤْتَمَر	JED		conference_NOUN	conférence_NOUN	muWotamar_NOUN	ملتقى	ملتقى	m u l t a q a	READY	
39901	1130	OpenClass	conference	conférence	مُؤْتَمَر	RIY		conference_NOUN	conférence_NOUN	muWotamar_NOUN	ملتقى	ملتقى	m u l t a q a	READY	
39909	1130	OpenClass	conference	conférence	مُؤْتَمَر	JED		conference_NOUN	conférence_NOUN	muWotamar_NOUN	ندوة	ندوة	n a d w a	READY	
39912	1130	OpenClass	conference	conférence	مُؤْتَمَر	RIY		conference_NOUN	conférence_NOUN	muWotamar_NOUN	ندوة	ندوة	n a d w a	READY	
39922	1131	OpenClass	amount	montant	مَبْلَغ	JED		amount_NOUN	montant_NOUN	mabolag_NOUN	قيمة	قيمة	g ii m a	READY	
39923	1131	OpenClass	amount	montant	مَبْلَغ	RIY		amount_NOUN	montant_NOUN	mabolag_NOUN	قيمة	قيمة	g ii m a	READY	
39935	1131	OpenClass	amount	montant	مَبْلَغ	JED		amount_NOUN	montant_NOUN	mabolag_NOUN	كمية	كمية	k i m m y a	READY	
39936	1131	OpenClass	amount	montant	مَبْلَغ	RIY		amount_NOUN	montant_NOUN	mabolag_NOUN	كمية	كمية	k i m m y a	READY	
39948	1131	OpenClass	amount	montant	مَبْلَغ	JED		amount_NOUN	montant_NOUN	mabolag_NOUN	مبلغ	مبلغ	m a b l a gh	READY	
39953	1131	OpenClass	amount	montant	مَبْلَغ	RIY		amount_NOUN	montant_NOUN	mabolag_NOUN	مبلغ	مبلغ	m a b l a gh	READY	
39957	1131	OpenClass	amount	montant	مَبْلَغ	JED		amount_NOUN	montant_NOUN	mabolag_NOUN	مقدار	مقدار	m i g d aa r	READY	
39958	1131	OpenClass	amount	montant	مَبْلَغ	RIY		amount_NOUN	montant_NOUN	mabolag_NOUN	مقدار	مقدار	m i g d aa r	READY	
39961	1131	OpenClass	amount	montant	مَبْلَغ	JED		amount_NOUN	montant_NOUN	mabolag_NOUN	مقدار	مقدار	m i q d aa r	READY	
39962	1131	OpenClass	amount	montant	مَبْلَغ	RIY		amount_NOUN	montant_NOUN	mabolag_NOUN	مقدار	مقدار	m i q d aa r	READY	
39975	1132	OpenClass	sale	vente	مَبِيع	JED		sale_NOUN	vente_NOUN	mabiyE_NOUN	بيع	بيع	b ee 3	READY	
39978	1132	OpenClass	sale	vente	مَبِيع	RIY		sale_NOUN	vente_NOUN	mabiyE_NOUN	بيع	بيع	b ee 3	READY	
40015	1133	OpenClass	group , set	groupe	مَجْمُوعَة	JED		group_NOUN , set_NOUN	groupe_NOUN	majomuwEap_NOUN	جماعة	جماعة	j a m aa 3 a	READY	
40018	1133	OpenClass	group , set	groupe	مَجْمُوعَة	RIY		group_NOUN , set_NOUN	groupe_NOUN	majomuwEap_NOUN	جماعة	جماعة	j a m aa 3 a	READY	
40063	1133	OpenClass	group , set	groupe	مَجْمُوعَة	JED		group_NOUN , set_NOUN	groupe_NOUN	majomuwEap_NOUN	مجموعة	مجموعة	m a j m uu 3 a	READY	
40066	1133	OpenClass	group , set	groupe	مَجْمُوعَة	RIY		group_NOUN , set_NOUN	groupe_NOUN	majomuwEap_NOUN	مجموعة	مجموعة	m a j m uu 3 a	READY	
40079	1134	OpenClass	oyster	huître	مَحار	JED		oyster_NOUN	huître_NOUN	maHAr_NOUN	صدفة	صدفة	s. a d. a f a	READY	
40080	1134	OpenClass	oyster	huître	مَحار	RIY		oyster_NOUN	huître_NOUN	maHAr_NOUN	صدفة	صدفة	s. a d. a f a	READY	
40098	1134	OpenClass	oyster	huître	مَحار	JED		oyster_NOUN	huître_NOUN	maHAr_NOUN	محار	محار	m a 7 aa r	READY	
40102	1134	OpenClass	oyster	huître	مَحار	RIY		oyster_NOUN	huître_NOUN	maHAr_NOUN	محار	محار	m a 7 aa r	READY	
40138	1135	OpenClass	toilet	toilette	مِرْحاض	JED		toilet_NOUN	toilette_NOUN	miroHAD_NOUN	حمام	حمام	7 a m m aa m	READY	
40143	1135	OpenClass	toilet	toilette	مِرْحاض	RIY		toilet_NOUN	toilette_NOUN	miroHAD_NOUN	حمام	حمام	7 a m m aa m	READY	
40160	1135	OpenClass	toilet	toilette	مِرْحاض	JED		toilet_NOUN	toilette_NOUN	miroHAD_NOUN	كبينة	كبينة	k a b a n ee h	CHECK	Foreign
40167	1135	OpenClass	toilet	toilette	مِرْحاض	JED		toilet_NOUN	toilette_NOUN	miroHAD_NOUN	كرسي الحمام	كرسي ال+ حمام	k u r s i # l 7 a m m aa m	READY	
40168	1135	OpenClass	toilet	toilette	مِرْحاض	RIY		toilet_NOUN	toilette_NOUN	miroHAD_NOUN	كرسي الحمام	كرسي ال+ حمام	k u r s i # l 7 a m m aa m	READY	
40205	1136	OpenClass	pass	passer	مَرَّر	JED		pass_VERB	passer_VERB	marXar_VERB	فوت	فوت	f a w w a t	READY	
40220	1136	OpenClass	pass	passer	مَرَّر	JED		pass_VERB	passer_VERB	marXar_VERB	مرر	مرر	m a r r a r	READY	
40224	1136	OpenClass	pass	passer	مَرَّر	RIY		pass_VERB	passer_VERB	marXar_VERB	مرر	مرر	m a r r a r	READY	
40251	1137	OpenClass	track	voie	مَسار	JED		track_NOUN	voie_NOUN	masAr_NOUN	سبيل	سبيل	s a b ii l	READY	
40252	1137	OpenClass	track	voie	مَسار	RIY		track_NOUN	voie_NOUN	masAr_NOUN	سبيل	سبيل	s a b ii l	READY	
40254	1137	OpenClass	track	voie	مَسار	JED		track_NOUN	voie_NOUN	masAr_NOUN	سكة	سكة	s i k k a	READY	
40257	1137	OpenClass	track	voie	مَسار	RIY		track_NOUN	voie_NOUN	masAr_NOUN	سكة	سكة	s i k k a	READY	
40261	1137	OpenClass	track	voie	مَسار	JED		track_NOUN	voie_NOUN	masAr_NOUN	سير	سير	s ee r	READY	
40262	1137	OpenClass	track	voie	مَسار	RIY		track_NOUN	voie_NOUN	masAr_NOUN	سير	سير	s ee r	READY	
40267	1137	OpenClass	track	voie	مَسار	JED		track_NOUN	voie_NOUN	masAr_NOUN	طريق	طريق	t. a r ii g	READY	
40268	1137	OpenClass	track	voie	مَسار	RIY		track_NOUN	voie_NOUN	masAr_NOUN	طريق	طريق	t. a r ii g	READY	
40290	1137	OpenClass	track	voie	مَسار	JED		track_NOUN	voie_NOUN	masAr_NOUN	مسار	مسار	m a s aa r	READY	
40294	1137	OpenClass	track	voie	مَسار	RIY		track_NOUN	voie_NOUN	masAr_NOUN	مسار	مسار	m a s aa r	READY	
40305	1137	OpenClass	track	voie	مَسار	JED		track_NOUN	voie_NOUN	masAr_NOUN	ممر	ممر	m a m a r r	READY	
40307	1137	OpenClass	track	voie	مَسار	RIY		track_NOUN	voie_NOUN	masAr_NOUN	ممر	ممر	m a m a r r	READY	
40321	1138	OpenClass	distance	distance	مَسافَة	JED		distance_NOUN	distance_NOUN	masAfap_NOUN	بعد	بعد	b u 3 d	READY	
40323	1138	OpenClass	distance	distance	مَسافَة	RIY		distance_NOUN	distance_NOUN	masAfap_NOUN	بعد	بعد	b u 3 d	READY	
40339	1138	OpenClass	distance	distance	مَسافَة	JED		distance_NOUN	distance_NOUN	masAfap_NOUN	مسافة	مسافة	m a s aa f a	READY	
40344	1138	OpenClass	distance	distance	مَسافَة	RIY		distance_NOUN	distance_NOUN	masAfap_NOUN	مسافة	مسافة	m a s aa f a	READY	
40366	1139	OpenClass	play	pièce	مَسْرَحِيَّة	JED		play_NOUN	pièce_NOUN	masoraHiyXap_NOUN	مسرحية	مسرحية	m a s r a 7 i y y a	READY	
40370	1139	OpenClass	play	pièce	مَسْرَحِيَّة	RIY		play_NOUN	pièce_NOUN	masoraHiyXap_NOUN	مسرحية	مسرحية	m a s r a 7 i y y a	READY	
40393	1140	OpenClass	mustard	moutarde	مُسْطَرْدَه	JED	خردل	mustard_NOUN	moutarde_NOUN	musoTarodah_NOUN	خردل	خردل	kh a r d a l	READY	
40398	1140	OpenClass	mustard	moutarde	مُسْطَرْدَه	RIY	خردل	mustard_NOUN	moutarde_NOUN	musoTarodah_NOUN	خردل	خردل	kh a r d a l	READY	
40405	1140	OpenClass	mustard	moutarde	مُسْطَرْدَه	JED	خردل	mustard_NOUN	moutarde_NOUN	musoTarodah_NOUN	مستردة	مستردة	m u s t a r d a	CHECK	Foreign
40406	1140	OpenClass	mustard	moutarde	مُسْطَرْدَه	RIY	خردل	mustard_NOUN	moutarde_NOUN	musoTarodah_NOUN	مستردة	مستردة	m u s t a r d a	CHECK	Foreign
40417	1141	OpenClass	project	projet	مَشْرُوع	JED		project_NOUN	projet_NOUN	macoruwE_NOUN	خطة	خطة	kh i t. t. a	READY	
40418	1141	OpenClass	project	projet	مَشْرُوع	RIY		project_NOUN	projet_NOUN	macoruwE_NOUN	خطة	خطة	kh i t. t. a	READY	
40435	1141	OpenClass	project	projet	مَشْرُوع	JED		project_NOUN	projet_NOUN	macoruwE_NOUN	مشروع	مشروع	m a sh r uu 3	READY	
40440	1141	OpenClass	project	projet	مَشْرُوع	RIY		project_NOUN	projet_NOUN	macoruwE_NOUN	مشروع	مشروع	m a sh r uu 3	READY	
40473	1142	OpenClass	pump	pompe	مِضَخَّة	JED		pump_NOUN	pompe_NOUN	miDaxXap_NOUN	طرمبة	طرمبة	t. u r u m b a	CHECK	Foreign
40475	1142	OpenClass	pump	pompe	مِضَخَّة	RIY		pump_NOUN	pompe_NOUN	miDaxXap_NOUN	طرمبة	طرمبة	t. u r u m b a	CHECK	Foreign
40497	1142	OpenClass	pump	pompe	مِضَخَّة	RIY		pump_NOUN	pompe_NOUN	miDaxXap_NOUN	مضخة	مضخة	m a dh. a kh kh a	READY	
40499	1142	OpenClass	pump	pompe	مِضَخَّة	JED		pump_NOUN	pompe_NOUN	miDaxXap_NOUN	مضخة	مضخة	m i d. a kh kh a	READY	
40518	1143	OpenClass	rain	pluie	مَطَر	RIY		rain_NOUN	pluie_NOUN	maTar_NOUN	غيث	غيث	gh ee th	READY	
40525	1143	OpenClass	rain	pluie	مَطَر	JED		rain_NOUN	pluie_NOUN	maTar_NOUN	مطر	مطر	m a t. a r	READY	
40528	1143	OpenClass	rain	pluie	مَطَر	RIY		rain_NOUN	pluie_NOUN	maTar_NOUN	مطر	مطر	m a t. a r	READY	
40542	1143	OpenClass	rain	pluie	مَطَر	JED		rain_NOUN	pluie_NOUN	maTar_NOUN	مطرة	مطرة	m a t. a r a	READY	
40543	1143	OpenClass	rain	pluie	مَطَر	RIY		rain_NOUN	pluie_NOUN	maTar_NOUN	مطرة	مطرة	m a t. a r a	READY	
40554	1144	OpenClass	reasonable	raisonnable	مَعْقُول	JED		reasonable_ADJ	raisonnable_ADJ	maEoquwl_ADJ	معقول	معقول	m a 3 g uu l	READY	
40556	1144	OpenClass	reasonable	raisonnable	مَعْقُول	RIY		reasonable_ADJ	raisonnable_ADJ	maEoquwl_ADJ	معقول	معقول	m a 3 g uu l	READY	
40574	1144	OpenClass	reasonable	raisonnable	مَعْقُول	JED		reasonable_ADJ	raisonnable_ADJ	maEoquwl_ADJ	مقبول	مقبول	m a g b uu l	READY	
40575	1144	OpenClass	reasonable	raisonnable	مَعْقُول	RIY		reasonable_ADJ	raisonnable_ADJ	maEoquwl_ADJ	مقبول	مقبول	m a g b uu l	READY	
40592	1145	OpenClass	machine	machine	مَكِنَة	JED		machine_NOUN	machine_NOUN	makinap_NOUN	آلة	آلة	2 aa l a	READY	
40594	1145	OpenClass	machine	machine	مَكِنَة	RIY		machine_NOUN	machine_NOUN	makinap_NOUN	آلة	آلة	2 aa l a	READY	
40608	1145	OpenClass	machine	machine	مَكِنَة	JED		machine_NOUN	machine_NOUN	makinap_NOUN	جهاز	جهاز	j i h aa z	READY	
40610	1145	OpenClass	machine	machine	مَكِنَة	RIY		machine_NOUN	machine_NOUN	makinap_NOUN	جهاز	جهاز	j i h aa z	READY	
40632	1145	OpenClass	machine	machine	مَكِنَة	JED		machine_NOUN	machine_NOUN	makinap_NOUN	مكينة	مكينة	m a k ii n a	CHECK	Foreign
40636	1145	OpenClass	machine	machine	مَكِنَة	RIY		machine_NOUN	machine_NOUN	makinap_NOUN	مكينة	مكينة	m a k ii n a	CHECK	Foreign
40674	1146	MixedClass	iron	fer à repasser	مِكْواة	JED		iron_NOUN	fer_NOUN à_ADP repasser_VERB	mikowAp_NOUN	مكوة	مكوة	m i k w a	CHECK	
40675	1146	MixedClass	iron	fer à repasser	مِكْواة	RIY		iron_NOUN	fer_NOUN à_ADP repasser_VERB	mikowAp_NOUN	مكوة	مكوة	m i k w a	CHECK	
40691	1147	OpenClass	salt	sel	مِلْح	JED		salt_NOUN	sel_NOUN	miloH_NOUN	ملح	ملح	m i l 7	READY	
40695	1147	OpenClass	salt	sel	مِلْح	RIY		salt_NOUN	sel_NOUN	miloH_NOUN	ملح	ملح	m i l 7	READY	
40744	1148	OpenClass	spoon	cuillère	مِلْعَقَة	JED		spoon_NOUN	cuillère_NOUN	miloEaqap_NOUN	ملعقة	ملعقة	m i l 3 a g a	READY	
40745	1148	OpenClass	spoon	cuillère	مِلْعَقَة	RIY		spoon_NOUN	cuillère_NOUN	miloEaqap_NOUN	ملعقة	ملعقة	m i l 3 a g a	READY	
40752	1149	OpenClass	excellent	excellent	مُمْتاز	JED		excellent_ADJ	excellent_ADJ	mumotAz_ADJ	جيد	جيد	j a y y i d	READY	
40765	1149	OpenClass	excellent	excellent	مُمْتاز	JED		excellent_ADJ	excellent_ADJ	mumotAz_ADJ	كويس	كويس	k w a y y i s	READY	
40766	1149	OpenClass	excellent	excellent	مُمْتاز	RIY		excellent_ADJ	excellent_ADJ	mumotAz_ADJ	كويس	كويس	k w a y y i s	READY	
40782	1149	OpenClass	excellent	excellent	مُمْتاز	JED		excellent_ADJ	excellent_ADJ	mumotAz_ADJ	ممتاز	ممتاز	m u m t aa z	READY	
40787	1149	OpenClass	excellent	excellent	مُمْتاز	RIY		excellent_ADJ	excellent_ADJ	mumotAz_ADJ	ممتاز	ممتاز	m u m t aa z	READY	
40803	1150	OpenClass	actor	acteur	مُمَثِّل	JED		actor_NOUN	acteur_NOUN	mumavXil_NOUN	ممثل	ممثل	m u m a s s i l	READY	
40820	1150	OpenClass	actor	acteur	مُمَثِّل	JED		actor_NOUN	acteur_NOUN	mumavXil_NOUN	ممثل	ممثل	m u m a th th i l	READY	
40824	1150	OpenClass	actor	acteur	مُمَثِّل	RIY		actor_NOUN	acteur_NOUN	mumavXil_NOUN	ممثل	ممثل	m u m a th th i l	READY	
40843	1151	OpenClass	area	région	مِنْطَقَة	JED		area_NOUN	région_NOUN	minoTaqap_NOUN	مكان	مكان	m a k aa n	READY	
40845	1151	OpenClass	area	région	مِنْطَقَة	RIY		area_NOUN	région_NOUN	minoTaqap_NOUN	مكان	مكان	m a k aa n	READY	
40864	1151	OpenClass	area	région	مِنْطَقَة	JED		area_NOUN	région_NOUN	minoTaqap_NOUN	منطقة	منطقة	m a n t. i q a	READY	
40866	1151	OpenClass	area	région	مِنْطَقَة	RIY		area_NOUN	région_NOUN	minoTaqap_NOUN	منطقة	منطقة	m a n t. i q a	READY	
40871	1151	OpenClass	area	région	مِنْطَقَة	JED		area_NOUN	région_NOUN	minoTaqap_NOUN	منطقة	منطقة	m i n t. a q a	READY	
40888	1152	OpenClass	important	important	مُهِمّ	JED		important_ADJ	important_ADJ	muhimX_ADJ	ضروري	ضروري	d. a r uu r i	READY	
40891	1152	OpenClass	important	important	مُهِمّ	RIY		important_ADJ	important_ADJ	muhimX_ADJ	ضروري	ضروري	dh. a r uu r i	READY	
40917	1152	OpenClass	important	important	مُهِمّ	JED		important_ADJ	important_ADJ	muhimX_ADJ	مهم	مهم	m u h i m m	READY	
40918	1152	OpenClass	important	important	مُهِمّ	RIY		important_ADJ	important_ADJ	muhimX_ADJ	مهم	مهم	m u h i m m	READY	
40929	1153	OpenClass	fashion	mode	مُوضَة	JED		fashion_NOUN	mode_NOUN	muwDap_NOUN	زي	زي	z i y y	READY	
40930	1153	OpenClass	fashion	mode	مُوضَة	RIY		fashion_NOUN	mode_NOUN	muwDap_NOUN	زي	زي	z i y y	READY	
40944	1153	OpenClass	fashion	mode	مُوضَة	JED		fashion_NOUN	mode_NOUN	muwDap_NOUN	موضة	موضة	m oo d. a	READY	
40952	1153	OpenClass	fashion	mode	مُوضَة	RIY		fashion_NOUN	mode_NOUN	muwDap_NOUN	موضة	موضة	m oo dh. a	READY	
40981	1154	OpenClass	site	site	مَوْقِع	JED		site_NOUN	site_NOUN	mawoqiE_NOUN	مكان	مكان	m a k aa n	READY	
40984	1154	OpenClass	site	site	مَوْقِع	RIY		site_NOUN	site_NOUN	mawoqiE_NOUN	مكان	مكان	m a k aa n	READY	
41004	1154	OpenClass	site	site	مَوْقِع	JED		site_NOUN	site_NOUN	mawoqiE_NOUN	موقع	موقع	m a w q i 3	READY	
41005	1154	OpenClass	site	site	مَوْقِع	JED		site_NOUN	site_NOUN	mawoqiE_NOUN	موقع	موقع	m a w q i 3	READY	
41011	1154	OpenClass	site	site	مَوْقِع	RIY		site_NOUN	site_NOUN	mawoqiE_NOUN	موقع	موقع	m a w q i 3	READY	
41012	1154	OpenClass	site	site	مَوْقِع	RIY		site_NOUN	site_NOUN	mawoqiE_NOUN	موقع	موقع	m a w q i 3	READY	
41031	1155	OpenClass	corner	coin	ناصِيَة	JED		corner_NOUN	coin_NOUN	nASiyap_NOUN	ركن	ركن	r u k n	READY	
41032	1155	OpenClass	corner	coin	ناصِيَة	RIY		corner_NOUN	coin_NOUN	nASiyap_NOUN	ركن	ركن	r u k n	READY	
41066	1156	OpenClass	window	fenêtre	نافِذَة	RIY		window_NOUN	fenêtre_NOUN	nAfiVap_NOUN	دريشة	دريشة	d r ii sh a	READY	
41084	1156	OpenClass	window	fenêtre	نافِذَة	JED		window_NOUN	fenêtre_NOUN	nAfiVap_NOUN	شباك	شباك	sh u b b aa k	READY	
41087	1156	OpenClass	window	fenêtre	نافِذَة	RIY		window_NOUN	fenêtre_NOUN	nAfiVap_NOUN	شباك	شباك	sh u b b aa k	READY	
41095	1156	OpenClass	window	fenêtre	نافِذَة	JED		window_NOUN	fenêtre_NOUN	nAfiVap_NOUN	طاقة	طاقة	t. aa g a	READY	
41105	1157	OpenClass	plant	plante	نَبات	JED		plant_NOUN	plante_NOUN	nabAt_NOUN	زرع	زرع	z a r 3	READY	
41106	1157	OpenClass	plant	plante	نَبات	RIY		plant_NOUN	plante_NOUN	nabAt_NOUN	زرع	زرع	z a r 3	READY	
41121	1157	OpenClass	plant	plante	نَبات	JED		plant_NOUN	plante_NOUN	nabAt_NOUN	زرعة	زرعة	z a r 3 a	READY	
41122	1157	OpenClass	plant	plante	نَبات	RIY		plant_NOUN	plante_NOUN	nabAt_NOUN	زرعة	زرعة	z a r 3 a	READY	
41145	1157	OpenClass	plant	plante	نَبات	JED		plant_NOUN	plante_NOUN	nabAt_NOUN	نبات	نبات	n a b aa t	READY	
41149	1157	OpenClass	plant	plante	نَبات	RIY		plant_NOUN	plante_NOUN	nabAt_NOUN	نبات	نبات	n a b aa t	READY	
41155	1157	OpenClass	plant	plante	نَبات	JED		plant_NOUN	plante_NOUN	nabAt_NOUN	نبتة	نبتة	n a b t a	READY	
41172	1158	OpenClass	vegetarian	végétarien	نَباتِيّ	JED		vegetarian_ADJ	végétarien_ADJ	nabAtiyX_ADJ	نباتي	نباتي	n a b aa t i	READY	
41178	1158	OpenClass	vegetarian	végétarien	نَباتِيّ	RIY		vegetarian_ADJ	végétarien_ADJ	nabAtiyX_ADJ	نباتي	نباتي	n a b aa t i	READY	
41191	1159	OpenClass	woman	femme	إِمْرَأَة	JED		woman_NOUN	femme_NOUN	LimoraOap_NOUN	حرمة	حرمة	7 u r m a	READY	
41193	1159	OpenClass	woman	femme	إِمْرَأَة	RIY		woman_NOUN	femme_NOUN	LimoraOap_NOUN	حرمة	حرمة	7 u r m a	READY	
41221	1159	OpenClass	woman	femme	إِمْرَأَة	JED		woman_NOUN	femme_NOUN	LimoraOap_NOUN	مرة	مرة	m a r a	READY	
41223	1159	OpenClass	woman	femme	إِمْرَأَة	RIY		woman_NOUN	femme_NOUN	LimoraOap_NOUN	مرة	مرة	m a r a	READY	
41270	1160	OpenClass	advice	conseil	نَصِيحَة	JED		advice_NOUN	conseil_NOUN	naSiyHap_NOUN	نصيحة	نصيحة	n a s. ii 7 a	READY	
41276	1160	OpenClass	advice	conseil	نَصِيحَة	RIY		advice_NOUN	conseil_NOUN	naSiyHap_NOUN	نصيحة	نصيحة	n a s. ii 7 a	READY	
41283	1160	OpenClass	advice	conseil	نَصِيحَة	JED		advice_NOUN	conseil_NOUN	naSiyHap_NOUN	وصية	وصية	w a s. i y y a	READY	
41285	1160	OpenClass	advice	conseil	نَصِيحَة	RIY		advice_NOUN	conseil_NOUN	naSiyHap_NOUN	وصية	وصية	w a s. i y y a	READY	
41314	1161	MixedClass	look	regard , coup d' oeil	نَظْرَة	JED		look_NOUN	regard_NOUN , coup_NOUN de_ADP oeil_NOUN	naZorap_NOUN	طلة	طلة	t. a l. l. a	READY	
41315	1161	MixedClass	look	regard , coup d' oeil	نَظْرَة	RIY		look_NOUN	regard_NOUN , coup_NOUN de_ADP oeil_NOUN	naZorap_NOUN	طلة	طلة	t. a l. l. a	READY	
41330	1161	MixedClass	look	regard , coup d' oeil	نَظْرَة	RIY		look_NOUN	regard_NOUN , coup_NOUN de_ADP oeil_NOUN	naZorap_NOUN	نظرة	نظرة	n a dh. r a	READY	
41342	1161	MixedClass	look	regard , coup d' oeil	نَظْرَة	JED		look_NOUN	regard_NOUN , coup_NOUN de_ADP oeil_NOUN	naZorap_NOUN	نظرة	نظرة	n a z. r a	READY	
41353	1162	OpenClass	clean	propre	نَظِيف	JED		clean_ADJ	propre_ADJ	naZiyf_ADJ	مغسول	مغسول	m a gh s uu l	READY	
41355	1162	OpenClass	clean	propre	نَظِيف	RIY		clean_ADJ	propre_ADJ	naZiyf_ADJ	مغسول	مغسول	m a gh s uu l	READY	
41365	1162	OpenClass	clean	propre	نَظِيف	JED		clean_ADJ	propre_ADJ	naZiyf_ADJ	نظيف	نظيف	n a d. ii f	READY	
41375	1162	OpenClass	clean	propre	نَظِيف	RIY		clean_ADJ	propre_ADJ	naZiyf_ADJ	نظيف	نظيف	n a dh. ii f	READY	
41410	1163	OpenClass	river	rivière	نَهْر	JED		river_NOUN	rivière_NOUN	nahor_NOUN	نهر	نهر	n a h r	READY	
41412	1163	OpenClass	river	rivière	نَهْر	RIY		river_NOUN	rivière_NOUN	nahor_NOUN	نهر	نهر	n a h r	READY	
41437	1164	OpenClass	quiet	tranquille	هادِئ	JED		quiet_ADJ	tranquille_ADJ	hAdiQ_ADJ	ساكت	ساكت	s aa k i t	READY	
41438	1164	OpenClass	quiet	tranquille	هادِئ	RIY		quiet_ADJ	tranquille_ADJ	hAdiQ_ADJ	ساكت	ساكت	s aa k i t	READY	
41465	1164	OpenClass	quiet	tranquille	هادِئ	JED		quiet_ADJ	tranquille_ADJ	hAdiQ_ADJ	هادي	هادي	h aa d i	CHECK	
41470	1164	OpenClass	quiet	tranquille	هادِئ	RIY		quiet_ADJ	tranquille_ADJ	hAdiQ_ADJ	هادي	هادي	h aa d i	CHECK	
41499	1165	OpenClass	hobby	passe-temps	هِوايَة	JED		hobby_NOUN	passe-temps_NOUN	hiwAyap_NOUN	هواية	هواية	h i w aa y a	READY	
41504	1165	OpenClass	hobby	passe-temps	هِوايَة	RIY		hobby_NOUN	passe-temps_NOUN	hiwAyap_NOUN	هواية	هواية	h i w aa y a	READY	
41530	1166	OpenClass	father	père	والِد	JED		father_NOUN	père_NOUN	wAlid_NOUN	اب	اب	2 a b b	READY	
41532	1166	OpenClass	father	père	والِد	RIY		father_NOUN	père_NOUN	wAlid_NOUN	اب	اب	2 a b b	READY	
41543	1166	OpenClass	father	père	والِد	JED		father_NOUN	père_NOUN	wAlid_NOUN	ابو	ابو	2 a b u	READY	
41548	1166	OpenClass	father	père	والِد	RIY		father_NOUN	père_NOUN	wAlid_NOUN	ابو	ابو	2 a b u	READY	
41586	1166	OpenClass	father	père	والِد	JED		father_NOUN	père_NOUN	wAlid_NOUN	والد	والد	w aa l i d	READY	
41591	1166	OpenClass	father	père	والِد	RIY		father_NOUN	père_NOUN	wAlid_NOUN	والد	والد	w aa l i d	READY	
41609	1167	OpenClass	waist	taille	وَسَط	RIY		waist_NOUN	taille_NOUN	wasoT_NOUN	خصر	خصر	kh a s. r	READY	
41615	1167	OpenClass	waist	taille	وَسَط	JED		waist_NOUN	taille_NOUN	wasoT_NOUN	خصر	خصر	kh i s. r	READY	
41636	1168	OpenClass	sign	signer	وَقَّع	JED		sign_VERB	signer_VERB	waqXaE_VERB	امضى	امضى	2 a m d. a	READY	
41662	1168	OpenClass	sign	signer	وَقَّع	JED		sign_VERB	signer_VERB	waqXaE_VERB	وقع	وقع	w a g g a 3	READY	
41663	1168	OpenClass	sign	signer	وَقَّع	RIY		sign_VERB	signer_VERB	waqXaE_VERB	وقع	وقع	w a g g a 3	READY	
41690	1169	OpenClass	matter	sujet	أَمْر	JED		matter_NOUN	sujet_NOUN	Oamor_NOUN	امر	امر	2 a m r	READY	
41692	1169	OpenClass	matter	sujet	أَمْر	RIY		matter_NOUN	sujet_NOUN	Oamor_NOUN	امر	امر	2 a m r	READY	
41718	1169	OpenClass	matter	sujet	أَمْر	JED		matter_NOUN	sujet_NOUN	Oamor_NOUN	شغلة	شغلة	sh a gh l a	READY	
41719	1169	OpenClass	matter	sujet	أَمْر	RIY		matter_NOUN	sujet_NOUN	Oamor_NOUN	شغلة	شغلة	sh a gh l a	READY	
41726	1169	OpenClass	matter	sujet	أَمْر	JED		matter_NOUN	sujet_NOUN	Oamor_NOUN	شي	شي	sh a y y	READY	
41727	1169	OpenClass	matter	sujet	أَمْر	RIY		matter_NOUN	sujet_NOUN	Oamor_NOUN	شي	شي	sh a y y	READY	
41731	1169	OpenClass	matter	sujet	أَمْر	JED		matter_NOUN	sujet_NOUN	Oamor_NOUN	غرض	غرض	gh a r a d.	READY	
41732	1169	OpenClass	matter	sujet	أَمْر	RIY		matter_NOUN	sujet_NOUN	Oamor_NOUN	غرض	غرض	gh a r a dh.	READY	
41735	1169	OpenClass	matter	sujet	أَمْر	JED		matter_NOUN	sujet_NOUN	Oamor_NOUN	قضية	قضية	g a d. i y y a	READY	
41737	1169	OpenClass	matter	sujet	أَمْر	RIY		matter_NOUN	sujet_NOUN	Oamor_NOUN	قضية	قضية	g a dh. i y y a	READY	
41748	1169	OpenClass	matter	sujet	أَمْر	JED		matter_NOUN	sujet_NOUN	Oamor_NOUN	مسألة	مسألة	m a s 2 a l a	READY	
41750	1169	OpenClass	matter	sujet	أَمْر	RIY		matter_NOUN	sujet_NOUN	Oamor_NOUN	مسألة	مسألة	m a s 2 a l a	READY	
41760	1169	OpenClass	matter	sujet	أَمْر	JED		matter_NOUN	sujet_NOUN	Oamor_NOUN	موضوع	موضوع	m a w d. uu 3	READY	
41763	1169	OpenClass	matter	sujet	أَمْر	RIY		matter_NOUN	sujet_NOUN	Oamor_NOUN	موضوع	موضوع	m a w d. uu 3	READY	
41775	1200	OpenClass	how	comment	كَيْفَ	RIY		how_ADV	comment_ADV	kayofa_ADV	اش لون	اش لون	2 i sh # l oo n	READY	
41779	1200	OpenClass	how	comment	كَيْفَ	RIY		how_ADV	comment_ADV	kayofa_ADV	ايش لون	ايش لون	2 ee sh # l oo n	READY	
41792	1200	OpenClass	how	comment	كَيْفَ	JED		how_ADV	comment_ADV	kayofa_ADV	كيف	كيف	k ee f	READY	
41795	1200	OpenClass	how	comment	كَيْفَ	RIY		how_ADV	comment_ADV	kayofa_ADV	كيف	كيف	k ee f	READY	
41812	1200	OpenClass	how	comment	كَيْفَ	RIY		how_ADV	comment_ADV	kayofa_ADV	وشلون	وشلون	w i sh l oo n	READY	
41813	1201	OpenClass	mr. , sir	monsieur	سَيِّد	JED	السيد آدم	mr._PROPN , sir_NOUN	monsieur_NOUN	sayXid_NOUN	اخ	اخ	2 a kh	READY	
41815	1201	OpenClass	mr. , sir	monsieur	سَيِّد	RIY	السيد آدم	mr._PROPN , sir_NOUN	monsieur_NOUN	sayXid_NOUN	اخ	اخ	2 a kh	READY	
41822	1201	OpenClass	mr. , sir	monsieur	سَيِّد	RIY	السيد آدم	mr._PROPN , sir_NOUN	monsieur_NOUN	sayXid_NOUN	استاذ	استاذ	2 u s t aa dh	READY	
41824	1201	OpenClass	mr. , sir	monsieur	سَيِّد	JED	السيد آدم	mr._PROPN , sir_NOUN	monsieur_NOUN	sayXid_NOUN	استاذ	استاذ	2 u s t aa z	READY	
41827	1201	OpenClass	mr. , sir	monsieur	سَيِّد	JED	السيد آدم	mr._PROPN , sir_NOUN	monsieur_NOUN	sayXid_NOUN	دكتور	دكتور	d a k t oo r	CHECK	Foreign
41828	1201	OpenClass	mr. , sir	monsieur	سَيِّد	RIY	السيد آدم	mr._PROPN , sir_NOUN	monsieur_NOUN	sayXid_NOUN	دكتور	دكتور	d a k t oo r	CHECK	Foreign
41851	1201	OpenClass	mr. , sir	monsieur	سَيِّد	JED	السيد آدم	mr._PROPN , sir_NOUN	monsieur_NOUN	sayXid_NOUN	سيد	سيد	s a y y i d	READY	
41854	1201	OpenClass	mr. , sir	monsieur	سَيِّد	RIY	السيد آدم	mr._PROPN , sir_NOUN	monsieur_NOUN	sayXid_NOUN	سيد	سيد	s a y y i d	READY	
41861	1201	OpenClass	mr. , sir	monsieur	سَيِّد	JED	السيد آدم	mr._PROPN , sir_NOUN	monsieur_NOUN	sayXid_NOUN	شيخ	شيخ	sh ee kh	READY	
41862	1201	OpenClass	mr. , sir	monsieur	سَيِّد	RIY	السيد آدم	mr._PROPN , sir_NOUN	monsieur_NOUN	sayXid_NOUN	شيخ	شيخ	sh ee kh	READY	
41864	1201	OpenClass	mr. , sir	monsieur	سَيِّد	JED	السيد آدم	mr._PROPN , sir_NOUN	monsieur_NOUN	sayXid_NOUN	عم	عم	3 a m	READY	
41871	1202	OpenClass	ms. , maam	madame	سَيِّدَة	JED	السيدة حواء	ms._PROPN , maam_NOUN	madame_NOUN	sayXid_NOUN	ابلة	ابلة	2 a b l a	READY	
41876	1202	OpenClass	ms. , maam	madame	سَيِّدَة	JED	السيدة حواء	ms._PROPN , maam_NOUN	madame_NOUN	sayXid_NOUN	اخت	اخت	2 u kh t	READY	
41878	1202	OpenClass	ms. , maam	madame	سَيِّدَة	RIY	السيدة حواء	ms._PROPN , maam_NOUN	madame_NOUN	sayXid_NOUN	اخت	اخت	2 u kh t	READY	
41879	1202	OpenClass	ms. , maam	madame	سَيِّدَة	RIY	السيدة حواء	ms._PROPN , maam_NOUN	madame_NOUN	sayXid_NOUN	استاذة	استاذة	2 u s t aa dh a	READY	
41881	1202	OpenClass	ms. , maam	madame	سَيِّدَة	JED	السيدة حواء	ms._PROPN , maam_NOUN	madame_NOUN	sayXid_NOUN	استاذة	استاذة	2 u s t aa z a	READY	
41886	1202	OpenClass	ms. , maam	madame	سَيِّدَة	JED	السيدة حواء	ms._PROPN , maam_NOUN	madame_NOUN	sayXid_NOUN	خالة	خالة	kh aa l a	READY	
41887	1202	OpenClass	ms. , maam	madame	سَيِّدَة	RIY	السيدة حواء	ms._PROPN , maam_NOUN	madame_NOUN	sayXid_NOUN	خالة	خالة	kh aa l a	READY	
41889	1202	OpenClass	ms. , maam	madame	سَيِّدَة	JED	السيدة حواء	ms._PROPN , maam_NOUN	madame_NOUN	sayXid_NOUN	دكتورة	دكتورة	d a k t oo r a	READY	
41890	1202	OpenClass	ms. , maam	madame	سَيِّدَة	RIY	السيدة حواء	ms._PROPN , maam_NOUN	madame_NOUN	sayXid_NOUN	دكتورة	دكتورة	d a k t oo r a	READY	
41903	1202	OpenClass	ms. , maam	madame	سَيِّدَة	JED	السيدة حواء	ms._PROPN , maam_NOUN	madame_NOUN	sayXid_NOUN	ست	ست	s i t t	READY	
41910	1202	OpenClass	ms. , maam	madame	سَيِّدَة	JED	السيدة حواء	ms._PROPN , maam_NOUN	madame_NOUN	sayXid_NOUN	سيدة	سيدة	s a y y i d a	READY	
41911	1202	OpenClass	ms. , maam	madame	سَيِّدَة	RIY	السيدة حواء	ms._PROPN , maam_NOUN	madame_NOUN	sayXid_NOUN	سيدة	سيدة	s a y y i d a	READY	
41956	1203	MixedClass	a little bit	un peu	ال+ قَلِيل	RIY		a_DET little_ADJ bit_NOUN	un_DET peu_ADV	Al+_DET qaliyl_ADJ	شوي	شوي	sh w a y y	READY	
41961	1203	MixedClass	a little bit	un peu	ال+ قَلِيل	JED		a_DET little_ADJ bit_NOUN	un_DET peu_ADV	Al+_DET qaliyl_ADJ	شوية	شوية	sh w a y y a	READY	
41964	1203	MixedClass	a little bit	un peu	ال+ قَلِيل	RIY		a_DET little_ADJ bit_NOUN	un_DET peu_ADV	Al+_DET qaliyl_ADJ	شوية	شوية	sh w a y y a	READY	
41985	1203	MixedClass	a little bit	un peu	ال+ قَلِيل	JED		a_DET little_ADJ bit_NOUN	un_DET peu_ADV	Al+_DET qaliyl_ADJ	قليل	قليل	g a l ii l	READY	
41986	1203	MixedClass	a little bit	un peu	ال+ قَلِيل	RIY		a_DET little_ADJ bit_NOUN	un_DET peu_ADV	Al+_DET qaliyl_ADJ	قليل	قليل	g a l ii l	READY	
42012	1204	OpenClass	too much	trop	كَثِيراً جِدّاً	JED		too_ADV much_ADJ	trop_ADV	kaviyr_ADJ jidX_NOUN	كثير	كثير	k a t ii r	READY	
42013	1204	OpenClass	too much	trop	كَثِيراً جِدّاً	RIY		too_ADV much_ADJ	trop_ADV	kaviyr_ADJ jidX_NOUN	كثير	كثير	k a th ii r	READY	
42033	1204	OpenClass	too much	trop	كَثِيراً جِدّاً	JED		too_ADV much_ADJ	trop_ADV	kaviyr_ADJ jidX_NOUN	مرة كثير	مرة كثير	m a r r a # k a t ii r	READY	
42059	1205	MixedClass	many , a lot	beaucoup	كَثِيراً	JED		many_ADJ , a_DET lot_NOUN	beaucoup_ADV	kaviyr_ADJ	كثير	كثير	k a t ii r	READY	
42061	1205	MixedClass	many , a lot	beaucoup	كَثِيراً	RIY		many_ADJ , a_DET lot_NOUN	beaucoup_ADV	kaviyr_ADJ	كثير	كثير	k a th ii r	READY	
42101	1206	MixedClass	still , yet	encore	ما زال	RIY		still_ADV , yet_ADV	encore_ADV	mA_PART zAl_VERB	لالحين	ل+ ال+ حين	l a l 7 ii n	READY	
42113	1206	MixedClass	still , yet	encore	ما زال	JED		still_ADV , yet_ADV	encore_ADV	mA_PART zAl_VERB	لسا	لسا	l i s s a	READY	
42117	1206	MixedClass	still , yet	encore	ما زال	RIY		still_ADV , yet_ADV	encore_ADV	mA_PART zAl_VERB	لسا	لسا	l i s s a	READY	
42122	1206	MixedClass	still , yet	encore	ما زال	JED		still_ADV , yet_ADV	encore_ADV	mA_PART zAl_VERB	لسع	لسع	l i s s a 3	READY	
42145	1207	OpenClass	leave	laisser	تَرَك	JED		leave_VERB	laisser_VERB	tarak_VERB	ترك	ترك	t a r a k	READY	
42148	1207	OpenClass	leave	laisser	تَرَك	RIY		leave_VERB	laisser_VERB	tarak_VERB	ترك	ترك	t a r a k	READY	
42159	1207	OpenClass	leave	laisser	تَرَك	JED		leave_VERB	laisser_VERB	tarak_VERB	خرج	خرج	kh a r a j	READY	
42160	1207	OpenClass	leave	laisser	تَرَك	RIY		leave_VERB	laisser_VERB	tarak_VERB	خرج	خرج	kh a r a j	READY	
42183	1207	OpenClass	leave	laisser	تَرَك	JED		leave_VERB	laisser_VERB	tarak_VERB	راح	راح	r aa 7	READY	
42185	1207	OpenClass	leave	laisser	تَرَك	RIY		leave_VERB	laisser_VERB	tarak_VERB	راح	راح	r aa 7	READY	
42192	1207	OpenClass	leave	laisser	تَرَك	JED		leave_VERB	laisser_VERB	tarak_VERB	ساب	ساب	s aa b	READY	
42195	1207	OpenClass	leave	laisser	تَرَك	RIY		leave_VERB	laisser_VERB	tarak_VERB	ساب	ساب	s aa b	READY	
42200	1207	OpenClass	leave	laisser	تَرَك	JED		leave_VERB	laisser_VERB	tarak_VERB	سيب	سيب	s a y y a b	READY	
42201	1207	OpenClass	leave	laisser	تَرَك	RIY		leave_VERB	laisser_VERB	tarak_VERB	سيب	سيب	s a y y a b	READY	
42208	1207	OpenClass	leave	laisser	تَرَك	JED		leave_VERB	laisser_VERB	tarak_VERB	طلع	طلع	t. a l a 3	READY	
42210	1207	OpenClass	leave	laisser	تَرَك	RIY		leave_VERB	laisser_VERB	tarak_VERB	طلع	طلع	t. a l a 3	READY	
42212	1207	OpenClass	leave	laisser	تَرَك	JED		leave_VERB	laisser_VERB	tarak_VERB	طلع	طلع	t. i l i 3	READY	
42226	1207	OpenClass	leave	laisser	تَرَك	RIY		leave_VERB	laisser_VERB	tarak_VERB	مشى	مشى	m a sh a	READY	
42228	1207	OpenClass	leave	laisser	تَرَك	JED		leave_VERB	laisser_VERB	tarak_VERB	مشي	مشي	m i sh i	READY	
42243	1208	MixedClass	take , last	falloir , prendre de temps , durer	ٱِسْتَغْرَق	JED		take_VERB , last_VERB	falloir_VERB , prendre_VERB de_ADP temps_NOUN , durer_VERB	Lisotagoraq_VERB	اخذ	اخذ	2 a kh a d	READY	
42249	1208	MixedClass	take , last	falloir , prendre de temps , durer	ٱِسْتَغْرَق	RIY		take_VERB , last_VERB	falloir_VERB , prendre_VERB de_ADP temps_NOUN , durer_VERB	Lisotagoraq_VERB	اخذ	اخذ	2 a kh a dh	READY	
42276	1208	MixedClass	take , last	falloir , prendre de temps , durer	ٱِسْتَغْرَق	JED		take_VERB , last_VERB	falloir_VERB , prendre_VERB de_ADP temps_NOUN , durer_VERB	Lisotagoraq_VERB	جلس	جلس	j i l i s	READY	
42286	1208	MixedClass	take , last	falloir , prendre de temps , durer	ٱِسْتَغْرَق	RIY		take_VERB , last_VERB	falloir_VERB , prendre_VERB de_ADP temps_NOUN , durer_VERB	Lisotagoraq_VERB	قعد	قعد	g a 3 a d	READY	
42287	1208	MixedClass	take , last	falloir , prendre de temps , durer	ٱِسْتَغْرَق	JED		take_VERB , last_VERB	falloir_VERB , prendre_VERB de_ADP temps_NOUN , durer_VERB	Lisotagoraq_VERB	قعد	قعد	g i 3 i d	READY	
42297	1209	MixedClass	charges	des frais	رُسُوم	JED		charge_NOUN	des_DET frais_NOUN	rasom_NOUN	تكاليف	تكاليف	t a k aa l ii f	READY	
42299	1209	MixedClass	charges	des frais	رُسُوم	RIY		charge_NOUN	des_DET frais_NOUN	rasom_NOUN	تكاليف	تكاليف	t a k aa l ii f	READY	
42319	1209	MixedClass	charges	des frais	رُسُوم	JED		charge_NOUN	des_DET frais_NOUN	rasom_NOUN	رسوم	رسوم	r u s uu m	READY	
42323	1209	MixedClass	charges	des frais	رُسُوم	RIY		charge_NOUN	des_DET frais_NOUN	rasom_NOUN	رسوم	رسوم	r u s uu m	READY	
42336	1209	MixedClass	charges	des frais	رُسُوم	JED		charge_NOUN	des_DET frais_NOUN	rasom_NOUN	مصاريف	مصاريف	m a s. aa r ii f	READY	
42337	1209	MixedClass	charges	des frais	رُسُوم	RIY		charge_NOUN	des_DET frais_NOUN	rasom_NOUN	مصاريف	مصاريف	m a s. aa r ii f	READY	
42357	1210	MixedClass	half	demi	نِصْف	JED		half_NOUN	demi_NOUN	niSof_DET	نص	نص	n u s. s.	READY	
42360	1210	MixedClass	half	demi	نِصْف	RIY		half_NOUN	demi_NOUN	niSof_DET	نص	نص	n u s. s.	READY	
42390	1211	MixedClass	airmail	poste par avion	بَرِيد جَوِّيّ	JED		airmail_NOUN	poste_NOUN par_ADP avion_NOUN	bariyd_NOUN jawXiyX_ADJ	بريد جوي	بريد جوي	b a r ii d # j a w w i	READY	
42392	1211	MixedClass	airmail	poste par avion	بَرِيد جَوِّيّ	RIY		airmail_NOUN	poste_NOUN par_ADP avion_NOUN	bariyd_NOUN jawXiyX_ADJ	بريد جوي	بريد جوي	b a r ii d # j a w w i	READY	
42409	1212	MixedClass	for	pour	لِ+ مُدَّة	JED		for_ADP	pour_ADP	li+_ADP mudXap_NOUN	ل+	ل+	l i	READY	
42411	1212	MixedClass	for	pour	لِ+ مُدَّة	RIY		for_ADP	pour_ADP	li+_ADP mudXap_NOUN	ل+	ل+	l i	READY	
42418	1212	MixedClass	for	pour	لِ+ مُدَّة	JED		for_ADP	pour_ADP	li+_ADP mudXap_NOUN	لفترة	ل+ فترة	l i f a t r a	READY	
42419	1212	MixedClass	for	pour	لِ+ مُدَّة	RIY		for_ADP	pour_ADP	li+_ADP mudXap_NOUN	لفترة	ل+ فترة	l i f a t r a	READY	
42433	1212	MixedClass	for	pour	لِ+ مُدَّة	JED		for_ADP	pour_ADP	li+_ADP mudXap_NOUN	لمدة	ل+ مدة	l i m u d d a	READY	
42434	1212	MixedClass	for	pour	لِ+ مُدَّة	RIY		for_ADP	pour_ADP	li+_ADP mudXap_NOUN	لمدة	ل+ مدة	l i m u d d a	READY	
42464	1213	OpenClass	time	fois	مَرَّة	JED		time_NOUN	fois_NOUN	marXap_NOUN	مرة	مرة	m a r r a	READY	
42469	1213	OpenClass	time	fois	مَرَّة	RIY		time_NOUN	fois_NOUN	marXap_NOUN	مرة	مرة	m a r r a	READY	
42509	1214	MixedClass	may I ... ? , can I ... ?	puis -je ... ?	هَل يُمكِنُ +نِي أن ... ؟	JED		may_PART i_PRON ... ?_PUNCT , can_PART i_PRON ... ?	pouvoir_VERB -je_PRON ... ?	halo_PART Oamokan_VERB +niy_PRON Oan_PART ... ?	ممكن	ممكن	m u m k i n	READY	
42512	1214	MixedClass	may I ... ? , can I ... ?	puis -je ... ?	هَل يُمكِنُ +نِي أن ... ؟	RIY		may_PART i_PRON ... ?_PUNCT , can_PART i_PRON ... ?	pouvoir_VERB -je_PRON ... ?	halo_PART Oamokan_VERB +niy_PRON Oan_PART ... ?	ممكن	ممكن	m u m k i n	READY	
42566	1215	MixedClass	might , may	peut-être	قَدْ ، رُبَّما	JED		might_PART , may_PART	peut-être_ADV	qado_PART , rubXamA_ADV	ممكن	ممكن	m u m k i n	READY	
42569	1215	MixedClass	might , may	peut-être	قَدْ ، رُبَّما	RIY		might_PART , may_PART	peut-être_ADV	qado_PART , rubXamA_ADV	ممكن	ممكن	m u m k i n	READY	
42586	1215	MixedClass	might , may	peut-être	قَدْ ، رُبَّما	JED		might_PART , may_PART	peut-être_ADV	qado_PART , rubXamA_ADV	يمكن	يمكن	y i m k i n	READY	
42591	1215	MixedClass	might , may	peut-être	قَدْ ، رُبَّما	RIY		might_PART , may_PART	peut-être_ADV	qado_PART , rubXamA_ADV	يمكن	يمكن	y i m k i n	READY	
42608	1216	MixedClass	already , for sure	vraiment , certainement	قَدْ ، فِعْلاً	JED		already_ADV , for_ADP sure_NOUN	vraiment_ADV , certainement_ADV	qado_PART , fiEol_NOUN	اكيد	اكيد	2 a k ii d	READY	
42611	1216	MixedClass	already , for sure	vraiment , certainement	قَدْ ، فِعْلاً	RIY		already_ADV , for_ADP sure_NOUN	vraiment_ADV , certainement_ADV	qado_PART , fiEol_NOUN	اكيد	اكيد	2 a k ii d	READY	
42623	1216	MixedClass	already , for sure	vraiment , certainement	قَدْ ، فِعْلاً	JED		already_ADV , for_ADP sure_NOUN	vraiment_ADV , certainement_ADV	qado_PART , fiEol_NOUN	خلاص	خلاص	kh a l aa s.	READY	
42625	1216	MixedClass	already , for sure	vraiment , certainement	قَدْ ، فِعْلاً	RIY		already_ADV , for_ADP sure_NOUN	vraiment_ADV , certainement_ADV	qado_PART , fiEol_NOUN	خلاص	خلاص	kh a l aa s.	READY	
42644	1216	MixedClass	already , for sure	vraiment , certainement	قَدْ ، فِعْلاً	JED		already_ADV , for_ADP sure_NOUN	vraiment_ADV , certainement_ADV	qado_PART , fiEol_NOUN	قيد	قيد	g ii d	READY	
42648	1216	MixedClass	already , for sure	vraiment , certainement	قَدْ ، فِعْلاً	JED		already_ADV , for_ADP sure_NOUN	vraiment_ADV , certainement_ADV	qado_PART , fiEol_NOUN	من جد	من جد	m i n # j i d d	READY	
42669	1217	OpenClass	really	vraiment	حَقّاً	JED		really_ADV	vraiment_ADV	HaqX_ADJ	حقيقي	حقيقي	7 a g ii g i	READY	
42682	1217	OpenClass	really	vraiment	حَقّاً	JED		really_ADV	vraiment_ADV	HaqX_ADJ	صحيح	صحيح	s. a 7 ii 7	READY	
42685	1217	OpenClass	really	vraiment	حَقّاً	RIY		really_ADV	vraiment_ADV	HaqX_ADJ	صحيح	صحيح	s. a 7 ii 7	READY	
42703	1217	OpenClass	really	vraiment	حَقّاً	JED		really_ADV	vraiment_ADV	HaqX_ADJ	معقولة	معقولة	m a 3 g uu l a	READY	
42704	1217	OpenClass	really	vraiment	حَقّاً	RIY		really_ADV	vraiment_ADV	HaqX_ADJ	معقولة	معقولة	m a 3 g uu l a	READY	
42708	1217	OpenClass	really	vraiment	حَقّاً	JED		really_ADV	vraiment_ADV	HaqX_ADJ	من جد	من جد	m i n # j i d d	READY	
42714	1217	OpenClass	really	vraiment	حَقّاً	JED		really_ADV	vraiment_ADV	HaqX_ADJ	والله	و+ الله	w a l. l. a	CHECK	
42715	1217	OpenClass	really	vraiment	حَقّاً	RIY		really_ADV	vraiment_ADV	HaqX_ADJ	والله	و+ الله	w a l. l. a	CHECK	
42734	1218	OpenClass	expensive	cher	باهِظ ، غالِي	JED		expensive_ADJ	cher_ADV	bAhiZ_ADJ , gAliy_NOUN	غالي	غالي	gh aa l i	READY	
42740	1218	OpenClass	expensive	cher	باهِظ ، غالِي	RIY		expensive_ADJ	cher_ADV	bAhiZ_ADJ , gAliy_NOUN	غالي	غالي	gh aa l i	READY	
42780	1219	OpenClass	be afraid	avoir peur	خَشِي	JED		be_VERB afraid_ADJ	avoir_VERB peur_NOUN	xaciy_VERB	خاف	خاف	kh aa f	READY	
42785	1219	OpenClass	be afraid	avoir peur	خَشِي	RIY		be_VERB afraid_ADJ	avoir_VERB peur_NOUN	xaciy_VERB	خاف	خاف	kh aa f	READY	
42818	1220	OpenClass	tourist , touristic	touristique	سِياحِيّ	JED		tourist_NOUN , touristic_ADJ	touristique_ADJ	siyAHiyX_ADJ	سياحي	سياحي	s i y aa 7 i	READY	
42823	1220	OpenClass	tourist , touristic	touristique	سِياحِيّ	RIY		tourist_NOUN , touristic_ADJ	touristique_ADJ	siyAHiyX_ADJ	سياحي	سياحي	s i y aa 7 i	READY	
42830	1221	MixedClass	bound to	à destination de	مُتَّجِه إِلَى	JED		bind_VERB to_ADP	à_ADP destination_NOUN de_ADP	mutXajih_NOUN IilaY_ADP	اتجه ل+	اتجه ل+	2 i t t a j a h # l i	READY	
42831	1221	MixedClass	bound to	à destination de	مُتَّجِه إِلَى	RIY		bind_VERB to_ADP	à_ADP destination_NOUN de_ADP	mutXajih_NOUN IilaY_ADP	اتجه ل+	اتجه ل+	2 i t t a j a h # l i	READY	
42832	1221	MixedClass	bound to	à destination de	مُتَّجِه إِلَى	JED		bind_VERB to_ADP	à_ADP destination_NOUN de_ADP	mutXajih_NOUN IilaY_ADP	راح ل+	راح ل+	r aa 7 # l i	READY	
42833	1221	MixedClass	bound to	à destination de	مُتَّجِه إِلَى	RIY		bind_VERB to_ADP	à_ADP destination_NOUN de_ADP	mutXajih_NOUN IilaY_ADP	راح ل+	راح ل+	r aa 7 # l i	READY	
42856	1221	MixedClass	bound to	à destination de	مُتَّجِه إِلَى	JED		bind_VERB to_ADP	à_ADP destination_NOUN de_ADP	mutXajih_NOUN IilaY_ADP	رايح ل+	رايح ل+	r aa y i 7 # l i	READY	
42857	1221	MixedClass	bound to	à destination de	مُتَّجِه إِلَى	RIY		bind_VERB to_ADP	à_ADP destination_NOUN de_ADP	mutXajih_NOUN IilaY_ADP	رايح ل+	رايح ل+	r aa y i 7 # l i	READY	
42876	1221	MixedClass	bound to	à destination de	مُتَّجِه إِلَى	JED		bind_VERB to_ADP	à_ADP destination_NOUN de_ADP	mutXajih_NOUN IilaY_ADP	متجه ل+	متجه ل+	m u t t a j i h # l i	READY	
42877	1221	MixedClass	bound to	à destination de	مُتَّجِه إِلَى	RIY		bind_VERB to_ADP	à_ADP destination_NOUN de_ADP	mutXajih_NOUN IilaY_ADP	متجه ل+	متجه ل+	m u t t a j i h # l i	READY	
42885	1222	OpenClass	return , come back	revenir , retourner	عاد	JED		return_VERB , come_VERB back_ADV	revenir_VERB , retourner_VERB	EAd_VERB	رجع	رجع	r a j a 3	READY	
42887	1222	OpenClass	return , come back	revenir , retourner	عاد	RIY		return_VERB , come_VERB back_ADV	revenir_VERB , retourner_VERB	EAd_VERB	رجع	رجع	r a j a 3	READY	
42902	1222	OpenClass	return , come back	revenir , retourner	عاد	JED		return_VERB , come_VERB back_ADV	revenir_VERB , retourner_VERB	EAd_VERB	رجع	رجع	r i j i 3	READY	
42913	1222	OpenClass	return , come back	revenir , retourner	عاد	JED		return_VERB , come_VERB back_ADV	revenir_VERB , retourner_VERB	EAd_VERB	رد	رد	r a d d	READY	
42916	1222	OpenClass	return , come back	revenir , retourner	عاد	RIY		return_VERB , come_VERB back_ADV	revenir_VERB , retourner_VERB	EAd_VERB	رد	رد	r a d d	READY	
42922	1222	OpenClass	return , come back	revenir , retourner	عاد	RIY		return_VERB , come_VERB back_ADV	revenir_VERB , retourner_VERB	EAd_VERB	عاد	عاد	3 aa d	READY	
42930	1223	OpenClass	arrival	arrivée	وُصُول	JED		arrival_NOUN	arrivée_NOUN	wuSuwl_NOUN	جية	جية	j a y y a	READY	
42931	1223	OpenClass	arrival	arrivée	وُصُول	RIY		arrival_NOUN	arrivée_NOUN	wuSuwl_NOUN	جية	جية	j a y y a	READY	
42965	1223	OpenClass	arrival	arrivée	وُصُول	JED		arrival_NOUN	arrivée_NOUN	wuSuwl_NOUN	وصول	وصول	w u s. uu l.	READY	
42967	1223	OpenClass	arrival	arrivée	وُصُول	RIY		arrival_NOUN	arrivée_NOUN	wuSuwl_NOUN	وصول	وصول	w u s. uu l.	READY	
42975	1224	OpenClass	left	gauche	يَسار	JED		left_NOUN	gauche_ADJ	yasAr_NOUN	شمال	شمال	sh i m aa l	READY	
42994	1224	OpenClass	left	gauche	يَسار	JED		left_NOUN	gauche_ADJ	yasAr_NOUN	يسار	يسار	y a s aa r	READY	
42998	1224	OpenClass	left	gauche	يَسار	RIY		left_NOUN	gauche_ADJ	yasAr_NOUN	يسار	يسار	y a s aa r	READY	
43028	1225	OpenClass	completely , perfectly ,	parfaitement , complètement	تَماماً	JED		completely_ADV , perfectly_ADV ,	parfaitement_ADV , complètement_ADV	tamAm_NOUN	تماما	تماما	t a m aa m a n	READY	
43031	1225	OpenClass	completely , perfectly ,	parfaitement , complètement	تَماماً	RIY		completely_ADV , perfectly_ADV ,	parfaitement_ADV , complètement_ADV	tamAm_NOUN	تماما	تماما	t a m aa m a n	READY	
43041	1225	OpenClass	completely , perfectly ,	parfaitement , complètement	تَماماً	RIY		completely_ADV , perfectly_ADV ,	parfaitement_ADV , complètement_ADV	tamAm_NOUN	كله	كل +ه	k u l l a	READY	
43043	1225	OpenClass	completely , perfectly ,	parfaitement , complètement	تَماماً	JED		completely_ADV , perfectly_ADV ,	parfaitement_ADV , complètement_ADV	tamAm_NOUN	كله	كل +ه	k u l l u	READY	
43044	1225	OpenClass	completely , perfectly ,	parfaitement , complètement	تَماماً	RIY		completely_ADV , perfectly_ADV ,	parfaitement_ADV , complètement_ADV	tamAm_NOUN	كل ابوه	كل ابو +ه	k u l l # a b uu	READY	
43056	1225	OpenClass	completely , perfectly ,	parfaitement , complètement	تَماماً	JED		completely_ADV , perfectly_ADV ,	parfaitement_ADV , complètement_ADV	tamAm_NOUN	نهائي	نهائي	n i h aa 2 i	READY	
43058	1225	OpenClass	completely , perfectly ,	parfaitement , complètement	تَماماً	RIY		completely_ADV , perfectly_ADV ,	parfaitement_ADV , complètement_ADV	tamAm_NOUN	نهائي	نهائي	n i h aa 2 i	READY	
43080	1226	MixedClass	about	sur , à propos de	عَن	JED		about_ADP	sur_ADP , à_ADP propos_NOUN de_ADP	Ean_ADP	حول	حول	7 a w l	READY	
43082	1226	MixedClass	about	sur , à propos de	عَن	RIY		about_ADP	sur_ADP , à_ADP propos_NOUN de_ADP	Ean_ADP	حول	حول	7 a w l	READY	
43084	1226	MixedClass	about	sur , à propos de	عَن	JED		about_ADP	sur_ADP , à_ADP propos_NOUN de_ADP	Ean_ADP	على	على	3 a l a	READY	
43085	1226	MixedClass	about	sur , à propos de	عَن	RIY		about_ADP	sur_ADP , à_ADP propos_NOUN de_ADP	Ean_ADP	على	على	3 a l a	READY	
43094	1226	MixedClass	about	sur , à propos de	عَن	JED		about_ADP	sur_ADP , à_ADP propos_NOUN de_ADP	Ean_ADP	عن	عن	3 a n	READY	
43098	1226	MixedClass	about	sur , à propos de	عَن	RIY		about_ADP	sur_ADP , à_ADP propos_NOUN de_ADP	Ean_ADP	عن	عن	3 a n	READY	
43134	1227	MixedClass	can , be able to	pouvoir , être capable de	ٱِسْتَطاع	JED		can_PART , be_VERB able_ADJ to_ADP	pouvoir_VERB , être_VERB capable_ADJ de_ADP	LisotaTAE_VERB	قدر	قدر	g i d i r	READY	
43136	1227	MixedClass	can , be able to	pouvoir , être capable de	ٱِسْتَطاع	RIY		can_PART , be_VERB able_ADJ to_ADP	pouvoir_VERB , être_VERB capable_ADJ de_ADP	LisotaTAE_VERB	قدر	قدر	g i d i r	READY	
43149	1228	MixedClass	must , should	devoir	وَجَب	JED		must_PART , should_PART	devoir_VERB	wajab_VERB	المفروض	ال+ مفروض	2 a l m a f r uu d.	READY	
43150	1228	MixedClass	must , should	devoir	وَجَب	RIY		must_PART , should_PART	devoir_VERB	wajab_VERB	المفروض	ال+ مفروض	2 a l m a f r uu dh.	READY	
43162	1228	MixedClass	must , should	devoir	وَجَب	JED		must_PART , should_PART	devoir_VERB	wajab_VERB	كان عليه	كان على +ه	k aa n # 3 a l ee	READY	
43163	1228	MixedClass	must , should	devoir	وَجَب	RIY		must_PART , should_PART	devoir_VERB	wajab_VERB	كان عليه	كان على +ه	k aa n # 3 a l ee	READY	
43166	1228	MixedClass	must , should	devoir	وَجَب	JED		must_PART , should_PART	devoir_VERB	wajab_VERB	كان لازم	كان لازم	k aa n # l aa z i m	READY	
43167	1228	MixedClass	must , should	devoir	وَجَب	RIY		must_PART , should_PART	devoir_VERB	wajab_VERB	كان لازم	كان لازم	k aa n # l aa z i m	READY	
43170	1228	MixedClass	must , should	devoir	وَجَب	JED		must_PART , should_PART	devoir_VERB	wajab_VERB	كان واجب	كان واجب	k aa n # w aa j i b	READY	
43171	1228	MixedClass	must , should	devoir	وَجَب	RIY		must_PART , should_PART	devoir_VERB	wajab_VERB	كان واجب	كان واجب	k aa n # w aa j i b	READY	
43214	1229	OpenClass	least , less	moins	أَقَلّ	JED		least_ADJ , less_ADJ	moins_ADV	OaqalX_ADJ	اقل	اقل	2 a g a l l	READY	
43215	1229	OpenClass	least , less	moins	أَقَلّ	RIY		least_ADJ , less_ADJ	moins_ADV	OaqalX_ADJ	اقل	اقل	2 a g a l l	READY	
43227	1229	OpenClass	least , less	moins	أَقَلّ	JED		least_ADJ , less_ADJ	moins_ADV	OaqalX_ADJ	اقل	اقل	2 a q a l l	READY	
43228	1229	OpenClass	least , less	moins	أَقَلّ	RIY		least_ADJ , less_ADJ	moins_ADV	OaqalX_ADJ	اقل	اقل	2 a q a l l	READY	
43245	1230	OpenClass	right away	immédiatement	حالاً	JED		right_ADV away_ADV	immédiatement_ADV	HAl_NOUN	بسرعة	ب+ سرعة	b i s u r 3 a	READY	
43246	1230	OpenClass	right away	immédiatement	حالاً	RIY		right_ADV away_ADV	immédiatement_ADV	HAl_NOUN	بسرعة	ب+ سرعة	b i s u r 3 a	READY	
43270	1230	OpenClass	right away	immédiatement	حالاً	JED		right_ADV away_ADV	immédiatement_ADV	HAl_NOUN	دحين	دحين	d a 7 7 ii n	READY	
43280	1230	OpenClass	right away	immédiatement	حالاً	RIY		right_ADV away_ADV	immédiatement_ADV	HAl_NOUN	ذالحين	ذ+ ال+ حين	dh a l 7 ii n	CHECK	
43298	1230	OpenClass	right away	immédiatement	حالاً	JED		right_ADV away_ADV	immédiatement_ADV	HAl_NOUN	فاقرب وقت	ف+ اقرب وقت	f 2 a g r a b # w a g t	READY	
43299	1230	OpenClass	right away	immédiatement	حالاً	RIY		right_ADV away_ADV	immédiatement_ADV	HAl_NOUN	فاقرب وقت	ف+ اقرب وقت	f 2 a g r a b # w a g t	READY	
43306	1230	OpenClass	right away	immédiatement	حالاً	JED		right_ADV away_ADV	immédiatement_ADV	HAl_NOUN	قوام	قوام	g a w aa m	READY	
43321	1231	OpenClass	soon	bientôt	قَرِيباً	RIY		soon_ADV	bientôt_ADV	qariyb_ADJ	بعد شوي	بعد شوي	b a 3 d # sh w a y	READY	
43323	1231	OpenClass	soon	bientôt	قَرِيباً	JED		soon_ADV	bientôt_ADV	qariyb_ADJ	بعد شوية	بعد شوية	b a 3 d # sh w a y y a	READY	
43339	1231	OpenClass	soon	bientôt	قَرِيباً	JED		soon_ADV	bientôt_ADV	qariyb_ADJ	قريب	قريب	g a r ii b	READY	
43341	1231	OpenClass	soon	bientôt	قَرِيباً	RIY		soon_ADV	bientôt_ADV	qariyb_ADJ	قريب	قريب	g a r ii b	READY	
43347	1231	OpenClass	soon	bientôt	قَرِيباً	RIY		soon_ADV	bientôt_ADV	qariyb_ADJ	قريب	قريب	g r a y y i b	READY	
43365	1232	MixedClass	stay	séjourner , descendre à	أَقام	JED		stay_VERB	séjourner_VERB , descendre_VERB à_ADP	OaqAm_VERB	بات	بات	b aa t	READY	
43368	1232	MixedClass	stay	séjourner , descendre à	أَقام	RIY		stay_VERB	séjourner_VERB , descendre_VERB à_ADP	OaqAm_VERB	بات	بات	b aa t	READY	
43391	1232	MixedClass	stay	séjourner , descendre à	أَقام	RIY		stay_VERB	séjourner_VERB , descendre_VERB à_ADP	OaqAm_VERB	جلس	جلس	j a l a s	READY	
43392	1232	MixedClass	stay	séjourner , descendre à	أَقام	JED		stay_VERB	séjourner_VERB , descendre_VERB à_ADP	OaqAm_VERB	جلس	جلس	j i l i s	READY	
43393	1232	MixedClass	stay	séjourner , descendre à	أَقام	JED		stay_VERB	séjourner_VERB , descendre_VERB à_ADP	OaqAm_VERB	سكن	سكن	s a k a n	READY	
43394	1232	MixedClass	stay	séjourner , descendre à	أَقام	RIY		stay_VERB	séjourner_VERB , descendre_VERB à_ADP	OaqAm_VERB	سكن	سكن	s a k a n	READY	
43409	1232	MixedClass	stay	séjourner , descendre à	أَقام	JED		stay_VERB	séjourner_VERB , descendre_VERB à_ADP	OaqAm_VERB	عاش	عاش	3 aa sh	READY	
43411	1232	MixedClass	stay	séjourner , descendre à	أَقام	RIY		stay_VERB	séjourner_VERB , descendre_VERB à_ADP	OaqAm_VERB	عاش	عاش	3 aa sh	READY	
43425	1232	MixedClass	stay	séjourner , descendre à	أَقام	JED		stay_VERB	séjourner_VERB , descendre_VERB à_ADP	OaqAm_VERB	قعد	قعد	g a 3 a d	READY	
43427	1232	MixedClass	stay	séjourner , descendre à	أَقام	RIY		stay_VERB	séjourner_VERB , descendre_VERB à_ADP	OaqAm_VERB	قعد	قعد	g a 3 a d	READY	
43431	1232	MixedClass	stay	séjourner , descendre à	أَقام	JED		stay_VERB	séjourner_VERB , descendre_VERB à_ADP	OaqAm_VERB	قعد	قعد	g i 3 i d	READY	
43451	1233	OpenClass	news	nouvelles	أَخْبار	JED		news_NOUN	nouveau_ADJ	xabar_NOUN	اخبار	اخبار	2 a kh b aa r	READY	
43457	1233	OpenClass	news	nouvelles	أَخْبار	RIY		news_NOUN	nouveau_ADJ	xabar_NOUN	اخبار	اخبار	2 a kh b aa r	READY	
43483	1234	OpenClass	airline	compagnie aérienne	شَرِكَة طَيَران	JED		airline_NOUN	compagnie_NOUN aérien_ADJ	carikap_NOUN TayarAn_NOUN	خطوط	خطوط	kh u t. uu t.	READY	
43484	1234	OpenClass	airline	compagnie aérienne	شَرِكَة طَيَران	RIY		airline_NOUN	compagnie_NOUN aérien_ADJ	carikap_NOUN TayarAn_NOUN	خطوط	خطوط	kh u t. uu t.	READY	
43487	1234	OpenClass	airline	compagnie aérienne	شَرِكَة طَيَران	JED		airline_NOUN	compagnie_NOUN aérien_ADJ	carikap_NOUN TayarAn_NOUN	خطوط طيران	خطوط طيران	kh u t. uu t. # t. a y a r aa n	READY	
43488	1234	OpenClass	airline	compagnie aérienne	شَرِكَة طَيَران	RIY		airline_NOUN	compagnie_NOUN aérien_ADJ	carikap_NOUN TayarAn_NOUN	خطوط طيران	خطوط طيران	kh u t. uu t. # t. a y a r aa n	READY	
43502	1234	OpenClass	airline	compagnie aérienne	شَرِكَة طَيَران	JED		airline_NOUN	compagnie_NOUN aérien_ADJ	carikap_NOUN TayarAn_NOUN	شركة طيران	شركة طيران	sh a r i k a t. # t. a y a r aa n	CHECK	
43503	1234	OpenClass	airline	compagnie aérienne	شَرِكَة طَيَران	RIY		airline_NOUN	compagnie_NOUN aérien_ADJ	carikap_NOUN TayarAn_NOUN	شركة طيران	شركة طيران	sh a r i k a t. # t. a y a r aa n	CHECK	
43533	1235	OpenClass	severe	fort	شَدِيد	JED		severe_ADJ	fort_ADJ	cadiyd_ADJ	حاد	حاد	7 aa d	READY	
43535	1235	OpenClass	severe	fort	شَدِيد	RIY		severe_ADJ	fort_ADJ	cadiyd_ADJ	حاد	حاد	7 aa d	READY	
43539	1235	OpenClass	severe	fort	شَدِيد	JED		severe_ADJ	fort_ADJ	cadiyd_ADJ	شديد	شديد	sh a d ii d	READY	
43542	1235	OpenClass	severe	fort	شَدِيد	RIY		severe_ADJ	fort_ADJ	cadiyd_ADJ	شديد	شديد	sh a d ii d	READY	
43577	1235	OpenClass	severe	fort	شَدِيد	JED		severe_ADJ	fort_ADJ	cadiyd_ADJ	قوي	قوي	g a w i	READY	
43579	1235	OpenClass	severe	fort	شَدِيد	RIY		severe_ADJ	fort_ADJ	cadiyd_ADJ	قوي	قوي	g a w i	READY	
43589	1235	OpenClass	severe	fort	شَدِيد	JED		severe_ADJ	fort_ADJ	cadiyd_ADJ	مرة	مرة	m a r r a	READY	
43590	1235	OpenClass	severe	fort	شَدِيد	RIY		severe_ADJ	fort_ADJ	cadiyd_ADJ	مرة	مرة	m a r r a	READY	
43606	1236	OpenClass	air	air	هَواء	JED		air_NOUN	air_NOUN	hawAC_NOUN	هوا	هوا	h a w a	READY	
43611	1236	OpenClass	air	air	هَواء	RIY		air_NOUN	air_NOUN	hawAC_NOUN	هوا	هوا	h a w a	READY	
43636	1237	OpenClass	cheapest , cheaper	moins cher	أَرْخَص	JED		cheapest_ADJ , cheaper_ADJ	moins_ADV cher_ADJ	OaroxaS_ADJ	ارخص	ارخص	2 a r kh a s.	READY	
43641	1237	OpenClass	cheapest , cheaper	moins cher	أَرْخَص	RIY		cheapest_ADJ , cheaper_ADJ	moins_ADV cher_ADJ	OaroxaS_ADJ	ارخص	ارخص	2 a r kh a s.	READY	
43679	1238	OpenClass	catch , hold	attraper	أَمْسَك	JED		catch_VERB , hold_VERB	attraper_VERB	Oamosak_VERB	كفش	كفش	k a f a sh	READY	
43680	1238	OpenClass	catch , hold	attraper	أَمْسَك	RIY		catch_VERB , hold_VERB	attraper_VERB	Oamosak_VERB	لحق	لحق	l a 7 a g	READY	
43681	1238	OpenClass	catch , hold	attraper	أَمْسَك	JED		catch_VERB , hold_VERB	attraper_VERB	Oamosak_VERB	لحق	لحق	l i 7 i g	READY	
43694	1238	OpenClass	catch , hold	attraper	أَمْسَك	RIY		catch_VERB , hold_VERB	attraper_VERB	Oamosak_VERB	مسك	مسك	m a s a k	READY	
43700	1238	OpenClass	catch , hold	attraper	أَمْسَك	JED		catch_VERB , hold_VERB	attraper_VERB	Oamosak_VERB	مسك	مسك	m i s i k	READY	
43715	1239	MixedClass	I caught a disease	J' ai attrappé une maladie	أََصابَ +نِي مَرَض	JED		i_PRON catch_VERB a_DET disease_NOUN	je_PRON avoir_VERB attraper_VERB un_DET maladie_NOUN	OaSAb_VERB +niy_PRON maraD_NOUN	جاني مرض	جا +ني مرض	j aa n i # m a r a d.	READY	
43717	1239	MixedClass	I caught a disease	J' ai attrappé une maladie	أََصابَ +نِي مَرَض	RIY		i_PRON catch_VERB a_DET disease_NOUN	je_PRON avoir_VERB attraper_VERB un_DET maladie_NOUN	OaSAb_VERB +niy_PRON maraD_NOUN	جاني مرض	جا +ني مرض	j aa n i # m a r a dh.	READY	
43738	1239	MixedClass	I caught a disease	J' ai attrappé une maladie	أََصابَ +نِي مَرَض	RIY		i_PRON catch_VERB a_DET disease_NOUN	je_PRON avoir_VERB attraper_VERB un_DET maladie_NOUN	OaSAb_VERB +niy_PRON maraD_NOUN	مرضت	مرضت	m a r a dh. t.	READY	
43745	1239	MixedClass	I caught a disease	J' ai attrappé une maladie	أََصابَ +نِي مَرَض	JED		i_PRON catch_VERB a_DET disease_NOUN	je_PRON avoir_VERB attraper_VERB un_DET maladie_NOUN	OaSAb_VERB +niy_PRON maraD_NOUN	مرضت	مرضت	m i r i d. t.	READY	
43763	1240	OpenClass	biggest , bigger	plus grand	أَكْبَر	JED		biggest_ADJ , bigger_ADJ	plus_ADV grand_ADJ	Oakobar_ADJ	اضخم	اضخم	2 a d. kh a m	READY	
43765	1240	OpenClass	biggest , bigger	plus grand	أَكْبَر	RIY		biggest_ADJ , bigger_ADJ	plus_ADV grand_ADJ	Oakobar_ADJ	اضخم	اضخم	2 a dh. kh a m	READY	
43778	1240	OpenClass	biggest , bigger	plus grand	أَكْبَر	JED		biggest_ADJ , bigger_ADJ	plus_ADV grand_ADJ	Oakobar_ADJ	اكبر	اكبر	2 a k b a r	READY	
43783	1240	OpenClass	biggest , bigger	plus grand	أَكْبَر	RIY		biggest_ADJ , bigger_ADJ	plus_ADV grand_ADJ	Oakobar_ADJ	اكبر	اكبر	2 a k b a r	READY	
43792	1241	OpenClass	largest , larger	plus grand	أَوْسَع	JED		largest_ADJ , larger_ADJ	plus_ADV grand_ADJ	OawosaE_ADJ	اضخم	اضخم	2 a d. kh a m	READY	
43793	1241	OpenClass	largest , larger	plus grand	أَوْسَع	RIY		largest_ADJ , larger_ADJ	plus_ADV grand_ADJ	OawosaE_ADJ	اضخم	اضخم	2 a dh. kh a m	READY	
43811	1241	OpenClass	largest , larger	plus grand	أَوْسَع	JED		largest_ADJ , larger_ADJ	plus_ADV grand_ADJ	OawosaE_ADJ	اكبر	اكبر	2 a k b a r	READY	
43814	1241	OpenClass	largest , larger	plus grand	أَوْسَع	RIY		largest_ADJ , larger_ADJ	plus_ADV grand_ADJ	OawosaE_ADJ	اكبر	اكبر	2 a k b a r	READY	
43829	1241	OpenClass	largest , larger	plus grand	أَوْسَع	JED		largest_ADJ , larger_ADJ	plus_ADV grand_ADJ	OawosaE_ADJ	اوسع	اوسع	2 a w s a 3	READY	
43834	1241	OpenClass	largest , larger	plus grand	أَوْسَع	RIY		largest_ADJ , larger_ADJ	plus_ADV grand_ADJ	OawosaE_ADJ	اوسع	اوسع	2 a w s a 3	READY	
43856	1242	OpenClass	suitable , appropriate , fit well	convenable , aller bien	مُناسِب	JED		suitable_ADJ , appropriate_ADJ , fit_VERB well_ADV	convenable_ADJ , aller_VERB bien_ADV	munAsib_ADJ	معقول	معقول	m a 3 g uu l	READY	
43857	1242	OpenClass	suitable , appropriate , fit well	convenable , aller bien	مُناسِب	RIY		suitable_ADJ , appropriate_ADJ , fit_VERB well_ADV	convenable_ADJ , aller_VERB bien_ADV	munAsib_ADJ	معقول	معقول	m a 3 g uu l	READY	
43860	1242	OpenClass	suitable , appropriate , fit well	convenable , aller bien	مُناسِب	JED		suitable_ADJ , appropriate_ADJ , fit_VERB well_ADV	convenable_ADJ , aller_VERB bien_ADV	munAsib_ADJ	مقبول	مقبول	m a g b uu l	READY	
43861	1242	OpenClass	suitable , appropriate , fit well	convenable , aller bien	مُناسِب	RIY		suitable_ADJ , appropriate_ADJ , fit_VERB well_ADV	convenable_ADJ , aller_VERB bien_ADV	munAsib_ADJ	مقبول	مقبول	m a g b uu l	READY	
43877	1242	OpenClass	suitable , appropriate , fit well	convenable , aller bien	مُناسِب	JED		suitable_ADJ , appropriate_ADJ , fit_VERB well_ADV	convenable_ADJ , aller_VERB bien_ADV	munAsib_ADJ	مناسب	مناسب	m u n aa s i b	READY	
43882	1242	OpenClass	suitable , appropriate , fit well	convenable , aller bien	مُناسِب	RIY		suitable_ADJ , appropriate_ADJ , fit_VERB well_ADV	convenable_ADJ , aller_VERB bien_ADV	munAsib_ADJ	مناسب	مناسب	m u n aa s i b	READY	
43905	1243	OpenClass	well	bien	جَيِّداً	JED		well_ADV	bien_ADV	jayXid_ADJ	جيد	جيد	j a y y i d	READY	
43917	1243	OpenClass	well	bien	جَيِّداً	RIY		well_ADV	bien_ADV	jayXid_ADJ	زين	زين	z ee n	READY	
43931	1243	OpenClass	well	bien	جَيِّداً	JED		well_ADV	bien_ADV	jayXid_ADJ	كويس	كويس	k w a y y i s	READY	
43938	1243	OpenClass	well	bien	جَيِّداً	RIY		well_ADV	bien_ADV	jayXid_ADJ	مظبوط	مظبوط	m a dh. b uu t.	READY	
43939	1243	OpenClass	well	bien	جَيِّداً	JED		well_ADV	bien_ADV	jayXid_ADJ	مظبوط	مظبوط	m a z. b uu t.	READY	
43963	1244	OpenClass	again	encore	مَرَّة أُخْرَى	JED		again_ADV	encore_ADV	marXap_NOUN OuxoraY_ADJ	كمان	كمان	k a m aa n	READY	
43964	1244	OpenClass	again	encore	مَرَّة أُخْرَى	RIY		again_ADV	encore_ADV	marXap_NOUN OuxoraY_ADJ	كمان	كمان	k a m aa n	READY	
43980	1244	OpenClass	again	encore	مَرَّة أُخْرَى	JED		again_ADV	encore_ADV	marXap_NOUN OuxoraY_ADJ	مرة ثانية	مرة ثانية	m a r r a # t aa n y a	READY	
43991	1244	OpenClass	again	encore	مَرَّة أُخْرَى	RIY		again_ADV	encore_ADV	marXap_NOUN OuxoraY_ADJ	مرة ثانية	مرة ثانية	m a r r a # th aa n y a	READY	
44016	1245	MixedClass	more	plus	ال+ مَزِيِد	JED		more_ADV	plus_ADV	Al+_DET maziyd_NOUN	اكثر	اكثر	2 a k t a r	READY	
44024	1245	MixedClass	more	plus	ال+ مَزِيِد	RIY		more_ADV	plus_ADV	Al+_DET maziyd_NOUN	اكثر	اكثر	2 a k th a r	READY	
44036	1245	MixedClass	more	plus	ال+ مَزِيِد	JED		more_ADV	plus_ADV	Al+_DET maziyd_NOUN	زيادة	زيادة	z i y aa d a	READY	
44038	1245	MixedClass	more	plus	ال+ مَزِيِد	RIY		more_ADV	plus_ADV	Al+_DET maziyd_NOUN	زيادة	زيادة	z i y aa d a	READY	
44053	1245	MixedClass	more	plus	ال+ مَزِيِد	JED		more_ADV	plus_ADV	Al+_DET maziyd_NOUN	كمان	كمان	k a m aa n	READY	
44055	1245	MixedClass	more	plus	ال+ مَزِيِد	RIY		more_ADV	plus_ADV	Al+_DET maziyd_NOUN	كمان	كمان	k a m aa n	READY	
44070	1246	OpenClass	look	regarder	نَظَر	JED		look_VERB	regarder_VERB	naZar_VERB	اتفرج	اتفرج	2 i t f a r r a j	READY	
44079	1246	OpenClass	look	regarder	نَظَر	JED		look_VERB	regarder_VERB	naZar_VERB	بحلق	بحلق	b a 7 l a g	READY	
44080	1246	OpenClass	look	regarder	نَظَر	RIY		look_VERB	regarder_VERB	naZar_VERB	بحلق	بحلق	b a 7 l a g	READY	
44101	1246	OpenClass	look	regarder	نَظَر	JED		look_VERB	regarder_VERB	naZar_VERB	شاف	شاف	sh aa f	READY	
44106	1246	OpenClass	look	regarder	نَظَر	RIY		look_VERB	regarder_VERB	naZar_VERB	شاف	شاف	sh aa f	READY	
44117	1246	OpenClass	look	regarder	نَظَر	RIY		look_VERB	regarder_VERB	naZar_VERB	طالع	طالع	t. aa l. a 3	READY	
44120	1246	OpenClass	look	regarder	نَظَر	RIY		look_VERB	regarder_VERB	naZar_VERB	طل	طل	t. a l. l.	READY	
44128	1246	OpenClass	look	regarder	نَظَر	RIY		look_VERB	regarder_VERB	naZar_VERB	ناظر	ناظر	n aa dh. a r	READY	
44130	1246	OpenClass	look	regarder	نَظَر	JED		look_VERB	regarder_VERB	naZar_VERB	وايق	وايق	w aa y a g	READY	
44132	1247	OpenClass	shape	forme	شَكْل	RIY		shape_NOUN	forme_NOUN	cakol_NOUN	شاكلة	شاكلة	sh aa k i l a	READY	
44151	1247	OpenClass	shape	forme	شَكْل	JED		shape_NOUN	forme_NOUN	cakol_NOUN	شكل	شكل	sh a k l	READY	
44152	1247	OpenClass	shape	forme	شَكْل	RIY		shape_NOUN	forme_NOUN	cakol_NOUN	شكل	شكل	sh a k l	READY	
44162	1247	OpenClass	shape	forme	شَكْل	JED		shape_NOUN	forme_NOUN	cakol_NOUN	صورة	صورة	s. uu r a	READY	
44164	1247	OpenClass	shape	forme	شَكْل	RIY		shape_NOUN	forme_NOUN	cakol_NOUN	صورة	صورة	s. uu r a	READY	
44166	1247	OpenClass	shape	forme	شَكْل	JED		shape_NOUN	forme_NOUN	cakol_NOUN	صيغة	صيغة	s. ii gh a	READY	
44167	1247	OpenClass	shape	forme	شَكْل	RIY		shape_NOUN	forme_NOUN	cakol_NOUN	صيغة	صيغة	s. ii gh a	READY	
44195	1247	OpenClass	shape	forme	شَكْل	JED		shape_NOUN	forme_NOUN	cakol_NOUN	هيئة	هيئة	h a y 2 a	READY	
44197	1247	OpenClass	shape	forme	شَكْل	RIY		shape_NOUN	forme_NOUN	cakol_NOUN	هيئة	هيئة	h a y 2 a	READY	
44206	1248	OpenClass	allow	permettre	سَمَح	JED		allow_VERB	permettre_VERB	samaH_VERB	ترك	ترك	t a r a k	READY	
44207	1248	OpenClass	allow	permettre	سَمَح	RIY		allow_VERB	permettre_VERB	samaH_VERB	ترك	ترك	t a r a k	READY	
44218	1248	OpenClass	allow	permettre	سَمَح	JED		allow_VERB	permettre_VERB	samaH_VERB	خلى	خلى	kh a l l a	READY	
44223	1248	OpenClass	allow	permettre	سَمَح	RIY		allow_VERB	permettre_VERB	samaH_VERB	خلى	خلى	kh a l l a	READY	
44246	1248	OpenClass	allow	permettre	سَمَح	JED		allow_VERB	permettre_VERB	samaH_VERB	سمح	سمح	s a m a 7	READY	
44250	1248	OpenClass	allow	permettre	سَمَح	RIY		allow_VERB	permettre_VERB	samaH_VERB	سمح	سمح	s a m a 7	READY	
44274	1249	MixedClass	go straight	aller tout droit	سار لِ+ ال+ أَمام	JED		go_VERB straight_ADV	aller_VERB tout_DET droit_NOUN	sAr_VERB li+_ADP Al+_DET OamAm_NOUN	على طول	على طول	3 a l a # t. uu l.	READY	
44275	1249	MixedClass	go straight	aller tout droit	سار لِ+ ال+ أَمام	RIY		go_VERB straight_ADV	aller_VERB tout_DET droit_NOUN	sAr_VERB li+_ADP Al+_DET OamAm_NOUN	على طول	على طول	3 a l a # t. uu l.	READY	
44293	1249	MixedClass	go straight	aller tout droit	سار لِ+ ال+ أَمام	JED		go_VERB straight_ADV	aller_VERB tout_DET droit_NOUN	sAr_VERB li+_ADP Al+_DET OamAm_NOUN	مشي دغري	مشي دغري	m i sh i # d u gh r i	READY	
44294	1249	MixedClass	go straight	aller tout droit	سار لِ+ ال+ أَمام	RIY		go_VERB straight_ADV	aller_VERB tout_DET droit_NOUN	sAr_VERB li+_ADP Al+_DET OamAm_NOUN	مشي دغري	مشي دغري	m i sh i # d u gh r i	READY	
44296	1249	MixedClass	go straight	aller tout droit	سار لِ+ ال+ أَمام	RIY		go_VERB straight_ADV	aller_VERB tout_DET droit_NOUN	sAr_VERB li+_ADP Al+_DET OamAm_NOUN	مشي سيدا	مشي سيدا	m i sh i # s ii d a	READY	
44299	1249	MixedClass	go straight	aller tout droit	سار لِ+ ال+ أَمام	JED		go_VERB straight_ADV	aller_VERB tout_DET droit_NOUN	sAr_VERB li+_ADP Al+_DET OamAm_NOUN	مشي طوالي	مشي طوالي	m i sh i # t. a w w aa l i	READY	
44300	1249	MixedClass	go straight	aller tout droit	سار لِ+ ال+ أَمام	RIY		go_VERB straight_ADV	aller_VERB tout_DET droit_NOUN	sAr_VERB li+_ADP Al+_DET OamAm_NOUN	مشي طوالي	مشي طوالي	m i sh i # t. a w w aa l i	READY	
44334	1250	OpenClass	make	faire	جَعَل	JED		make_VERB	faire_VERB	jaEal_VERB	سوى	سوى	s a w w a	READY	
44338	1250	OpenClass	make	faire	جَعَل	RIY		make_VERB	faire_VERB	jaEal_VERB	سوى	سوى	s a w w a	READY	
44357	1250	OpenClass	make	faire	جَعَل	JED		make_VERB	faire_VERB	jaEal_VERB	عمل	عمل	3 a m a l	READY	
44359	1250	OpenClass	make	faire	جَعَل	RIY		make_VERB	faire_VERB	jaEal_VERB	عمل	عمل	3 a m a l	READY	
44378	1251	OpenClass	yesterday	hier	أَمْس	JED		yesterday_NOUN	hier_ADV	Oamos_NOUN	البارحة	ال+ بارحة	2 a l b aa r 7 a	READY	
44379	1251	OpenClass	yesterday	hier	أَمْس	RIY		yesterday_NOUN	hier_ADV	Oamos_NOUN	البارحة	ال+ بارحة	2 a l b aa r 7 a	READY	
44397	1251	OpenClass	yesterday	hier	أَمْس	JED		yesterday_NOUN	hier_ADV	Oamos_NOUN	امس	امس	2 a m s	READY	
44399	1251	OpenClass	yesterday	hier	أَمْس	RIY		yesterday_NOUN	hier_ADV	Oamos_NOUN	امس	امس	2 a m s	READY	
44415	1252	MixedClass	sunday	dimanche	ال+ أَحَد	JED		sunday_PROPN	dimanche_NOUN	Al+_DET OaHad_NOUN	الاحد	ال+ احد	2 a l 2 a 7 a d	READY	
44416	1252	MixedClass	sunday	dimanche	ال+ أَحَد	RIY		sunday_PROPN	dimanche_NOUN	Al+_DET OaHad_NOUN	الاحد	ال+ احد	2 a l 2 a 7 a d	READY	
44448	1253	MixedClass	monday	lundi	ال+ ٱِثْنَيْنِ	RIY		monday_PROPN	lundi_NOUN	Al+_DET Livonayoni_NOUN	الاثنين	ال+ اثنين	2 a l 2 i th n ee n	READY	
44449	1253	MixedClass	monday	lundi	ال+ ٱِثْنَيْنِ	JED		monday_PROPN	lundi_NOUN	Al+_DET Livonayoni_NOUN	الاثنين	ال+ اثنين	2 a l i t n ee n	READY	
44482	1254	MixedClass	tuesday	mardi	ال+ ثُلاثاء	RIY		tuesday_PROPN	mardi_NOUN	Al+_DET vulAvAC_NOUN	الثلاثا	ال+ ثلاثا	2 a th th a l aa th a	READY	
44507	1254	MixedClass	tuesday	mardi	ال+ ثُلاثاء	JED		tuesday_PROPN	mardi_NOUN	Al+_DET vulAvAC_NOUN	الثلوث	ال+ ثلوث	2 a t t a l uu t	READY	
44508	1254	MixedClass	tuesday	mardi	ال+ ثُلاثاء	RIY		tuesday_PROPN	mardi_NOUN	Al+_DET vulAvAC_NOUN	الثلوث	ال+ ثلوث	2 a th th a l uu th	READY	
44520	1255	MixedClass	wednesday	mercredi	ال+ أَرْبِعاء	RIY		wednesday_PROPN	mercredi_NOUN	Al+_DET OarobiEAC_NOUN	الاربعا	ال+ اربعا	2 a l a r b i 3 a	READY	
44538	1255	MixedClass	wednesday	mercredi	ال+ أَرْبِعاء	JED		wednesday_PROPN	mercredi_NOUN	Al+_DET OarobiEAC_NOUN	الربوع	ال+ ربوع	2 a r r a b uu 3	READY	
44539	1255	MixedClass	wednesday	mercredi	ال+ أَرْبِعاء	RIY		wednesday_PROPN	mercredi_NOUN	Al+_DET OarobiEAC_NOUN	الربوع	ال+ ربوع	2 a r r a b uu 3	READY	
44545	1256	MixedClass	thursday	jeudi	ال+ خَمِيس	JED		thursday_PROPN	jeudi_NOUN	Al+_DET xamiys_NOUN	الخميس	ال+ خميس	2 a l kh a m ii s	READY	
44547	1256	MixedClass	thursday	jeudi	ال+ خَمِيس	RIY		thursday_PROPN	jeudi_NOUN	Al+_DET xamiys_NOUN	الخميس	ال+ خميس	2 a l kh a m ii s	READY	
44575	1257	MixedClass	friday	vendredi	ال+ جُمْعَة	RIY		friday_PROPN	vendredi_NOUN	Al+_DET jumoEap_NOUN	الجمعة	ال+ جمعة	2 a l j i m 3 a	READY	
44577	1257	MixedClass	friday	vendredi	ال+ جُمْعَة	JED		friday_PROPN	vendredi_NOUN	Al+_DET jumoEap_NOUN	الجمعة	ال+ جمعة	2 a l j u m 3 a	READY	
44578	1257	MixedClass	friday	vendredi	ال+ جُمْعَة	RIY		friday_PROPN	vendredi_NOUN	Al+_DET jumoEap_NOUN	الجمعة	ال+ جمعة	2 a l j u m 3 a	READY	
44605	1258	MixedClass	saturday	samedi	ال+ سَبْت	JED		saturday_PROPN	samedi_NOUN	Al+_DET sabot_NOUN	السبت	ال+ سبت	2 a s s a b t	READY	
44606	1258	MixedClass	saturday	samedi	ال+ سَبْت	RIY		saturday_PROPN	samedi_NOUN	Al+_DET sabot_NOUN	السبت	ال+ سبت	2 a s s a b t	READY	
44659	1259	OpenClass	january	janvier	يَنايِر	JED		january_PROPN	janvier_NOUN	yanAyir_PROPN	يناير	يناير	y a n aa y i r	CHECK	Foreign
44662	1259	OpenClass	january	janvier	يَنايِر	RIY		january_PROPN	janvier_NOUN	yanAyir_PROPN	يناير	يناير	y a n aa y i r	CHECK	Foreign
44694	1260	OpenClass	february	février	فِبْرايِر	JED		february_PROPN	février_NOUN	fiborAyir_PROPN	فبراير	فبراير	f i b r aa y i r	READY	
44696	1260	OpenClass	february	février	فِبْرايِر	RIY		february_PROPN	février_NOUN	fiborAyir_PROPN	فبراير	فبراير	f i b r aa y i r	READY	
44730	1261	OpenClass	march	mars	مارِس	JED		march_PROPN	mars_NOUN	mAris_PROPN	مارس	مارس	m aa r i s	READY	
44733	1261	OpenClass	march	mars	مارِس	RIY		march_PROPN	mars_NOUN	mAris_PROPN	مارس	مارس	m aa r i s	READY	
44744	1262	OpenClass	april	avril	أَبْرِيل	JED		april_PROPN	avril_NOUN	Oaboriyl_PROPN	ابريل	ابريل	2 a b r ii l	CHECK	Foreign
44747	1262	OpenClass	april	avril	أَبْرِيل	RIY		april_PROPN	avril_NOUN	Oaboriyl_PROPN	ابريل	ابريل	2 a b r ii l	CHECK	Foreign
44802	1263	OpenClass	may	mai	مايُو	JED		may_PROPN	mai_NOUN	mAyuw_PROPN	مايو	مايو	m aa y u	READY	
44805	1263	OpenClass	may	mai	مايُو	RIY		may_PROPN	mai_NOUN	mAyuw_PROPN	مايو	مايو	m aa y u	READY	
44844	1264	OpenClass	june	juin	يُونِيُو	JED		june_PROPN	juin_NOUN	yuwniyuw_PROPN	يونيو	يونيو	y uu n y u	CHECK	Foreign
44846	1264	OpenClass	june	juin	يُونِيُو	RIY		june_PROPN	juin_NOUN	yuwniyuw_PROPN	يونيو	يونيو	y uu n y u	CHECK	Foreign
44884	1265	OpenClass	july	juillet	يُولِيُو	JED		july_PROPN	juillet_NOUN	yuwliyuw_PROPN	يوليو	يوليو	y uu l y u	READY	
44886	1265	OpenClass	july	juillet	يُولِيُو	RIY		july_PROPN	juillet_NOUN	yuwliyuw_PROPN	يوليو	يوليو	y uu l y u	READY	
44903	1266	OpenClass	august	août	أَغُسْطُس	JED		august_PROPN	août_NOUN	OagusoTus_PROPN	اغسطس	اغسطس	2 a gh u s. t. u s.	CHECK	Foreign
44905	1266	OpenClass	august	août	أَغُسْطُس	RIY		august_PROPN	août_NOUN	OagusoTus_PROPN	اغسطس	اغسطس	2 a gh u s. t. u s.	CHECK	Foreign
44942	1267	OpenClass	september	septembre	سِبْتَمْبَر	JED		september_PROPN	septembre_NOUN	sibotamobar_PROPN	سبتمبر	سبتمبر	s i b t a m b a r	READY	
44945	1267	OpenClass	september	septembre	سِبْتَمْبَر	RIY		september_PROPN	septembre_NOUN	sibotamobar_PROPN	سبتمبر	سبتمبر	s i b t a m b a r	READY	
44966	1268	OpenClass	october	octobre	أُكْتُوبَر	JED		october_PROPN	octobre_NOUN	Oukotuwbar_PROPN	اكتوبر	اكتوبر	2 u k t oo b a r	READY	
44967	1268	OpenClass	october	octobre	أُكْتُوبَر	RIY		october_PROPN	octobre_NOUN	Oukotuwbar_PROPN	اكتوبر	اكتوبر	2 u k t oo b a r	READY	
45021	1269	OpenClass	november	novembre	نُوفِمْبِر	JED		november_PROPN	novembre_NOUN	nuwfimobir_PROPN	نوفمبر	نوفمبر	n oo f i m b a r	READY	
45022	1269	OpenClass	november	novembre	نُوفِمْبِر	RIY		november_PROPN	novembre_NOUN	nuwfimobir_PROPN	نوفمبر	نوفمبر	n oo f i m b a r	READY	
45045	1270	OpenClass	december	décembre	دِيسَمْبِر	JED		december_PROPN	décembre_NOUN	diysamobir_PROPN	ديسمبر	ديسمبر	d ii s a m b a r	READY	
45046	1270	OpenClass	december	décembre	دِيسَمْبِر	RIY		december_PROPN	décembre_NOUN	diysamobir_PROPN	ديسمبر	ديسمبر	d ii s a m b a r	READY	
45079	1271	OpenClass	purchase	achat	شِراء	JED		purchase_NOUN	achat_NOUN	cirAC_NOUN	شرا	شرا	sh i r a	READY	
45082	1271	OpenClass	purchase	achat	شِراء	RIY		purchase_NOUN	achat_NOUN	cirAC_NOUN	شرا	شرا	sh i r a	READY	
45111	1272	OpenClass	going	aller	ذَهاب	JED		go_VERB	aller_VERB	VahAb_NOUN	خرجة	خرجة	kh a r j a	READY	
45112	1272	OpenClass	going	aller	ذَهاب	RIY		go_VERB	aller_VERB	VahAb_NOUN	خرجة	خرجة	kh a r j a	READY	
45126	1272	OpenClass	going	aller	ذَهاب	JED		go_VERB	aller_VERB	VahAb_NOUN	روحة	روحة	r oo 7 a	READY	
45128	1272	OpenClass	going	aller	ذَهاب	RIY		go_VERB	aller_VERB	VahAb_NOUN	روحة	روحة	r oo 7 a	READY	
45142	1272	OpenClass	going	aller	ذَهاب	JED		go_VERB	aller_VERB	VahAb_NOUN	طلعة	طلعة	t. a l. 3 a	READY	
45143	1272	OpenClass	going	aller	ذَهاب	RIY		go_VERB	aller_VERB	VahAb_NOUN	طلعة	طلعة	t. a l. 3 a	READY	
45159	1272	OpenClass	going	aller	ذَهاب	JED		go_VERB	aller_VERB	VahAb_NOUN	نزلة	نزلة	n a z l a	READY	
45160	1272	OpenClass	going	aller	ذَهاب	RIY		go_VERB	aller_VERB	VahAb_NOUN	نزلة	نزلة	n a z l a	READY	
45169	1273	OpenClass	getting	obtenir	حُصُول	JED		get_VERB	obtenir_VERB	HuSuwl_NOUN	انه جا له	ان +ه جا ل +ه	2 i n n o # j aa # l o	CHECK	
45170	1273	OpenClass	getting	obtenir	حُصُول	RIY		get_VERB	obtenir_VERB	HuSuwl_NOUN	انه جا له	ان +ه جا ل +ه	2 i n n o # j aa # l o	CHECK	
45181	1273	OpenClass	getting	obtenir	حُصُول	JED		get_VERB	obtenir_VERB	HuSuwl_NOUN	جا	جا	j a	CHECK	
45182	1273	OpenClass	getting	obtenir	حُصُول	RIY		get_VERB	obtenir_VERB	HuSuwl_NOUN	جا	جا	j a	CHECK	
45224	1274	OpenClass	entering	entrer	دُخُول	JED		enter_VERB	entrer_VERB	duxuwl_NOUN	دخول	دخول	d u kh uu l	READY	
45228	1274	OpenClass	entering	entrer	دُخُول	RIY		enter_VERB	entrer_VERB	duxuwl_NOUN	دخول	دخول	d u kh uu l	READY	
45258	1275	OpenClass	calling	appeler	ٱِتِّصال	JED		call_VERB	appeler_VERB	LitXiSAl_NOUN	اتصل	اتصل	2 i t. t. i s. aa l	READY	
45259	1275	OpenClass	calling	appeler	ٱِتِّصال	RIY		call_VERB	appeler_VERB	LitXiSAl_NOUN	اتصل	اتصل	2 i t. t. i s. aa l	READY	
45281	1275	OpenClass	calling	appeler	ٱِتِّصال	JED		call_VERB	appeler_VERB	LitXiSAl_NOUN	مكالمة	مكالمة	m u k aa l a m a	READY	
45282	1275	OpenClass	calling	appeler	ٱِتِّصال	RIY		call_VERB	appeler_VERB	LitXiSAl_NOUN	مكالمة	مكالمة	m u k aa l a m a	READY	
45286	1276	OpenClass	changing	changer	تَغْيِير	JED		change_VERB	changer_VERB	tagoyiyr_NOUN	تبديل	تبديل	t a b d ii l	READY	
45288	1276	OpenClass	changing	changer	تَغْيِير	RIY		change_VERB	changer_VERB	tagoyiyr_NOUN	تبديل	تبديل	t a b d ii l	READY	
45302	1276	OpenClass	changing	changer	تَغْيِير	JED		change_VERB	changer_VERB	tagoyiyr_NOUN	تغيير	تغيير	t a gh y ii r	READY	
45305	1276	OpenClass	changing	changer	تَغْيِير	RIY		change_VERB	changer_VERB	tagoyiyr_NOUN	تغيير	تغيير	t a gh y ii r	READY	
45315	1276	OpenClass	changing	changer	تَغْيِير	JED		change_VERB	changer_VERB	tagoyiyr_NOUN	قلب	قلب	g a l b	READY	
45352	1277	OpenClass	seeing	voir	رُؤْيَة	JED		see_VERB	voir_VERB	ruWoyap_NOUN	شوفة	شوفة	sh oo f a	READY	
45359	1277	OpenClass	seeing	voir	رُؤْيَة	RIY		see_VERB	voir_VERB	ruWoyap_NOUN	طلة	طلة	t. a l. l. a	READY	
45399	1278	OpenClass	boarding	embarquement	رُكُوب	JED		board_VERB	embarquement_NOUN	rukuwb_NOUN	ركوب	ركوب	r u k uu b	READY	
45403	1278	OpenClass	boarding	embarquement	رُكُوب	RIY		board_VERB	embarquement_NOUN	rukuwb_NOUN	ركوب	ركوب	r u k uu b	READY	
45416	1278	OpenClass	boarding	embarquement	رُكُوب	JED		board_VERB	embarquement_NOUN	rukuwb_NOUN	صعود	صعود	s. u 3 uu d.	READY	
45417	1278	OpenClass	boarding	embarquement	رُكُوب	RIY		board_VERB	embarquement_NOUN	rukuwb_NOUN	صعود	صعود	s. u 3 uu d.	READY	
45429	1279	OpenClass	sending	envoyer	إِرْسال	JED		send_VERB	envoyer_VERB	IirosAl_NOUN	ارسال	ارسال	2 i r s aa l	READY	
45434	1279	OpenClass	sending	envoyer	إِرْسال	RIY		send_VERB	envoyer_VERB	IirosAl_NOUN	ارسال	ارسال	2 i r s aa l	READY	
45480	1280	MixedClass	of course	bien sûr	طَبْعاً	JED		of_ADP course_NOUN	bien_ADV sûr_NOUN	TaboE_NOUN	اكيد	اكيد	2 a k ii d	READY	
45482	1280	MixedClass	of course	bien sûr	طَبْعاً	RIY		of_ADP course_NOUN	bien_ADV sûr_NOUN	TaboE_NOUN	اكيد	اكيد	2 a k ii d	READY	
45504	1280	MixedClass	of course	bien sûr	طَبْعاً	JED		of_ADP course_NOUN	bien_ADV sûr_NOUN	TaboE_NOUN	طبعا	طبعا	t. a b 3 a n	READY	
45507	1280	MixedClass	of course	bien sûr	طَبْعاً	RIY		of_ADP course_NOUN	bien_ADV sûr_NOUN	TaboE_NOUN	طبعا	طبعا	t. a b 3 a n	READY	
45535	1281	MixedClass	any	ne importer lequel	أَيّ	JED		any_DET	ne_ADV importer_VERB lequel_PRON	OayX_DET	اي	اي	2 a y y	READY	
45539	1281	MixedClass	any	ne importer lequel	أَيّ	RIY		any_DET	ne_ADV importer_VERB lequel_PRON	OayX_DET	اي	اي	2 a y y	READY	
45570	1282	OpenClass	nice	gentil	لَطِيف	JED		nice_ADJ	gentil_ADJ	laTiyf_PROPN	حلو	حلو	7 i l u	READY	
45573	1282	OpenClass	nice	gentil	لَطِيف	RIY		nice_ADJ	gentil_ADJ	laTiyf_PROPN	حلو	حلو	7 i l u	READY	
45591	1282	OpenClass	nice	gentil	لَطِيف	JED		nice_ADJ	gentil_ADJ	laTiyf_PROPN	طيب	طيب	t. a y y i b	READY	
45592	1282	OpenClass	nice	gentil	لَطِيف	RIY		nice_ADJ	gentil_ADJ	laTiyf_PROPN	طيب	طيب	t. a y y i b	READY	
45602	1282	OpenClass	nice	gentil	لَطِيف	JED		nice_ADJ	gentil_ADJ	laTiyf_PROPN	كويس	كويس	k w a y y i s	READY	
45604	1282	OpenClass	nice	gentil	لَطِيف	RIY		nice_ADJ	gentil_ADJ	laTiyf_PROPN	كويس	كويس	k w a y y i s	READY	
45622	1282	OpenClass	nice	gentil	لَطِيف	JED		nice_ADJ	gentil_ADJ	laTiyf_PROPN	لطيف	لطيف	l. a t. ii f	READY	
45623	1282	OpenClass	nice	gentil	لَطِيف	RIY		nice_ADJ	gentil_ADJ	laTiyf_PROPN	لطيف	لطيف	l. a t. ii f	READY	
45651	1283	MixedClass	same	le même	نَفْس	JED		same_ADJ	le_DET même_ADJ	nafos_NOUN	زي	زي	z a y y	READY	
45673	1283	MixedClass	same	le même	نَفْس	RIY		same_ADJ	le_DET même_ADJ	nafos_NOUN	مثل	مثل	m i th l	READY	
45689	1283	MixedClass	same	le même	نَفْس	JED		same_ADJ	le_DET même_ADJ	nafos_NOUN	نفس	نفس	n a f s	READY	
45694	1283	MixedClass	same	le même	نَفْس	RIY		same_ADJ	le_DET même_ADJ	nafos_NOUN	نفس	نفس	n a f s	READY	
45714	1284	OpenClass	later	plus tard	لاحِقاً	JED		later_ADV	plus_ADV tard_ADV	lAHiq_ADJ	بعدين	بعدين	b a 3 d ee n	READY	
45717	1284	OpenClass	later	plus tard	لاحِقاً	RIY		later_ADV	plus_ADV tard_ADV	lAHiq_ADJ	بعدين	بعدين	b a 3 d ee n	READY	
45764	1285	OpenClass	suitcase	valise	حَقِيبَة سَفَر	JED		suitcase_NOUN	valise_NOUN	Haqiybap_NOUN safar_NOUN	شنطة	شنطة	sh a n t. a	CHECK	Foreign
45767	1285	OpenClass	suitcase	valise	حَقِيبَة سَفَر	RIY		suitcase_NOUN	valise_NOUN	Haqiybap_NOUN safar_NOUN	شنطة	شنطة	sh a n t. a	CHECK	Foreign
45771	1285	OpenClass	suitcase	valise	حَقِيبَة سَفَر	JED		suitcase_NOUN	valise_NOUN	Haqiybap_NOUN safar_NOUN	شنطة سفر	شنطة سفر	sh a n t. a t # s a f a r	CHECK	Foreign
45772	1285	OpenClass	suitcase	valise	حَقِيبَة سَفَر	RIY		suitcase_NOUN	valise_NOUN	Haqiybap_NOUN safar_NOUN	شنطة سفر	شنطة سفر	sh a n t. a t # s a f a r	CHECK	Foreign
45792	1286	OpenClass	far	loin	بَعِيد	JED		far_ADV	loin_ADV	baEiyd_ADJ	بعيد	بعيد	b a 3 ii d	READY	
45804	1286	OpenClass	far	loin	بَعِيد	RIY		far_ADV	loin_ADV	baEiyd_ADJ	بعيد	بعيد	b i 3 ii d	READY	
45809	1287	OpenClass	sleep	dormir	نام	JED		sleep_VERB	dormir_VERB	nAm_VERB	اتسدح	اتسدح	2 i t s a d d a 7	READY	
45811	1287	OpenClass	sleep	dormir	نام	JED		sleep_VERB	dormir_VERB	nAm_VERB	انخمد	انخمد	2 i n kh a m a d	READY	
45812	1287	OpenClass	sleep	dormir	نام	RIY		sleep_VERB	dormir_VERB	nAm_VERB	انخمد	انخمد	2 i n kh a m a d	READY	
45816	1287	OpenClass	sleep	dormir	نام	JED		sleep_VERB	dormir_VERB	nAm_VERB	انسدح	انسدح	2 i n s a d a 7	READY	
45822	1287	OpenClass	sleep	dormir	نام	JED		sleep_VERB	dormir_VERB	nAm_VERB	رقد	رقد	r a g a d	READY	
45849	1287	OpenClass	sleep	dormir	نام	JED		sleep_VERB	dormir_VERB	nAm_VERB	نام	نام	n aa m	READY	
45854	1287	OpenClass	sleep	dormir	نام	RIY		sleep_VERB	dormir_VERB	nAm_VERB	نام	نام	n aa m	READY	
45871	1288	OpenClass	sleep	sommeil	نَوْم	JED		sleep_NOUN	sommeil_NOUN	nawom_NOUN	رقدة	رقدة	r a g d a	READY	
45877	1288	OpenClass	sleep	sommeil	نَوْم	JED		sleep_NOUN	sommeil_NOUN	nawom_NOUN	قيلولة	قيلولة	g ee l uu l a	READY	
45878	1288	OpenClass	sleep	sommeil	نَوْم	JED		sleep_NOUN	sommeil_NOUN	nawom_NOUN	قيلولة	قيلولة	q a y l uu l a	READY	
45898	1288	OpenClass	sleep	sommeil	نَوْم	JED		sleep_NOUN	sommeil_NOUN	nawom_NOUN	نوم	نوم	n oo m	READY	
45902	1288	OpenClass	sleep	sommeil	نَوْم	RIY		sleep_NOUN	sommeil_NOUN	nawom_NOUN	نوم	نوم	n oo m	READY	
45926	1289	OpenClass	blue	bleu	أَزْرَق	JED		blue_ADJ	bleu_ADJ	Oazoraq_NOUN	ازرق	ازرق	2 a z r a g	READY	
45928	1289	OpenClass	blue	bleu	أَزْرَق	RIY		blue_ADJ	bleu_ADJ	Oazoraq_NOUN	ازرق	ازرق	2 a z r a g	READY	
45963	1290	OpenClass	smallest , smaller	plus petit	أَصْغَر	JED		smallest_ADJ , smaller_ADJ	plus_ADV petit_ADJ	OaSogar_ADJ	اصغر	اصغر	2 a s. gh a r	READY	
45966	1290	OpenClass	smallest , smaller	plus petit	أَصْغَر	RIY		smallest_ADJ , smaller_ADJ	plus_ADV petit_ADJ	OaSogar_ADJ	اصغر	اصغر	2 a s. gh a r	READY	
45977	1291	MixedClass	down	vers le bas	إِلَى ال+ أَسْفَل	JED		down_ADV	vers_ADP le_DET bas_NOUN	IilaY_ADP Al+_DET Oasofal_ADJ	تحت	تحت	t a 7 t	READY	
45978	1291	MixedClass	down	vers le bas	إِلَى ال+ أَسْفَل	RIY		down_ADV	vers_ADP le_DET bas_NOUN	IilaY_ADP Al+_DET Oasofal_ADJ	تحت	تحت	t a 7 t	READY	
46014	1292	MixedClass	anything	ne importe quoi	أَيّ شَيْء	JED		anything_NOUN	ne_ADV importe_VERB quoi_PRON	OayX_DET cayoC_NOUN	اي حاجة	اي حاجة	2 a y y # 7 aa j a	READY	
46022	1292	MixedClass	anything	ne importe quoi	أَيّ شَيْء	JED		anything_NOUN	ne_ADV importe_VERB quoi_PRON	OayX_DET cayoC_NOUN	اي شي	اي شي	2 a y y # sh a y y	READY	
46023	1292	MixedClass	anything	ne importe quoi	أَيّ شَيْء	RIY		anything_NOUN	ne_ADV importe_VERB quoi_PRON	OayX_DET cayoC_NOUN	اي شي	اي شي	2 a y y # sh a y y	READY	
46066	1293	OpenClass	wrong	faux	خاطِئ	JED		wrong_ADJ	faux_ADJ	xATiQ_ADJ	غلط	غلط	gh a l a t.	READY	
46070	1293	OpenClass	wrong	faux	خاطِئ	RIY		wrong_ADJ	faux_ADJ	xATiQ_ADJ	غلط	غلط	gh a l a t.	READY	
46083	1293	OpenClass	wrong	faux	خاطِئ	JED		wrong_ADJ	faux_ADJ	xATiQ_ADJ	غلطان	غلطان	gh a l. t. aa n	READY	
46084	1293	OpenClass	wrong	faux	خاطِئ	RIY		wrong_ADJ	faux_ADJ	xATiQ_ADJ	غلطان	غلطان	gh a l. t. aa n	READY	
46086	1293	OpenClass	wrong	faux	خاطِئ	RIY		wrong_ADJ	faux_ADJ	xATiQ_ADJ	مخطي	مخطي	m u kh t. i	READY	
46089	1293	OpenClass	wrong	faux	خاطِئ	RIY		wrong_ADJ	faux_ADJ	xATiQ_ADJ	مغلوط	مغلوط	m a gh l. uu t.	READY	
46106	1294	OpenClass	miss	mademoiselle	آنِسَة	JED		miss_PROPN	mademoiselle_PROPN	Mnisap_NOUN	آنسة	آنسة	2 aa n s a	READY	
46107	1294	OpenClass	miss	mademoiselle	آنِسَة	RIY		miss_PROPN	mademoiselle_PROPN	Mnisap_NOUN	آنسة	آنسة	2 aa n s a	READY	
46122	1294	OpenClass	miss	mademoiselle	آنِسَة	JED		miss_PROPN	mademoiselle_PROPN	Mnisap_NOUN	الاخت	ال+ اخت	2 a l 2 u kh t	READY	
46123	1294	OpenClass	miss	mademoiselle	آنِسَة	RIY		miss_PROPN	mademoiselle_PROPN	Mnisap_NOUN	الاخت	ال+ اخت	2 a l 2 u kh t	READY	
46135	1294	OpenClass	miss	mademoiselle	آنِسَة	JED		miss_PROPN	mademoiselle_PROPN	Mnisap_NOUN	مادام	مادام	m a d aa m	CHECK	Foreign
46136	1294	OpenClass	miss	mademoiselle	آنِسَة	RIY		miss_PROPN	mademoiselle_PROPN	Mnisap_NOUN	مادام	مادام	m a d aa m	CHECK	Foreign
46153	1295	MixedClass	park	se garer	رَكَن	JED		park_VERB	se_PRON garer_VERB	rakan_VERB	برك	برك	b a r r a k	READY	
46154	1295	MixedClass	park	se garer	رَكَن	RIY		park_VERB	se_PRON garer_VERB	rakan_VERB	برك	برك	b a r r a k	READY	
46165	1295	MixedClass	park	se garer	رَكَن	JED		park_VERB	se_PRON garer_VERB	rakan_VERB	ركن	ركن	r a k a n	READY	
46168	1295	MixedClass	park	se garer	رَكَن	RIY		park_VERB	se_PRON garer_VERB	rakan_VERB	ركن	ركن	r a k a n	READY	
46188	1295	MixedClass	park	se garer	رَكَن	JED		park_VERB	se_PRON garer_VERB	rakan_VERB	وقف	وقف	w a g g a f	READY	
46190	1295	MixedClass	park	se garer	رَكَن	RIY		park_VERB	se_PRON garer_VERB	rakan_VERB	وقف	وقف	w a g g a f	READY	
46208	1296	OpenClass	select , pick	choisir	ٱِخْتار	JED		select_VERB , pick_VERB	choisir_VERB	LixotAr_VERB	اختار	اختار	2 i kh t aa r	READY	
46212	1296	OpenClass	select , pick	choisir	ٱِخْتار	RIY		select_VERB , pick_VERB	choisir_VERB	LixotAr_VERB	اختار	اختار	2 i kh t aa r	READY	
46233	1296	OpenClass	select , pick	choisir	ٱِخْتار	JED		select_VERB , pick_VERB	choisir_VERB	LixotAr_VERB	نقى	نقى	n a g g a	READY	
46239	1297	MixedClass	more ... than	plus ... que	أَكْثَر ... مِن	JED		more_ADJ ... than_ADP	plus_ADV ... que_CCONJ	Oakovar_ADJ ... min_ADP	اكثر	اكثر	2 a k t a r	READY	
46243	1297	MixedClass	more ... than	plus ... que	أَكْثَر ... مِن	RIY		more_ADJ ... than_ADP	plus_ADV ... que_CCONJ	Oakovar_ADJ ... min_ADP	اكثر	اكثر	2 a k th a r	READY	
46276	1298	OpenClass	popular	populaire	مَحْبُوب	JED		popular_ADJ	populaire_ADJ	maHobuwb_NOUN	شعبي	شعبي	sh a 3 b i	READY	
46278	1298	OpenClass	popular	populaire	مَحْبُوب	RIY		popular_ADJ	populaire_ADJ	maHobuwb_NOUN	شعبي	شعبي	sh a 3 b i	READY	
46310	1298	OpenClass	popular	populaire	مَحْبُوب	JED		popular_ADJ	populaire_ADJ	maHobuwb_NOUN	مشهور	مشهور	m a sh h uu r	READY	
46313	1298	OpenClass	popular	populaire	مَحْبُوب	RIY		popular_ADJ	populaire_ADJ	maHobuwb_NOUN	مشهور	مشهور	m a sh h uu r	READY	
46320	1298	OpenClass	popular	populaire	مَحْبُوب	JED		popular_ADJ	populaire_ADJ	maHobuwb_NOUN	معروف	معروف	m a 3 r uu f	READY	
46321	1298	OpenClass	popular	populaire	مَحْبُوب	RIY		popular_ADJ	populaire_ADJ	maHobuwb_NOUN	معروف	معروف	m a 3 r uu f	READY	
46344	1299	OpenClass	late	tard	مُتَأَخِّر	JED		late_ADV	tard_ADJ	mutaOaxXir_ADJ	متأخر	متأخر	m i t 2 a kh kh i r	READY	
46346	1299	OpenClass	late	tard	مُتَأَخِّر	RIY		late_ADV	tard_ADJ	mutaOaxXir_ADJ	متأخر	متأخر	m i t 2 a kh kh i r	READY	
46348	1299	OpenClass	late	tard	مُتَأَخِّر	JED		late_ADV	tard_ADJ	mutaOaxXir_ADJ	متأخر	متأخر	m u t 2 a kh kh i r	READY	
46376	1300	MixedClass	run out , end	se epuiser	نَفِد	JED		run_VERB out_ADV , end_VERB	se_PRON epuiser_VERB	nafid_VERB	خلص	خلص	kh a l. l. a s.	READY	
46377	1300	MixedClass	run out , end	se epuiser	نَفِد	RIY		run_VERB out_ADV , end_VERB	se_PRON epuiser_VERB	nafid_VERB	خلص	خلص	kh a l. l. a s.	READY	
46409	1301	OpenClass	end	terminer	ٱِنْتَهَى	JED		end_VERB	terminer_VERB	LinotahaY_VERB	انتهى	انتهى	2 i n t a h a	READY	
46413	1301	OpenClass	end	terminer	ٱِنْتَهَى	RIY		end_VERB	terminer_VERB	LinotahaY_VERB	انتهى	انتهى	2 i n t a h a	READY	
46421	1301	OpenClass	end	terminer	ٱِنْتَهَى	JED		end_VERB	terminer_VERB	LinotahaY_VERB	ختم	ختم	kh a t a m	READY	
46423	1301	OpenClass	end	terminer	ٱِنْتَهَى	RIY		end_VERB	terminer_VERB	LinotahaY_VERB	ختم	ختم	kh a t a m	READY	
46442	1301	OpenClass	end	terminer	ٱِنْتَهَى	JED		end_VERB	terminer_VERB	LinotahaY_VERB	خلص	خلص	kh a l. l. a s.	READY	
46444	1301	OpenClass	end	terminer	ٱِنْتَهَى	RIY		end_VERB	terminer_VERB	LinotahaY_VERB	خلص	خلص	kh a l. l. a s.	READY	
46472	1302	OpenClass	bad	mauvais	سَيِّء	JED		bad_ADJ	mauvais_ADJ	sayXiC_ADJ	بطال	بطال	b a t. t. aa l.	READY	
46476	1302	OpenClass	bad	mauvais	سَيِّء	JED		bad_ADJ	mauvais_ADJ	sayXiC_ADJ	خايب	خايب	kh aa y i b	READY	
46477	1302	OpenClass	bad	mauvais	سَيِّء	RIY		bad_ADJ	mauvais_ADJ	sayXiC_ADJ	خايب	خايب	kh aa y i b	READY	
46481	1302	OpenClass	bad	mauvais	سَيِّء	JED		bad_ADJ	mauvais_ADJ	sayXiC_ADJ	خربان	خربان	kh a r b aa n	READY	
46482	1302	OpenClass	bad	mauvais	سَيِّء	RIY		bad_ADJ	mauvais_ADJ	sayXiC_ADJ	خربان	خربان	kh a r b aa n	READY	
46483	1302	OpenClass	bad	mauvais	سَيِّء	JED		bad_ADJ	mauvais_ADJ	sayXiC_ADJ	خرى	خرى	kh a r a	READY	
46484	1302	OpenClass	bad	mauvais	سَيِّء	RIY		bad_ADJ	mauvais_ADJ	sayXiC_ADJ	خرى	خرى	kh a r a	READY	
46498	1302	OpenClass	bad	mauvais	سَيِّء	JED		bad_ADJ	mauvais_ADJ	sayXiC_ADJ	زفت	زفت	z i f t	READY	
46499	1302	OpenClass	bad	mauvais	سَيِّء	RIY		bad_ADJ	mauvais_ADJ	sayXiC_ADJ	زفت	زفت	z i f t	READY	
46509	1302	OpenClass	bad	mauvais	سَيِّء	JED		bad_ADJ	mauvais_ADJ	sayXiC_ADJ	سيئ	سيئ	s a y y i 2	READY	
46512	1302	OpenClass	bad	mauvais	سَيِّء	RIY		bad_ADJ	mauvais_ADJ	sayXiC_ADJ	سيئ	سيئ	s a y y i 2	READY	
46523	1302	OpenClass	bad	mauvais	سَيِّء	JED		bad_ADJ	mauvais_ADJ	sayXiC_ADJ	فاسد	فاسد	f aa s i d	READY	
46525	1302	OpenClass	bad	mauvais	سَيِّء	RIY		bad_ADJ	mauvais_ADJ	sayXiC_ADJ	فاسد	فاسد	f aa s i d	READY	
46544	1302	OpenClass	bad	mauvais	سَيِّء	JED		bad_ADJ	mauvais_ADJ	sayXiC_ADJ	معفن	معفن	m i 3 a f f i n	READY	
46545	1302	OpenClass	bad	mauvais	سَيِّء	RIY		bad_ADJ	mauvais_ADJ	sayXiC_ADJ	معفن	معفن	m i 3 a f f i n	READY	
46554	1302	OpenClass	bad	mauvais	سَيِّء	JED		bad_ADJ	mauvais_ADJ	sayXiC_ADJ	مو كويس	مو كويس	m uu # k w a y y i s	READY	
46557	1302	OpenClass	bad	mauvais	سَيِّء	RIY		bad_ADJ	mauvais_ADJ	sayXiC_ADJ	موب كويس	موب كويس	m uu b # k w a y y i s	READY	
46572	1303	MixedClass	certainly	certainement	بِ+ ال+ تَأْكِيد	JED		certainly_ADV	certainement_ADV	bi+_ADP Al+_DET taOokiyd_NOUN	اكيد	اكيد	2 a k ii d	READY	
46577	1303	MixedClass	certainly	certainement	بِ+ ال+ تَأْكِيد	RIY		certainly_ADV	certainement_ADV	bi+_ADP Al+_DET taOokiyd_NOUN	اكيد	اكيد	2 a k ii d	READY	
46608	1303	MixedClass	certainly	certainement	بِ+ ال+ تَأْكِيد	JED		certainly_ADV	certainement_ADV	bi+_ADP Al+_DET taOokiyd_NOUN	طبعا	طبعا	t. a b 3 a n	READY	
46612	1303	MixedClass	certainly	certainement	بِ+ ال+ تَأْكِيد	RIY		certainly_ADV	certainement_ADV	bi+_ADP Al+_DET taOokiyd_NOUN	طبعا	طبعا	t. a b 3 a n	READY	
46651	1304	OpenClass	together	ensemble	سَوِيّاً	JED		together_ADV	ensemble_ADV	sawiyX_ADJ	كلنا	كلنا	k u l l a n a	READY	
46652	1304	OpenClass	together	ensemble	سَوِيّاً	RIY		together_ADV	ensemble_ADV	sawiyX_ADJ	كلنا	كلنا	k u l l a n a	READY	
46668	1304	OpenClass	together	ensemble	سَوِيّاً	JED		together_ADV	ensemble_ADV	sawiyX_ADJ	مع بعض	مع بعض	m a 3 a # b a 3 d.	READY	
46670	1304	OpenClass	together	ensemble	سَوِيّاً	RIY		together_ADV	ensemble_ADV	sawiyX_ADJ	مع بعض	مع بعض	m a 3 a # b a 3 dh.	READY	
46683	1305	OpenClass	carry	porter	حَمَل	JED		carry_VERB	porter_VERB	Hamal_VERB	حمل	حمل	7 a m a l	READY	
46685	1305	OpenClass	carry	porter	حَمَل	RIY		carry_VERB	porter_VERB	Hamal_VERB	حمل	حمل	7 a m a l	READY	
46711	1305	OpenClass	carry	porter	حَمَل	JED		carry_VERB	porter_VERB	Hamal_VERB	شال	شال	sh aa l	READY	
46715	1305	OpenClass	carry	porter	حَمَل	RIY		carry_VERB	porter_VERB	Hamal_VERB	شال	شال	sh aa l	READY	
46764	1306	OpenClass	enough	suffire	كَفَى	JED		enough_ADV	suffire_VERB	kafaY_VERB	بس	بس	b a s s	READY	
46768	1306	OpenClass	enough	suffire	كَفَى	RIY		enough_ADV	suffire_VERB	kafaY_VERB	بس	بس	b a s s	READY	
46775	1306	OpenClass	enough	suffire	كَفَى	JED		enough_ADV	suffire_VERB	kafaY_VERB	خلاص	خلاص	kh a l. aa s.	READY	
46776	1306	OpenClass	enough	suffire	كَفَى	RIY		enough_ADV	suffire_VERB	kafaY_VERB	خلاص	خلاص	kh a l. aa s.	READY	
46799	1306	OpenClass	enough	suffire	كَفَى	JED		enough_ADV	suffire_VERB	kafaY_VERB	كفاية	كفاية	k i f aa y a	READY	
46802	1306	OpenClass	enough	suffire	كَفَى	RIY		enough_ADV	suffire_VERB	kafaY_VERB	كفاية	كفاية	k i f aa y a	READY	
46814	1307	MixedClass	take care	prendre soin de	ٱِعْتَنَى	JED		take_VERB care_NOUN	prendre_VERB soin_NOUN de_ADP	LiEotanaY_VERB	اخذ باله	اخذ بال +ه	2 a kh a d # b aa l u	READY	
46819	1307	MixedClass	take care	prendre soin de	ٱِعْتَنَى	JED		take_VERB care_NOUN	prendre_VERB soin_NOUN de_ADP	LiEotanaY_VERB	اعتنى	اعتنى	2 i 3 t a n a	READY	
46821	1307	MixedClass	take care	prendre soin de	ٱِعْتَنَى	RIY		take_VERB care_NOUN	prendre_VERB soin_NOUN de_ADP	LiEotanaY_VERB	اعتنى	اعتنى	2 i 3 t a n a	READY	
46827	1307	MixedClass	take care	prendre soin de	ٱِعْتَنَى	JED		take_VERB care_NOUN	prendre_VERB soin_NOUN de_ADP	LiEotanaY_VERB	انتبه	انتبه	2 i n t a b a h	READY	
46828	1307	MixedClass	take care	prendre soin de	ٱِعْتَنَى	RIY		take_VERB care_NOUN	prendre_VERB soin_NOUN de_ADP	LiEotanaY_VERB	انتبه	انتبه	2 i n t a b a h	READY	
46838	1307	MixedClass	take care	prendre soin de	ٱِعْتَنَى	JED		take_VERB care_NOUN	prendre_VERB soin_NOUN de_ADP	LiEotanaY_VERB	اهتم	اهتم	2 i h t a m m	READY	
46840	1307	MixedClass	take care	prendre soin de	ٱِعْتَنَى	RIY		take_VERB care_NOUN	prendre_VERB soin_NOUN de_ADP	LiEotanaY_VERB	اهتم	اهتم	2 i h t a m m	READY	
46850	1307	MixedClass	take care	prendre soin de	ٱِعْتَنَى	RIY		take_VERB care_NOUN	prendre_VERB soin_NOUN de_ADP	LiEotanaY_VERB	حرص	حرص	7 a r a s.	READY	
46851	1307	MixedClass	take care	prendre soin de	ٱِعْتَنَى	JED		take_VERB care_NOUN	prendre_VERB soin_NOUN de_ADP	LiEotanaY_VERB	حرص	حرص	7 i r i s.	READY	
46856	1307	MixedClass	take care	prendre soin de	ٱِعْتَنَى	JED		take_VERB care_NOUN	prendre_VERB soin_NOUN de_ADP	LiEotanaY_VERB	خلى باله	خلى بال +ه	kh a l l a # b aa l u	READY	
46892	1308	MixedClass	taxi stand	station de taxi	مَوْقِف أُجْرَة	JED		taxi_NOUN stand_NOUN	station_NOUN de_ADP taxi_NOUN	mawoqif_NOUN Oujorap_NOUN	محطة تكسي	محطة تكسي	m a 7 a t. t. a t. # t a k s i	CHECK	Foreign
46893	1308	MixedClass	taxi stand	station de taxi	مَوْقِف أُجْرَة	RIY		taxi_NOUN stand_NOUN	station_NOUN de_ADP taxi_NOUN	mawoqif_NOUN Oujorap_NOUN	محطة تكسي	محطة تكسي	m a 7 a t. t. a t. # t a k s i	CHECK	Foreign
46908	1308	MixedClass	taxi stand	station de taxi	مَوْقِف أُجْرَة	JED		taxi_NOUN stand_NOUN	station_NOUN de_ADP taxi_NOUN	mawoqif_NOUN Oujorap_NOUN	موقف تكسي	موقف تكسي	m a w g i f # t a k s i	CHECK	Foreign
46910	1308	MixedClass	taxi stand	station de taxi	مَوْقِف أُجْرَة	RIY		taxi_NOUN stand_NOUN	station_NOUN de_ADP taxi_NOUN	mawoqif_NOUN Oujorap_NOUN	موقف تكسي	موقف تكسي	m a w g i f # t a k s i	CHECK	Foreign
46927	1310	OpenClass	high	haut , élevé	مُرْتَفِع	JED		high_ADJ	haut_ADJ , élevé_ADJ	murotafiE_ADJ	عالي	عالي	3 aa l i	READY	
46933	1310	OpenClass	high	haut , élevé	مُرْتَفِع	RIY		high_ADJ	haut_ADJ , élevé_ADJ	murotafiE_ADJ	عالي	عالي	3 aa l i	READY	
46944	1310	OpenClass	high	haut , élevé	مُرْتَفِع	JED		high_ADJ	haut_ADJ , élevé_ADJ	murotafiE_ADJ	مرتفع	مرتفع	m u r t a f i 3	READY	
46946	1310	OpenClass	high	haut , élevé	مُرْتَفِع	RIY		high_ADJ	haut_ADJ , élevé_ADJ	murotafiE_ADJ	مرتفع	مرتفع	m u r t a f i 3	READY	
46966	1311	OpenClass	already	déjà	فِعْلاً	JED		already_ADV	déjà_ADV	fiEol_NOUN	خلاص	خلاص	kh a l. aa s.	READY	
46967	1311	OpenClass	already	déjà	فِعْلاً	RIY		already_ADV	déjà_ADV	fiEol_NOUN	خلاص	خلاص	kh a l. aa s.	READY	
46984	1311	OpenClass	already	déjà	فِعْلاً	JED		already_ADV	déjà_ADV	fiEol_NOUN	قيد	قيد	g ii d	READY	
47001	1312	OpenClass	never	jamais	أَبَداً	RIY		never_ADV	jamais_ADV	Oabad_NOUN	ابد	ابد	2 a b a d	READY	
47009	1312	OpenClass	never	jamais	أَبَداً	JED		never_ADV	jamais_ADV	Oabad_NOUN	ابدا	ابدا	2 a b a d a n	READY	
47014	1312	OpenClass	never	jamais	أَبَداً	RIY		never_ADV	jamais_ADV	Oabad_NOUN	ابدا	ابدا	2 a b a d a n	READY	
47021	1312	OpenClass	never	jamais	أَبَداً	JED		never_ADV	jamais_ADV	Oabad_NOUN	اطلاقآ	اطلاقآ	2 i t. l. aa q a n	CHECK	
47022	1312	OpenClass	never	jamais	أَبَداً	RIY		never_ADV	jamais_ADV	Oabad_NOUN	اطلاقآ	اطلاقآ	2 i t. l. aa q a n	CHECK	
47046	1312	OpenClass	never	jamais	أَبَداً	JED		never_ADV	jamais_ADV	Oabad_NOUN	نهائي	نهائي	n i h aa 2 i	READY	
47047	1312	OpenClass	never	jamais	أَبَداً	RIY		never_ADV	jamais_ADV	Oabad_NOUN	نهائي	نهائي	n i h aa 2 i	READY	
47067	1313	OpenClass	pickpocket	pickpocket	نَشّال	JED		pickpocket_NOUN	pickpocket_NOUN	nacXAl_NOUN	حرامي	حرامي	7 a r aa m i	READY	
47091	1313	OpenClass	pickpocket	pickpocket	نَشّال	JED		pickpocket_NOUN	pickpocket_NOUN	nacXAl_NOUN	نشال	نشال	n a sh sh aa l	READY	
47096	1313	OpenClass	pickpocket	pickpocket	نَشّال	RIY		pickpocket_NOUN	pickpocket_NOUN	nacXAl_NOUN	نشال	نشال	n a sh sh aa l	READY	
47127	1314	OpenClass	walk	marcher	مَشَى	RIY		walk_VERB	marcher_VERB	macaY_VERB	مشى	مشى	m a sh a	READY	
47143	1314	OpenClass	walk	marcher	مَشَى	JED		walk_VERB	marcher_VERB	macaY_VERB	مشي	مشي	m i sh i	READY	
47161	1315	MixedClass	let 's go	allons-y	هَيّا بِ +نا	JED		let_VERB 's_PRON go_VERB	aller_VERB y_PRON	hayXA_VERB bi_ADP +nA_PRON	هيا	هيا	h a y y a	READY	
47163	1315	MixedClass	let 's go	allons-y	هَيّا بِ +نا	RIY		let_VERB 's_PRON go_VERB	aller_VERB y_PRON	hayXA_VERB bi_ADP +nA_PRON	هيا	هيا	h a y y a	READY	
47175	1315	MixedClass	let 's go	allons-y	هَيّا بِ +نا	JED		let_VERB 's_PRON go_VERB	aller_VERB y_PRON	hayXA_VERB bi_ADP +nA_PRON	يالله	يالله	y a l. l. a	READY	
47179	1315	MixedClass	let 's go	allons-y	هَيّا بِ +نا	RIY		let_VERB 's_PRON go_VERB	aller_VERB y_PRON	hayXA_VERB bi_ADP +nA_PRON	يالله	يالله	y a l. l. a	READY	
47199	1316	OpenClass	note	billet	فِئَة	JED	فئة خمسة قروش	note_NOUN	billet_NOUN	fiQap_NOUN	خمسات	خمسات	kh a m s aa t	CHECK	
47200	1316	OpenClass	note	billet	فِئَة	RIY	فئة خمسة قروش	note_NOUN	billet_NOUN	fiQap_NOUN	خمسات	خمسات	kh a m s aa t	CHECK	
47226	1317	OpenClass	welcome	bienvenu	مَرْحَباً ، أَهْلاً	JED		welcome_VERB	bienvenir_VERB	maroHab_NOUN , Oahol_NOUN	السلام عليكم	ال+ سلام على +كم	2 a s s a l aa m u # 3 a l ee k u m	READY	
47227	1317	OpenClass	welcome	bienvenu	مَرْحَباً ، أَهْلاً	RIY		welcome_VERB	bienvenir_VERB	maroHab_NOUN , Oahol_NOUN	السلام عليكم	ال+ سلام على +كم	2 a s s a l aa m u # 3 a l ee k u m	READY	
47241	1317	OpenClass	welcome	bienvenu	مَرْحَباً ، أَهْلاً	JED		welcome_VERB	bienvenir_VERB	maroHab_NOUN , Oahol_NOUN	اهلا	اهلا	2 a h l a n	READY	
47245	1317	OpenClass	welcome	bienvenu	مَرْحَباً ، أَهْلاً	RIY		welcome_VERB	bienvenir_VERB	maroHab_NOUN , Oahol_NOUN	اهلا	اهلا	2 a h l a n	READY	
47254	1317	OpenClass	welcome	bienvenu	مَرْحَباً ، أَهْلاً	JED		welcome_VERB	bienvenir_VERB	maroHab_NOUN , Oahol_NOUN	اهلا وسهلا	اهلا و+ سهلا	2 a h l a # w a s a h l a	READY	
47288	1317	OpenClass	welcome	bienvenu	مَرْحَباً ، أَهْلاً	JED		welcome_VERB	bienvenir_VERB	maroHab_NOUN , Oahol_NOUN	مرحبا	مرحبا	m a r 7 a b a	READY	
47291	1317	OpenClass	welcome	bienvenu	مَرْحَباً ، أَهْلاً	RIY		welcome_VERB	bienvenir_VERB	maroHab_NOUN , Oahol_NOUN	مرحبا	مرحبا	m a r 7 a b a	READY	
47298	1317	OpenClass	welcome	bienvenu	مَرْحَباً ، أَهْلاً	JED		welcome_VERB	bienvenir_VERB	maroHab_NOUN , Oahol_NOUN	مرحبا بك	مرحبا ب +ك	m a r 7 a b aa # b a k	CHECK	
47302	1317	OpenClass	welcome	bienvenu	مَرْحَباً ، أَهْلاً	JED		welcome_VERB	bienvenir_VERB	maroHab_NOUN , Oahol_NOUN	هلا	هلا	h a l a	READY	
47304	1317	OpenClass	welcome	bienvenu	مَرْحَباً ، أَهْلاً	RIY		welcome_VERB	bienvenir_VERB	maroHab_NOUN , Oahol_NOUN	هلا	هلا	h a l a	READY	
47343	1318	MixedClass	you are welcome	je vous en pris	عَفْواً	JED		you_PRON be_VERB welcome_ADJ	je_PRON vous_PRON en_PRON prier_VERB	Eafow_NOUN	عفوا	عفوا	3 a f w a n	READY	
47348	1318	MixedClass	you are welcome	je vous en pris	عَفْواً	RIY		you_PRON be_VERB welcome_ADJ	je_PRON vous_PRON en_PRON prier_VERB	Eafow_NOUN	عفوا	عفوا	3 a f w a n	READY	
47370	1318	MixedClass	you are welcome	je vous en pris	عَفْواً	RIY		you_PRON be_VERB welcome_ADJ	je_PRON vous_PRON en_PRON prier_VERB	Eafow_NOUN	واياك	و+ اياك	w a y y aa k	CHECK	
47373	1319	MixedClass	here he is	voici	ها هُوَ	JED		here_ADV he_PRON be_VERB	voici_ADV	hA_DET huwa_PRON	اهو	اهو	2 a h o	CHECK	
47410	1319	MixedClass	here he is	voici	ها هُوَ	RIY		here_ADV he_PRON be_VERB	voici_ADV	hA_DET huwa_PRON	هنا هو	هنا هو	h i n aa # h uu	READY	
47424	1320	MixedClass	here she is	voici	ها هِيَ	JED		here_ADV she_PRON be_VERB	voici_ADV	hA_DET hiya_PRON	اهي	اهي	2 a h e	CHECK	
47461	1320	MixedClass	here she is	voici	ها هِيَ	RIY		here_ADV she_PRON be_VERB	voici_ADV	hA_DET hiya_PRON	هنا هي	هنا هي	h i n aa # h ii	READY	
47479	1321	OpenClass	believe	croire	آمَن	JED		believe_VERB	croire_VERB	Mman_VERB	آمن	آمن	2 aa m a n	READY	
47484	1321	OpenClass	believe	croire	آمَن	RIY		believe_VERB	croire_VERB	Mman_VERB	آمن	آمن	2 aa m a n	READY	
47503	1321	OpenClass	believe	croire	آمَن	JED		believe_VERB	croire_VERB	Mman_VERB	اعتقد	اعتقد	2 i 3 t a g a d	READY	
47504	1321	OpenClass	believe	croire	آمَن	RIY		believe_VERB	croire_VERB	Mman_VERB	اعتقد	اعتقد	2 i 3 t a g a d	READY	
47510	1321	OpenClass	believe	croire	آمَن	JED		believe_VERB	croire_VERB	Mman_VERB	اعتقد	اعتقد	2 i 3 t a q a d	READY	
47513	1321	OpenClass	believe	croire	آمَن	RIY		believe_VERB	croire_VERB	Mman_VERB	اعتقد	اعتقد	2 i 3 t a q a d	READY	
47537	1321	OpenClass	believe	croire	آمَن	JED		believe_VERB	croire_VERB	Mman_VERB	صدق	صدق	s. a d. d. a g	READY	
47538	1321	OpenClass	believe	croire	آمَن	RIY		believe_VERB	croire_VERB	Mman_VERB	صدق	صدق	s. a d. d. a g	READY	
47570	1322	OpenClass	think	penser	ظَنّ	RIY		think_VERB	penser_VERB	ZanX_VERB	حسب	حسب	7 a s a b	READY	
47576	1322	OpenClass	think	penser	ظَنّ	JED		think_VERB	penser_VERB	ZanX_VERB	حسب	حسب	7 i s i b	READY	
47608	1322	OpenClass	think	penser	ظَنّ	RIY		think_VERB	penser_VERB	ZanX_VERB	ظن	ظن	dh. a n n	READY	
47613	1322	OpenClass	think	penser	ظَنّ	JED		think_VERB	penser_VERB	ZanX_VERB	ظن	ظن	z. a n n	READY	
47626	1322	OpenClass	think	penser	ظَنّ	JED		think_VERB	penser_VERB	ZanX_VERB	فكر	فكر	f a k k a r	READY	
47629	1322	OpenClass	think	penser	ظَنّ	RIY		think_VERB	penser_VERB	ZanX_VERB	فكر	فكر	f a k k a r	READY	
47645	1323	OpenClass	think	réfléchir	فَكَّر	JED		think_VERB	réfléchir_VERB	fakXar_VERB	شاف	شاف	sh aa f	READY	
47647	1323	OpenClass	think	réfléchir	فَكَّر	RIY		think_VERB	réfléchir_VERB	fakXar_VERB	شاف	شاف	sh aa f	READY	
47665	1323	OpenClass	think	réfléchir	فَكَّر	JED		think_VERB	réfléchir_VERB	fakXar_VERB	فكر	فكر	f a k k a r	READY	
47670	1323	OpenClass	think	réfléchir	فَكَّر	RIY		think_VERB	réfléchir_VERB	fakXar_VERB	فكر	فكر	f a k k a r	READY	
47699	1324	OpenClass	near , close	proche	قَرِيب	JED		near_ADJ , close_ADJ	proche_ADJ	qariyb_ADJ	قريب	قريب	g a r ii b	READY	
47701	1324	OpenClass	near , close	proche	قَرِيب	RIY		near_ADJ , close_ADJ	proche_ADJ	qariyb_ADJ	قريب	قريب	g a r ii b	READY	
47707	1324	OpenClass	near , close	proche	قَرِيب	RIY		near_ADJ , close_ADJ	proche_ADJ	qariyb_ADJ	قريب	قريب	g r a y y i b	READY	
